number_yy,mm,dd,hh,mm_2,wdir,wspd,gst,wvht,dpd,apd,mwd,pres,atmp,wtmp,dewp,vis,tide
2025,01,01,00,10,300,5.1,99,99,99,99,999,1020.6,12.4,13.1,999,99,99
2025,01,01,01,10,310,5.1,99,99,99,99,999,1020.1,12.5,13.1,999,99,99
2025,01,01,02,10,350,2.6,99,99,99,99,999,1020.4,12.8,13.1,999,99,99
2025,01,01,03,10,330,3.6,99,99,99,99,999,1021.3,12.8,13,999,99,99
2025,01,01,04,10,300,7.2,99,99,99,99,999,1021.2,12.3,13,999,99,99
2025,01,01,05,10,320,4.6,99,99,99,99,999,1021.2,12,13,999,99,99
2025,01,01,06,10,340,3.1,99,99,99,99,999,1021.3,11.9,12.9,999,99,99
2025,01,01,07,10,360,3.6,99,99,99,99,999,1021.7,11.6,12.9,999,99,99
2025,01,01,08,10,50,1,99,99,99,99,999,1021.7,11.9,12.9,999,99,99
2025,01,01,09,10,50,4.6,99,99,99,99,999,1021.4,11.6,12.9,999,99,99
2025,01,01,10,10,40,4.6,99,99,99,99,999,1021.1,11.1,12.9,999,99,99
2025,01,01,11,10,20,5.7,99,99,99,99,999,1020.8,10.6,12.9,999,99,99
2025,01,01,12,10,20,5.1,99,99,99,99,999,1020.4,9.7,12.9,999,99,99
2025,01,01,13,10,20,4.6,99,99,99,99,999,1020.4,10.1,12.8,999,99,99
2025,01,01,14,10,330,3.6,99,99,99,99,999,1021.3,10.4,12.8,999,99,99
2025,01,01,15,10,20,3.1,99,99,99,99,999,1021.5,9.9,12.9,999,99,99
2025,01,01,16,10,40,4.1,99,99,99,99,999,1021.8,10.2,12.8,999,99,99
2025,01,01,17,10,30,4.6,99,99,99,99,999,1022.6,9.6,12.8,999,99,99
2025,01,01,18,10,30,5.1,99,99,99,99,999,1023,9.7,12.8,999,99,99
2025,01,01,19,10,10,3.6,99,99,99,99,999,1023,11,12.9,999,99,99
2025,01,01,20,10,20,2.6,99,99,99,99,999,1022,10.8,12.9,999,99,99
2025,01,01,21,00,340,1,99,99,99,99,999,1021.5,11.1,13,999,99,99
2025,01,01,22,00,290,3.1,99,99,99,99,999,1020.9,11.4,13,999,99,99
2025,01,01,23,00,290,3.6,99,99,99,99,999,1021,11.9,13,999,99,99
2025,01,02,00,00,300,4.6,99,99,99,99,999,1020.9,12.4,13,999,99,99
2025,01,02,01,00,280,6.2,99,99,99,99,999,1021,12.5,13,999,99,99
2025,01,02,02,00,0,0,99,99,99,99,999,1020.6,12.4,13,999,99,99
2025,01,02,03,00,310,4.1,99,99,99,99,999,1020.9,12.6,12.9,999,99,99
2025,01,02,04,00,340,2.1,99,99,99,99,999,1021.3,12.7,12.9,999,99,99
2025,01,02,05,00,40,2.6,99,99,99,99,999,1021.4,12.6,12.9,999,99,99
2025,01,02,06,00,40,2.6,99,99,99,99,999,1021.7,12.4,12.8,999,99,99
2025,01,02,07,00,30,3.1,99,99,99,99,999,1021.8,12.1,12.8,999,99,99
2025,01,02,08,00,20,4.6,99,99,99,99,999,1021.4,12.5,12.8,999,99,99
2025,01,02,09,10,30,5.7,99,99,99,99,999,1021.1,11.6,12.8,999,99,99
2025,01,02,10,10,10,5.1,99,99,99,99,999,1021.7,11.8,12.8,999,99,99
2025,01,02,11,10,10,6.2,99,99,99,99,999,1021.3,11.5,12.8,999,99,99
2025,01,02,12,10,10,4.6,99,99,99,99,999,1021,11.6,12.8,999,99,99
2025,01,02,13,10,20,4.6,99,99,99,99,999,1020.6,11.4,12.8,999,99,99
2025,01,02,14,10,40,7.2,99,99,99,99,999,1020.2,11.1,12.8,999,99,99
2025,01,02,15,10,30,6.7,99,99,99,99,999,1020.4,11.6,12.8,999,99,99
2025,01,02,16,10,20,5.7,99,99,99,99,999,1020.3,12.4,12.8,999,99,99
2025,01,02,17,10,20,5.7,99,99,99,99,999,1020.2,11.6,12.8,999,99,99
2025,01,02,18,10,20,5.7,99,99,99,99,999,1020.3,12.8,12.8,999,99,99
2025,01,02,19,10,30,6.7,99,99,99,99,999,1019.6,13.2,12.9,999,99,99
2025,01,02,20,10,10,5.1,99,99,99,99,999,1018.5,14.6,12.9,999,99,99
2025,01,02,21,00,30,4.1,99,99,99,99,999,1018,15,12.9,999,99,99
2025,01,02,22,00,10,2.1,99,99,99,99,999,1017.3,14.9,13,999,99,99
2025,01,02,23,00,280,2.1,99,99,99,99,999,1017,14.8,13.1,999,99,99
2025,01,03,00,00,270,4.6,99,99,99,99,999,1016.8,13.6,13.1,999,99,99
2025,01,03,01,00,290,5.1,99,99,99,99,999,1016.2,13.2,13,999,99,99
2025,01,03,02,00,300,2.6,99,99,99,99,999,1016.1,13.3,13,999,99,99
2025,01,03,03,00,320,3.1,99,99,99,99,999,1016,13.4,12.9,999,99,99
2025,01,03,04,00,0,0,99,99,99,99,999,1016.2,13.2,12.9,999,99,99
2025,01,03,05,00,0,0,99,99,99,99,999,1016.1,12.7,12.9,999,99,99
2025,01,03,06,00,0,0,99,99,99,99,999,1015.9,12.6,13,999,99,99
2025,01,03,07,00,0,0,99,99,99,99,999,1016.2,12.6,12.9,999,99,99
2025,01,03,08,00,40,2.1,99,99,99,99,999,1016.1,12.5,12.9,999,99,99
2025,01,03,09,10,10,1,99,99,99,99,999,1016.6,12.2,12.9,999,99,99
2025,01,03,10,10,50,2.1,99,99,99,99,999,1016.3,12.2,12.8,999,99,99
2025,01,03,11,10,270,0.5,99,99,99,99,999,1016.7,12,12.8,999,99,99
2025,01,03,12,10,40,1.5,99,99,99,99,999,1016.1,12.3,12.8,999,99,99
2025,01,03,13,10,120,2.6,99,99,99,99,999,1016.1,12.3,12.8,999,99,99
2025,01,03,14,10,190,3.6,99,99,99,99,999,1016.5,12.4,12.8,999,99,99
2025,01,03,15,10,170,3.6,99,99,99,99,999,1017.6,11.9,12.8,999,99,99
2025,01,03,16,10,170,4.1,99,99,99,99,999,1017.6,12.2,12.8,999,99,99
2025,01,03,17,10,0,0,99,99,99,99,999,1018,12.1,12.8,999,99,99
2025,01,03,18,10,0,0,99,99,99,99,999,1018.7,11.6,12.9,999,99,99
2025,01,03,19,10,0,0,99,99,99,99,999,1018.5,11.4,12.9,999,99,99
2025,01,03,20,10,160,5.7,99,99,99,99,999,1018,12.1,12.9,999,99,99
2025,01,03,21,10,180,6.7,99,99,99,99,999,1017.5,12.2,12.9,999,99,99
2025,01,03,22,10,190,5.1,99,99,99,99,999,1017.3,12.8,12.9,999,99,99
2025,01,03,23,10,220,4.1,99,99,99,99,999,1018.1,13,12.9,999,99,99
2025,01,04,00,10,260,4.6,99,99,99,99,999,1018.5,13.2,12.9,999,99,99
2025,01,04,01,10,270,4.6,99,99,99,99,999,1018.8,12.8,12.9,999,99,99
2025,01,04,02,10,280,4.6,99,99,99,99,999,1019.4,12.7,12.9,999,99,99
2025,01,04,03,10,320,2.6,99,99,99,99,999,1020.2,12.6,12.9,999,99,99
2025,01,04,04,10,290,3.1,99,99,99,99,999,1020.5,12.7,12.9,999,99,99
2025,01,04,05,10,280,2.6,99,99,99,99,999,1020.9,12.6,12.9,999,99,99
2025,01,04,06,10,0,0,99,99,99,99,999,1021.8,12,12.8,999,99,99
2025,01,04,07,10,340,3.1,99,99,99,99,999,1022.1,11.1,12.8,999,99,99
2025,01,04,08,10,350,3.1,99,99,99,99,999,1021.8,10.2,12.8,999,99,99
2025,01,04,09,10,40,3.1,99,99,99,99,999,1021.8,11,12.8,999,99,99
2025,01,04,10,10,40,3.6,99,99,99,99,999,1022.4,10.3,12.8,999,99,99
2025,01,04,11,10,0,0,99,99,99,99,999,1022.9,9.4,12.8,999,99,99
2025,01,04,12,10,30,2.1,99,99,99,99,999,1022.9,9.3,12.8,999,99,99
2025,01,04,13,10,20,3.6,99,99,99,99,999,1023,8.9,12.8,999,99,99
2025,01,04,14,10,0,0,99,99,99,99,999,1023.6,8.9,12.8,999,99,99
2025,01,04,15,10,10,4.6,99,99,99,99,999,1024.2,9.4,12.8,999,99,99
2025,01,04,16,10,10,3.6,99,99,99,99,999,1024.6,9.7,12.8,999,99,99
2025,01,04,17,10,10,2.6,99,99,99,99,999,1026.1,9.8,12.8,999,99,99
2025,01,04,18,10,10,3.1,99,99,99,99,999,1026.2,9.9,12.8,999,99,99
2025,01,04,19,10,30,3.1,99,99,99,99,999,1025.1,10.4,12.9,999,99,99
2025,01,04,20,10,60,1.5,99,99,99,99,999,1024.3,11,12.9,999,99,99
2025,01,04,21,00,20,2.1,99,99,99,99,999,1023.8,11.1,12.9,999,99,99
2025,01,04,22,00,330,1,99,99,99,99,999,1023.5,11.5,13,999,99,99
2025,01,04,23,00,230,2.6,99,99,99,99,999,1023.8,12,13,999,99,99
2025,01,05,00,00,300,6.2,99,99,99,99,999,1023.8,12.8,12.9,999,99,99
2025,01,05,01,00,290,6.7,99,99,99,99,999,1024,12.5,12.9,999,99,99
2025,01,05,02,00,310,5.1,99,99,99,99,999,1024.1,12.5,12.9,999,99,99
2025,01,05,03,00,290,6.2,99,99,99,99,999,1024.6,12.4,12.9,999,99,99
2025,01,05,04,00,320,6.2,99,99,99,99,999,1025.1,12.3,12.8,999,99,99
2025,01,05,05,00,350,3.6,99,99,99,99,999,1025.2,11.8,12.9,999,99,99
2025,01,05,06,00,10,3.6,99,99,99,99,999,1025.7,11.4,12.9,999,99,99
2025,01,05,07,00,340,2.1,99,99,99,99,999,1026.4,11.5,12.8,999,99,99
2025,01,05,08,10,0,0,99,99,99,99,999,1026,11.3,12.8,999,99,99
2025,01,05,09,10,10,2.1,99,99,99,99,999,1025.5,11.2,12.8,999,99,99
2025,01,05,10,10,20,2.1,99,99,99,99,999,1025.4,11,12.8,999,99,99
2025,01,05,11,10,20,3.1,99,99,99,99,999,1025.3,10.4,12.8,999,99,99
2025,01,05,12,10,20,2.6,99,99,99,99,999,1024.9,10.4,12.8,999,99,99
2025,01,05,13,10,30,3.1,99,99,99,99,999,1024.8,10.2,12.8,999,99,99
2025,01,05,14,10,30,2.6,99,99,99,99,999,1025.3,10.2,12.8,999,99,99
2025,01,05,16,10,30,2.1,99,99,99,99,999,1025.9,10.1,12.8,999,99,99
2025,01,05,17,10,20,2.1,99,99,99,99,999,1026.5,10,12.8,999,99,99
2025,01,05,18,10,30,2.6,99,99,99,99,999,1026.7,10.3,12.8,999,99,99
2025,01,05,19,10,60,2.6,99,99,99,99,999,1026.1,10.8,12.9,999,99,99
2025,01,05,20,20,350,2.1,99,99,99,99,999,1025.6,11.3,13,999,99,99
2025,01,05,21,10,10,1.5,99,99,99,99,999,1024.7,12,13.1,999,99,99
2025,01,05,22,10,0,0,99,99,99,99,999,1023.9,12.7,13.1,999,99,99
2025,01,05,23,10,0,0,99,99,99,99,999,1023.5,12.8,13.1,999,99,99
2025,01,06,00,10,0,0,99,99,99,99,999,1023,12.8,13,999,99,99
2025,01,06,02,10,0,0,99,99,99,99,999,1023.2,12.7,12.9,999,99,99
2025,01,06,03,10,0,0,99,99,99,99,999,1023.4,12.6,12.8,999,99,99
2025,01,06,04,10,0,0,99,99,99,99,999,1024.3,12.3,12.8,999,99,99
2025,01,06,05,10,0,0,99,99,99,99,999,1024,12.5,12.8,999,99,99
2025,01,06,06,10,0,0,99,99,99,99,999,1023.8,12.5,12.8,999,99,99
2025,01,06,07,10,0,0,99,99,99,99,999,1024.2,12.4,12.8,999,99,99
2025,01,06,08,10,0,0,99,99,99,99,999,1023.9,12.2,12.9,999,99,99
2025,01,06,09,10,0,0,99,99,99,99,999,1023.8,12.2,12.8,999,99,99
2025,01,06,10,10,0,0,99,99,99,99,999,1023.6,12,12.8,999,99,99
2025,01,06,11,10,0,0,99,99,99,99,999,1023.4,11.4,12.7,999,99,99
2025,01,06,12,10,0,0,99,99,99,99,999,1022.9,11.6,12.7,999,99,99
2025,01,06,13,10,0,0,99,99,99,99,999,1022.4,11.3,12.7,999,99,99
2025,01,06,14,10,0,0,99,99,99,99,999,1022.7,10.5,12.8,999,99,99
2025,01,06,15,10,0,0,99,99,99,99,999,1023.3,10.6,12.8,999,99,99
2025,01,06,16,10,0,0,99,99,99,99,999,1023.6,10.9,12.7,999,99,99
2025,01,06,17,10,0,0,99,99,99,99,999,1024,10.7,12.7,999,99,99
2025,01,06,18,10,0,0,99,99,99,99,999,1024.3,10.4,12.8,999,99,99
2025,01,06,19,10,0,0,99,99,99,99,999,1023.4,11.3,12.8,999,99,99
2025,01,06,20,10,0,0,99,99,99,99,999,1022.3,11,12.9,999,99,99
2025,01,06,21,10,290,9.3,99,99,99,99,999,1020.8,11.7,12.8,999,99,99
2025,01,06,22,10,300,7.2,99,99,99,99,999,1019.4,12.2,12.8,999,99,99
2025,01,06,23,10,320,7.2,99,99,99,99,999,1019.5,12,12.8,999,99,99
2025,01,07,00,10,310,9.3,99,99,99,99,999,1019.1,11.8,12.8,999,99,99
2025,01,07,01,10,310,7.7,99,99,99,99,999,1019.2,11.6,12.8,999,99,99
2025,01,07,02,10,300,9.8,99,99,99,99,999,1019.6,11.6,12.7,999,99,99
2025,01,07,04,10,0,0,99,99,99,99,999,1020.8,11,12.7,999,99,99
2025,01,07,05,10,320,4.6,99,99,99,99,999,1021.5,11.9,12.7,999,99,99
2025,01,07,06,10,290,5.1,99,99,99,99,999,1021.1,11.3,12.7,999,99,99
2025,01,07,07,10,310,6.7,99,99,99,99,999,1021,11.2,12.7,999,99,99
2025,01,07,08,10,310,6.7,99,99,99,99,999,1020.5,11,12.7,999,99,99
2025,01,07,09,10,300,6.7,99,99,99,99,999,1020.2,11.1,12.7,999,99,99
2025,01,07,10,10,340,12.9,99,99,99,99,999,1018.6,15.3,12.7,999,99,99
2025,01,07,11,10,340,9.8,99,99,99,99,999,1019.3,15.3,12.7,999,99,99
2025,01,07,12,10,330,8.2,99,99,99,99,999,1019,14.7,12.7,999,99,99
2025,01,07,13,10,320,5.7,99,99,99,99,999,1019.6,14.3,12.7,999,99,99
2025,01,07,14,10,330,6.2,99,99,99,99,999,1020.1,14.7,12.7,999,99,99
2025,01,07,15,10,330,6.7,99,99,99,99,999,1020.7,14.6,12.7,999,99,99
2025,01,07,16,10,340,7.2,99,99,99,99,999,1021.1,14.7,12.7,999,99,99
2025,01,07,18,10,340,5.7,99,99,99,99,999,1022.4,14.8,12.7,999,99,99
2025,01,07,19,10,340,6.7,99,99,99,99,999,1022.4,14.9,12.7,999,99,99
2025,01,07,20,10,350,8.2,99,99,99,99,999,1021.2,15.3,12.7,999,99,99
2025,01,07,21,10,360,7.2,99,99,99,99,999,1020,15.4,12.8,999,99,99
2025,01,07,22,10,320,3.6,99,99,99,99,999,1020,15.3,12.8,999,99,99
2025,01,07,23,10,0,0,99,99,99,99,999,1019.7,15,12.9,999,99,99
2025,01,08,00,10,320,4.6,99,99,99,99,999,1019.7,15.8,12.8,999,99,99
2025,01,08,01,10,300,4.6,99,99,99,99,999,1020.4,15.4,12.8,999,99,99
2025,01,08,02,10,260,4.1,99,99,99,99,999,1020.7,14.9,12.8,999,99,99
2025,01,08,03,10,340,7.2,99,99,99,99,999,1020,16,12.7,999,99,99
2025,01,08,04,10,340,9.3,99,99,99,99,999,1020.1,16.4,12.7,999,99,99
2025,01,08,05,10,340,9.8,99,99,99,99,999,1020,16.3,12.7,999,99,99
2025,01,08,06,10,350,5.7,99,99,99,99,999,1020.4,16.1,12.6,999,99,99
2025,01,08,07,10,0,0,99,99,99,99,999,1021.2,13.7,12.6,999,99,99
2025,01,08,08,10,20,1,99,99,99,99,999,1020.9,15.3,12.6,999,99,99
2025,01,08,09,10,50,2.6,99,99,99,99,999,1020.7,13.8,12.6,999,99,99
2025,01,08,10,10,40,6.2,99,99,99,99,999,1020.5,14.2,12.6,999,99,99
2025,01,08,11,10,360,4.6,99,99,99,99,999,1021.9,13.7,12.5,999,99,99
2025,01,08,12,10,30,2.6,99,99,99,99,999,1021.7,13.5,12.5,999,99,99
2025,01,08,13,10,30,0.5,99,99,99,99,999,1021.9,13.4,12.5,999,99,99
2025,01,08,14,10,10,4.1,99,99,99,99,999,1022.1,13.7,12.5,999,99,99
2025,01,08,15,10,40,3.1,99,99,99,99,999,1022.8,12.9,12.5,999,99,99
2025,01,08,16,10,30,2.6,99,99,99,99,999,1023.6,11.9,12.5,999,99,99
2025,01,08,17,10,30,4.6,99,99,99,99,999,1023.8,11,12.5,999,99,99
2025,01,08,18,10,30,4.6,99,99,99,99,999,1024.3,11,12.5,999,99,99
2025,01,08,19,10,30,3.6,99,99,99,99,999,1024.1,11.9,12.6,999,99,99
2025,01,08,20,10,20,3.1,99,99,99,99,999,1023.7,12.4,12.6,999,99,99
2025,01,08,21,00,50,3.6,99,99,99,99,999,1022.7,13.2,12.8,999,99,99
2025,01,08,22,00,30,0.5,99,99,99,99,999,1022.1,14.2,12.9,999,99,99
2025,01,08,23,00,280,3.6,99,99,99,99,999,1021.8,13.7,13,999,99,99
2025,01,09,00,00,290,6.7,99,99,99,99,999,1021.6,13.2,12.9,999,99,99
2025,01,09,01,00,290,4.6,99,99,99,99,999,1021.6,13.2,12.7,999,99,99
2025,01,09,02,00,290,4.6,99,99,99,99,999,1022,12.9,12.7,999,99,99
2025,01,09,03,00,300,4.1,99,99,99,99,999,1021.9,12.7,12.6,999,99,99
2025,01,09,04,00,60,1,99,99,99,99,999,1021.8,12.6,12.6,999,99,99
2025,01,09,05,00,0,0,99,99,99,99,999,1021.8,12.2,12.6,999,99,99
2025,01,09,06,00,0,0,99,99,99,99,999,1021.6,12.3,12.6,999,99,99
2025,01,09,07,00,60,3.6,99,99,99,99,999,1021.9,12.5,12.6,999,99,99
2025,01,09,08,10,30,3.1,99,99,99,99,999,1021.6,11.4,12.6,999,99,99
2025,01,09,09,10,30,3.6,99,99,99,99,999,1021.2,11,12.6,999,99,99
2025,01,09,10,10,20,5.1,99,99,99,99,999,1020.9,10.2,12.6,999,99,99
2025,01,09,11,10,30,5.7,99,99,99,99,999,1020.4,10.1,12.6,999,99,99
2025,01,09,12,10,30,6.7,99,99,99,99,999,1019.8,10.5,12.6,999,99,99
2025,01,09,14,10,30,6.7,99,99,99,99,999,1020.3,10.8,12.6,999,99,99
2025,01,09,15,10,40,7.7,99,99,99,99,999,1020.5,10,12.6,999,99,99
2025,01,09,16,10,40,5.7,99,99,99,99,999,1021.5,10.8,12.6,999,99,99
2025,01,09,17,10,20,6.7,99,99,99,99,999,1022.4,11.4,12.6,999,99,99
2025,01,09,18,10,30,5.1,99,99,99,99,999,1022.5,11.5,12.6,999,99,99
2025,01,09,19,10,20,3.6,99,99,99,99,999,1022.4,12.1,12.6,999,99,99
2025,01,09,20,10,320,2.1,99,99,99,99,999,1021.6,12.7,12.6,999,99,99
2025,01,09,21,10,310,3.1,99,99,99,99,999,1020.9,12.3,12.8,999,99,99
2025,01,09,22,10,290,4.1,99,99,99,99,999,1020.5,12.8,12.8,999,99,99
2025,01,09,23,10,280,3.1,99,99,99,99,999,1020.4,13.2,12.8,999,99,99
2025,01,10,00,10,290,4.1,99,99,99,99,999,1020.6,13.2,12.8,999,99,99
2025,01,10,01,10,290,4.1,99,99,99,99,999,1020.7,13,12.8,999,99,99
2025,01,10,02,10,290,2.1,99,99,99,99,999,1020.8,12.9,12.7,999,99,99
2025,01,10,03,10,60,1,99,99,99,99,999,1021.3,12.5,12.7,999,99,99
2025,01,10,04,10,350,1,99,99,99,99,999,1021.7,12.4,12.7,999,99,99
2025,01,10,05,10,60,2.6,99,99,99,99,999,1022,12.3,12.7,999,99,99
2025,01,10,06,10,20,3.1,99,99,99,99,999,1022.5,12.9,12.6,999,99,99
2025,01,10,07,10,30,4.6,99,99,99,99,999,1022.6,12.3,12.7,999,99,99
2025,01,10,08,10,20,5.7,99,99,99,99,999,1023,12,12.6,999,99,99
2025,01,10,09,10,10,5.7,99,99,99,99,999,1023.5,11.4,12.6,999,99,99
2025,01,10,10,10,30,8.2,99,99,99,99,999,1024.3,11.8,12.6,999,99,99
2025,01,10,11,10,30,6.7,99,99,99,99,999,1024.1,11.3,12.6,999,99,99
2025,01,10,12,10,20,7.7,99,99,99,99,999,1024.1,10.6,12.6,999,99,99
2025,01,10,13,10,40,6.2,99,99,99,99,999,1024.6,10.8,12.6,999,99,99
2025,01,10,14,10,20,6.7,99,99,99,99,999,1025,10.5,12.6,999,99,99
2025,01,10,15,10,20,6.2,99,99,99,99,999,1025.5,10.7,12.5,999,99,99
2025,01,10,16,10,20,6.7,99,99,99,99,999,1026.1,10,12.5,999,99,99
2025,01,10,17,10,40,5.1,99,99,99,99,999,1027,10.1,12.5,999,99,99
2025,01,10,18,10,20,3.6,99,99,99,99,999,1027.6,10.5,12.5,999,99,99
2025,01,10,19,10,20,5.1,99,99,99,99,999,1027.5,11.7,12.5,999,99,99
2025,01,10,20,10,360,2.1,99,99,99,99,999,1027,12.9,12.5,999,99,99
2025,01,10,21,10,330,1.5,99,99,99,99,999,1026.4,13,12.6,999,99,99
2025,01,10,22,10,0,0,99,99,99,99,999,1025.5,13.4,12.8,999,99,99
2025,01,10,23,10,290,2.6,99,99,99,99,999,1025.7,14.1,12.9,999,99,99
2025,01,11,00,10,300,3.1,99,99,99,99,999,1025.5,14,12.8,999,99,99
2025,01,11,01,10,260,2.1,99,99,99,99,999,1025.1,13.6,12.7,999,99,99
2025,01,11,02,10,0,0,99,99,99,99,999,1024.8,13.1,12.6,999,99,99
2025,01,11,03,10,260,2.6,99,99,99,99,999,1024.8,12.8,12.6,999,99,99
2025,01,11,04,10,290,5.7,99,99,99,99,999,1024.6,12.6,12.6,999,99,99
2025,01,11,05,10,290,6.7,99,99,99,99,999,1024.5,12,12.5,999,99,99
2025,01,11,06,10,280,5.1,99,99,99,99,999,1024.6,12,12.5,999,99,99
2025,01,11,07,10,290,5.1,99,99,99,99,999,1024.4,11.9,12.5,999,99,99
2025,01,11,08,10,310,5.7,99,99,99,99,999,1023.7,11.9,12.5,999,99,99
2025,01,11,09,10,320,5.7,99,99,99,99,999,1023,12,12.5,999,99,99
2025,01,11,10,10,350,4.6,99,99,99,99,999,1022.8,10.8,12.4,999,99,99
2025,01,11,11,10,360,5.7,99,99,99,99,999,1022.5,10.8,12.4,999,99,99
2025,01,11,12,10,20,4.6,99,99,99,99,999,1022.1,10.8,12.4,999,99,99
2025,01,11,13,10,40,2.6,99,99,99,99,999,1022,10.6,12.4,999,99,99
2025,01,11,14,10,30,2.1,99,99,99,99,999,1022.2,10.5,12.4,999,99,99
2025,01,11,15,10,0,0,99,99,99,99,999,1022.4,10.6,12.3,999,99,99
2025,01,11,16,10,340,0.5,99,99,99,99,999,1022.9,11.6,12.3,999,99,99
2025,01,11,17,10,360,4.1,99,99,99,99,999,1023.5,12.2,12.1,999,99,99
2025,01,11,18,10,40,1,99,99,99,99,999,1024,11.8,12.1,999,99,99
2025,01,11,19,10,330,2.6,99,99,99,99,999,1023.6,12.4,11.9,999,99,99
2025,01,11,20,10,120,1.5,99,99,99,99,999,1022.4,13.2,12.3,999,99,99
2025,01,11,21,10,70,1,99,99,99,99,999,1021.5,14.5,12.6,999,99,99
2025,01,11,22,10,280,6.2,99,99,99,99,999,1020.6,13.2,12.5,999,99,99
2025,01,11,23,10,270,6.2,99,99,99,99,999,1020.4,13.2,12.4,999,99,99
2025,01,12,00,10,290,8.2,99,99,99,99,999,1019.5,13.2,12.3,999,99,99
2025,01,12,01,10,300,6.2,99,99,99,99,999,1019.6,12.8,12.1,999,99,99
2025,01,12,02,10,310,6.2,99,99,99,99,999,1020.2,13.5,12,999,99,99
2025,01,12,03,10,330,6.7,99,99,99,99,999,1020.4,14.1,12.1,999,99,99
2025,01,12,04,10,300,3.6,99,99,99,99,999,1020.9,14,12,999,99,99
2025,01,12,05,10,280,3.1,99,99,99,99,999,1020.8,13.7,12,999,99,99
2025,01,12,06,10,320,5.1,99,99,99,99,999,1021.2,15,11.9,999,99,99
2025,01,12,07,10,350,4.1,99,99,99,99,999,1021.1,13.1,11.9,999,99,99
2025,01,12,08,10,320,6.2,99,99,99,99,999,1020.4,13.1,11.8,999,99,99
2025,01,12,09,10,300,7.7,99,99,99,99,999,1020.1,12.7,11.7,999,99,99
2025,01,12,10,10,280,5.7,99,99,99,99,999,1020.3,13,11.8,999,99,99
2025,01,12,11,10,20,5.7,99,99,99,99,999,1020.3,13.2,11.8,999,99,99
2025,01,12,12,10,120,2.6,99,99,99,99,999,1020.1,12.6,11.8,999,99,99
2025,01,12,13,10,0,0,99,99,99,99,999,1019.8,12.8,11.8,999,99,99
2025,01,12,14,10,20,1.5,99,99,99,99,999,1020.3,12.8,11.8,999,99,99
2025,01,12,15,10,30,3.6,99,99,99,99,999,1020.9,12.3,11.9,999,99,99
2025,01,12,16,10,50,4.6,99,99,99,99,999,1021.3,12,11.9,999,99,99
2025,01,12,17,10,50,4.6,99,99,99,99,999,1021.5,11.1,12,999,99,99
2025,01,12,18,10,50,4.6,99,99,99,99,999,1022,11.2,12.1,999,99,99
2025,01,12,20,00,130,0.5,99,99,99,99,999,1020.7,13,12.3,999,99,99
2025,01,12,21,10,220,3.1,99,99,99,99,999,1020.1,12.9,12.4,999,99,99
2025,01,12,22,10,240,1.5,99,99,99,99,999,1019.7,13.1,12.5,999,99,99
2025,01,12,23,10,280,3.6,99,99,99,99,999,1019.4,13,12.4,999,99,99
2025,01,13,00,10,270,4.6,99,99,99,99,999,1019.2,12.9,12.6,999,99,99
2025,01,13,01,10,280,6.2,99,99,99,99,999,1019.1,12.2,12.4,999,99,99
2025,01,13,02,10,310,4.6,99,99,99,99,999,1019.1,12.4,12.3,999,99,99
2025,01,13,03,10,300,4.6,99,99,99,99,999,1019.6,12.4,12.2,999,99,99
2025,01,13,04,10,330,3.6,99,99,99,99,999,1019.8,12.1,12.2,999,99,99
2025,01,13,05,10,0,0,99,99,99,99,999,1019.8,12,12.2,999,99,99
2025,01,13,06,10,250,1.5,99,99,99,99,999,1019.6,11.8,12.2,999,99,99
2025,01,13,07,10,300,5.1,99,99,99,99,999,1019,11.2,12.2,999,99,99
2025,01,13,08,10,10,3.6,99,99,99,99,999,1019.4,10.2,12.2,999,99,99
2025,01,13,09,10,30,3.1,99,99,99,99,999,1019.3,10.2,12.2,999,99,99
2025,01,13,10,10,20,5.1,99,99,99,99,999,1018.8,9.4,12.1,999,99,99
2025,01,13,11,10,30,5.7,99,99,99,99,999,1019,8.7,12,999,99,99
2025,01,13,12,10,40,5.7,99,99,99,99,999,1019.1,8.8,11.8,999,99,99
2025,01,13,13,10,20,7.2,99,99,99,99,999,1019.9,8.8,11.9,999,99,99
2025,01,13,14,10,10,6.7,99,99,99,99,999,1020.6,10.4,11.8,999,99,99
2025,01,13,15,10,20,6.7,99,99,99,99,999,1021.8,10,11.7,999,99,99
2025,01,13,16,10,40,6.7,99,99,99,99,999,1022.8,10.2,11.7,999,99,99
2025,01,13,17,10,20,6.2,99,99,99,99,999,1024.3,10,11.7,999,99,99
2025,01,13,18,10,10,5.7,99,99,99,99,999,1025.4,11,11.6,999,99,99
2025,01,13,19,10,10,6.7,99,99,99,99,999,1024.8,11.4,11.6,999,99,99
2025,01,13,20,10,10,6.7,99,99,99,99,999,1024.4,12.5,11.6,999,99,99
2025,01,13,21,10,20,5.7,99,99,99,99,999,1023.5,13,11.5,999,99,99
2025,01,13,22,10,20,4.6,99,99,99,99,999,1022.9,13.3,11.6,999,99,99
2025,01,13,23,10,360,3.1,99,99,99,99,999,1023.6,13.1,11.7,999,99,99
2025,01,14,00,10,0,0,99,99,99,99,999,1024,13.8,11.8,999,99,99
2025,01,14,01,10,0,0,99,99,99,99,999,1024.7,14.1,11.9,999,99,99
2025,01,14,02,10,310,3.1,99,99,99,99,999,1025.7,13,11.9,999,99,99
2025,01,14,03,10,360,3.6,99,99,99,99,999,1026.4,12.6,11.9,999,99,99
2025,01,14,04,10,10,3.1,99,99,99,99,999,1026.7,12.8,11.8,999,99,99
2025,01,14,05,10,40,2.1,99,99,99,99,999,1026.9,12.2,11.8,999,99,99
2025,01,14,06,10,30,2.6,99,99,99,99,999,1027.5,11.8,11.7,999,99,99
2025,01,14,07,10,40,1,99,99,99,99,999,1027.7,11.7,11.6,999,99,99
2025,01,14,08,10,30,3.1,99,99,99,99,999,1027.3,10.7,11.6,999,99,99
2025,01,14,09,10,360,4.1,99,99,99,99,999,1027.3,10.5,11.6,999,99,99
2025,01,14,10,10,10,5.1,99,99,99,99,999,1027.6,9.8,11.8,999,99,99
2025,01,14,11,10,20,3.1,99,99,99,99,999,1027.8,9.9,11.7,999,99,99
2025,01,14,12,10,30,6.2,99,99,99,99,999,1027,9.1,11.7,999,99,99
2025,01,14,13,10,30,6.7,99,99,99,99,999,1026.9,8.3,11.6,999,99,99
2025,01,14,14,10,20,6.2,99,99,99,99,999,1027,8.2,11.5,999,99,99
2025,01,14,15,10,20,5.1,99,99,99,99,999,1027.2,8.2,11.4,999,99,99
2025,01,14,16,10,20,5.7,99,99,99,99,999,1027.5,7.4,11.4,999,99,99
2025,01,14,17,10,30,6.2,99,99,99,99,999,1027.7,8,11.4,999,99,99
2025,01,14,18,10,30,5.1,99,99,99,99,999,1027.8,8.9,11.5,999,99,99
2025,01,14,19,10,30,4.1,99,99,99,99,999,1027.3,10,11.7,999,99,99
2025,01,14,20,10,20,3.1,99,99,99,99,999,1026.4,11.3,11.9,999,99,99
2025,01,14,21,10,310,4.1,99,99,99,99,999,1025.5,11.4,12,999,99,99
2025,01,14,22,10,280,2.6,99,99,99,99,999,1024.9,11.7,12.1,999,99,99
2025,01,14,23,10,280,5.1,99,99,99,99,999,1024.7,11.8,12.1,999,99,99
2025,01,15,00,10,280,5.1,99,99,99,99,999,1024.5,11.8,12.2,999,99,99
2025,01,15,01,10,280,4.6,99,99,99,99,999,1024.1,11.6,12.3,999,99,99
2025,01,15,02,10,280,3.1,99,99,99,99,999,1024.4,11.6,12.2,999,99,99
2025,01,15,03,10,300,3.6,99,99,99,99,999,1024.5,11.8,12.2,999,99,99
2025,01,15,04,10,310,1.5,99,99,99,99,999,1024.4,11.6,12.1,999,99,99
2025,01,15,05,10,0,0,99,99,99,99,999,1024.4,11.5,12,999,99,99
2025,01,15,06,10,0,0,99,99,99,99,999,1024.5,11.2,12,999,99,99
2025,01,15,07,10,90,1,99,99,99,99,999,1024.4,11.3,11.9,999,99,99
2025,01,15,08,10,30,3.6,99,99,99,99,999,1024.1,9.8,11.9,999,99,99
2025,01,15,09,10,40,6.2,99,99,99,99,999,1023.8,9.2,11.9,999,99,99
2025,01,15,10,10,40,6.7,99,99,99,99,999,1023.9,9.6,12,999,99,99
2025,01,15,11,10,20,7.2,99,99,99,99,999,1023.8,9.7,12,999,99,99
2025,01,15,12,10,20,5.7,99,99,99,99,999,1023.5,10,12,999,99,99
2025,01,15,13,10,30,6.2,99,99,99,99,999,1023.5,9.3,12,999,99,99
2025,01,15,14,10,30,7.2,99,99,99,99,999,1023.4,8.7,12,999,99,99
2025,01,15,15,10,30,5.7,99,99,99,99,999,1023.8,8.7,12,999,99,99
2025,01,15,16,10,20,7.2,99,99,99,99,999,1023.6,7.6,11.9,999,99,99
2025,01,15,17,10,20,7.7,99,99,99,99,999,1024,7.9,11.9,999,99,99
2025,01,15,18,10,30,5.7,99,99,99,99,999,1024.2,9.7,11.9,999,99,99
2025,01,15,19,10,50,3.6,99,99,99,99,999,1024.3,10.7,11.9,999,99,99
2025,01,15,20,10,0,0,99,99,99,99,999,1023.8,12.4,12,999,99,99
2025,01,15,21,10,0,0,99,99,99,99,999,1023,12,12.2,999,99,99
2025,01,15,22,10,0,0,99,99,99,99,999,1022.1,12.9,12.3,999,99,99
2025,01,15,23,10,60,1.5,99,99,99,99,999,1021.9,12.6,12.7,999,99,99
2025,01,16,00,10,0,0,99,99,99,99,999,1021.9,13.4,12.6,999,99,99
2025,01,16,01,10,310,1,99,99,99,99,999,1022,12,12.8,999,99,99
2025,01,16,02,10,300,1,99,99,99,99,999,1022.1,11.6,12.8,999,99,99
2025,01,16,03,10,0,0,99,99,99,99,999,1022.2,11.5,12.6,999,99,99
2025,01,16,04,10,0,0,99,99,99,99,999,1022.3,11.4,12.5,999,99,99
2025,01,16,05,10,0,0,99,99,99,99,999,1022.6,11.4,12.4,999,99,99
2025,01,16,06,10,0,0,99,99,99,99,999,1022.8,11.3,12.3,999,99,99
2025,01,16,07,10,30,3.1,99,99,99,99,999,1022.3,10.9,12.2,999,99,99
2025,01,16,08,10,20,2.1,99,99,99,99,999,1021.9,10.4,12.2,999,99,99
2025,01,16,09,10,0,0,99,99,99,99,999,1021.8,10.1,12.1,999,99,99
2025,01,16,10,10,20,6.7,99,99,99,99,999,1021.6,9.8,12.1,999,99,99
2025,01,16,11,10,0,0,99,99,99,99,999,1021.7,10.5,12,999,99,99
2025,01,16,12,10,0,0,99,99,99,99,999,1021.3,10.3,12.3,999,99,99
2025,01,16,13,10,0,0,99,99,99,99,999,1021.1,10.6,12.5,999,99,99
2025,01,16,14,10,0,0,99,99,99,99,999,1021.1,10,12.5,999,99,99
2025,01,16,15,10,0,0,99,99,99,99,999,1021,9.8,12.5,999,99,99
2025,01,16,16,10,0,0,99,99,99,99,999,1021.1,9.2,12.5,999,99,99
2025,01,16,17,10,0,0,99,99,99,99,999,1021.1,9.8,12.5,999,99,99
2025,01,16,18,10,0,0,99,99,99,99,999,1021.6,11.2,12.5,999,99,99
2025,01,16,19,10,0,0,99,99,99,99,999,1021.4,12.4,12.5,999,99,99
2025,01,16,20,10,0,0,99,99,99,99,999,1020.4,12.8,12.6,999,99,99
2025,01,16,21,10,0,0,99,99,99,99,999,1019.7,13.4,12.7,999,99,99
2025,01,16,22,10,0,0,99,99,99,99,999,1019.2,13.4,12.8,999,99,99
2025,01,16,23,10,0,0,99,99,99,99,999,1018.9,12.2,12.7,999,99,99
2025,01,17,00,10,0,0,99,99,99,99,999,1019.4,12.4,12.6,999,99,99
2025,01,17,01,10,0,0,99,99,99,99,999,1019.6,12.3,12.5,999,99,99
2025,01,17,02,10,0,0,99,99,99,99,999,1020,12.3,12.5,999,99,99
2025,01,17,03,10,0,0,99,99,99,99,999,1020.2,12.1,12.5,999,99,99
2025,01,17,04,10,0,0,99,99,99,99,999,1020.4,12,12.5,999,99,99
2025,01,17,05,10,0,0,99,99,99,99,999,1020.7,11.9,12.5,999,99,99
2025,01,17,06,10,0,0,99,99,99,99,999,1020.9,11.2,12.3,999,99,99
2025,01,17,07,10,0,0,99,99,99,99,999,1021.1,10.7,12.3,999,99,99
2025,01,17,08,10,0,0,99,99,99,99,999,1021.4,10.6,12.2,999,99,99
2025,01,17,09,10,0,0,99,99,99,99,999,1021.4,10.2,12.1,999,99,99
2025,01,17,10,10,0,0,99,99,99,99,999,1021.4,10.2,12.1,999,99,99
2025,01,17,11,10,0,0,99,99,99,99,999,1021.7,9.5,12.1,999,99,99
2025,01,17,12,10,0,0,99,99,99,99,999,1021.5,9.6,12.2,999,99,99
2025,01,17,13,10,0,0,99,99,99,99,999,1021.5,9.2,12.2,999,99,99
2025,01,17,14,10,0,0,99,99,99,99,999,1022,8.8,12.3,999,99,99
2025,01,17,15,10,0,0,99,99,99,99,999,1022.5,8.9,12.3,999,99,99
2025,01,17,16,10,0,0,99,99,99,99,999,1023.2,8.7,12.3,999,99,99
2025,01,17,17,10,0,0,99,99,99,99,999,1024,8.7,12.3,999,99,99
2025,01,17,18,10,0,0,99,99,99,99,999,1024.2,8.2,12.3,999,99,99
2025,01,17,19,10,0,0,99,99,99,99,999,1024.8,8.8,12.3,999,99,99
2025,01,17,20,10,0,0,99,99,99,99,999,1024.2,9.8,12.3,999,99,99
2025,01,17,21,10,0,0,99,99,99,99,999,1023.2,10.4,12.4,999,99,99
2025,01,17,22,10,0,0,99,99,99,99,999,1022.7,11.4,12.4,999,99,99
2025,01,17,23,10,0,0,99,99,99,99,999,1022.5,11.3,12.5,999,99,99
2025,01,18,00,10,0,0,99,99,99,99,999,1022.7,11.1,12.4,999,99,99
2025,01,18,01,10,0,0,99,99,99,99,999,1022.9,10.9,12.2,999,99,99
2025,01,18,02,10,0,0,99,99,99,99,999,1023.1,11,12.2,999,99,99
2025,01,18,03,10,0,0,99,99,99,99,999,1023.3,10.8,12.2,999,99,99
2025,01,18,04,10,0,0,99,99,99,99,999,1023.4,10.8,12.1,999,99,99
2025,01,18,05,10,0,0,99,99,99,99,999,1023.6,10.5,12.1,999,99,99
2025,01,18,06,10,0,0,99,99,99,99,999,1023.6,10.5,12.1,999,99,99
2025,01,18,07,10,0,0,99,99,99,99,999,1023.8,10.2,12.1,999,99,99
2025,01,18,08,10,0,0,99,99,99,99,999,1023.7,10.3,12.1,999,99,99
2025,01,18,09,10,0,0,99,99,99,99,999,1024,10.2,12.2,999,99,99
2025,01,18,10,10,0,0,99,99,99,99,999,1024,10.2,12.3,999,99,99
2025,01,18,11,10,0,0,99,99,99,99,999,1023.9,9.8,12.3,999,99,99
2025,01,18,12,10,0,0,99,99,99,99,999,1023.9,9.5,12.3,999,99,99
2025,01,18,13,10,0,0,99,99,99,99,999,1023.7,9.3,12.4,999,99,99
2025,01,18,14,10,0,0,99,99,99,99,999,1024,8.8,12.4,999,99,99
2025,01,18,15,10,0,0,99,99,99,99,999,1024.4,8.8,12.3,999,99,99
2025,01,18,16,10,0,0,99,99,99,99,999,1024.7,8.4,12.2,999,99,99
2025,01,18,17,10,0,0,99,99,99,99,999,1025.6,7.8,12.1,999,99,99
2025,01,18,18,10,0,0,99,99,99,99,999,1026,7.8,12.1,999,99,99
2025,01,18,19,10,0,0,99,99,99,99,999,1025.6,8,12.2,999,99,99
2025,01,18,20,10,0,0,99,99,99,99,999,1025,8.6,12.2,999,99,99
2025,01,18,21,10,0,0,99,99,99,99,999,1024.1,9.1,12.3,999,99,99
2025,01,18,22,10,0,0,99,99,99,99,999,1023.4,10.1,12.3,999,99,99
2025,01,18,23,10,0,0,99,99,99,99,999,1023.2,10.4,12.4,999,99,99
2025,01,19,00,10,0,0,99,99,99,99,999,1023,10.8,12.4,999,99,99
2025,01,19,01,10,0,0,99,99,99,99,999,1023.1,10.8,12.4,999,99,99
2025,01,19,02,10,0,0,99,99,99,99,999,1023.5,10.8,12.3,999,99,99
2025,01,19,03,10,0,0,99,99,99,99,999,1023.7,10.7,12.3,999,99,99
2025,01,19,04,10,0,0,99,99,99,99,999,1023.8,10.8,12.3,999,99,99
2025,01,19,05,10,0,0,99,99,99,99,999,1024,10.7,12.2,999,99,99
2025,01,19,06,10,0,0,99,99,99,99,999,1024.1,10.6,12.2,999,99,99
2025,01,19,07,10,0,0,99,99,99,99,999,1024.4,10.5,12.1,999,99,99
2025,01,19,08,10,0,0,99,99,99,99,999,1024.1,10.5,12.1,999,99,99
2025,01,19,09,10,0,0,99,99,99,99,999,1024.2,10.6,12.1,999,99,99
2025,01,19,10,10,0,0,99,99,99,99,999,1024.6,10.2,12.1,999,99,99
2025,01,19,11,10,0,0,99,99,99,99,999,1024.3,9.9,12,999,99,99
2025,01,19,12,10,0,0,99,99,99,99,999,1024,9.8,12,999,99,99
2025,01,19,13,10,0,0,99,99,99,99,999,1023.8,9.9,12,999,99,99
2025,01,19,14,10,0,0,99,99,99,99,999,1024.3,8.9,12,999,99,99
2025,01,19,15,10,0,0,99,99,99,99,999,1024.6,8.7,12,999,99,99
2025,01,19,16,10,0,0,99,99,99,99,999,1024.7,8.8,12,999,99,99
2025,01,19,17,00,0,0,99,99,99,99,999,1025.2,8.4,12,999,99,99
2025,01,19,18,10,0,0,99,99,99,99,999,1025.2,8.3,11.9,999,99,99
2025,01,19,19,10,0,0,99,99,99,99,999,1024.8,8.6,12,999,99,99
2025,01,19,20,10,0,0,99,99,99,99,999,1023.9,9,12,999,99,99
2025,01,19,21,00,0,0,99,99,99,99,999,1023.2,9.5,12.1,999,99,99
2025,01,19,22,00,0,0,99,99,99,99,999,1022.4,10.1,12.1,999,99,99
2025,01,19,23,10,0,0,99,99,99,99,999,1021.8,10.3,12.1,999,99,99
2025,01,20,00,10,0,0,99,99,99,99,999,1021.3,10.3,12,999,99,99
2025,01,20,01,10,0,0,99,99,99,99,999,1021,10.1,12.1,999,99,99
2025,01,20,02,00,0,0,99,99,99,99,999,1020.8,10.3,12,999,99,99
2025,01,20,03,00,0,0,99,99,99,99,999,1020.3,10.2,12,999,99,99
2025,01,20,04,00,0,0,99,99,99,99,999,1020,10.5,12,999,99,99
2025,01,20,05,00,0,0,99,99,99,99,999,1020,10.7,11.9,999,99,99
2025,01,20,06,00,0,0,99,99,99,99,999,1020.3,10.2,11.9,999,99,99
2025,01,20,07,00,0,0,99,99,99,99,999,1020.8,9.5,11.9,999,99,99
2025,01,20,08,00,0,0,99,99,99,99,999,1021.2,9,11.8,999,99,99
2025,01,20,09,10,0,0,99,99,99,99,999,1021.3,9,11.8,999,99,99
2025,01,20,10,00,0,0,99,99,99,99,999,1021.7,9,11.8,999,99,99
2025,01,20,11,00,0,0,99,99,99,99,999,1021.7,8.7,11.8,999,99,99
2025,01,20,12,10,0,0,99,99,99,99,999,1021.6,8,11.8,999,99,99
2025,01,20,13,10,0,0,99,99,99,99,999,1021.2,7.8,11.8,999,99,99
2025,01,20,14,00,0,0,99,99,99,99,999,1021.1,8.2,11.8,999,99,99
2025,01,20,15,10,0,0,99,99,99,99,999,1021.3,7.4,11.9,999,99,99
2025,01,20,16,00,0,0,99,99,99,99,999,1021.7,7.1,11.9,999,99,99
2025,01,20,17,00,0,0,99,99,99,99,999,1022.2,8.3,11.9,999,99,99
2025,01,20,18,00,0,0,99,99,99,99,999,1022,10.4,12,999,99,99
2025,01,20,19,00,0,0,99,99,99,99,999,1022.5,10.7,12,999,99,99
2025,01,20,20,00,0,0,99,99,99,99,999,1023.1,11.9,12,999,99,99
2025,01,20,21,00,0,0,99,99,99,99,999,1023.5,12.9,12,999,99,99
2025,01,20,22,00,0,0,99,99,99,99,999,1023.4,12.9,12.2,999,99,99
2025,01,20,23,00,0,0,99,99,99,99,999,1023.6,12.3,12.1,999,99,99
2025,01,21,00,00,0,0,99,99,99,99,999,1024.1,12.5,12.1,999,99,99
2025,01,21,01,00,0,0,99,99,99,99,999,1024.8,12.7,12,999,99,99
2025,01,21,02,00,0,0,99,99,99,99,999,1025.9,11.8,12,999,99,99
2025,01,21,03,00,0,0,99,99,99,99,999,1026.7,11.5,12.1,999,99,99
2025,01,21,04,00,0,0,99,99,99,99,999,1027.2,12,12.1,999,99,99
2025,01,21,05,00,0,0,99,99,99,99,999,1028,12.7,12.2,999,99,99
2025,01,21,06,00,0,0,99,99,99,99,999,1029.2,12,12.3,999,99,99
2025,01,21,07,00,0,0,99,99,99,99,999,1029.8,11.7,12.2,999,99,99
2025,01,21,08,00,0,0,99,99,99,99,999,1029.9,11.2,12.3,999,99,99
2025,01,21,09,00,0,0,99,99,99,99,999,1029.9,10.7,12.3,999,99,99
2025,01,21,10,00,0,0,99,99,99,99,999,1030.3,11,12.2,999,99,99
2025,01,21,11,00,0,0,99,99,99,99,999,1030.3,9.9,12.2,999,99,99
2025,01,21,12,10,0,0,99,99,99,99,999,1030.3,9.8,12.2,999,99,99
2025,01,21,13,10,0,0,99,99,99,99,999,1030.5,9.8,12.1,999,99,99
2025,01,21,14,00,0,0,99,99,99,99,999,1030.8,9.3,12.1,999,99,99
2025,01,21,15,10,0,0,99,99,99,99,999,1031.3,8.7,12,999,99,99
2025,01,21,16,10,0,0,99,99,99,99,999,1031.6,8.6,12,999,99,99
2025,01,21,17,10,0,0,99,99,99,99,999,1031.8,9.2,12,999,99,99
2025,01,21,18,10,0,0,99,99,99,99,999,1032.6,10.3,12,999,99,99
2025,01,21,19,00,0,0,99,99,99,99,999,1033,11.3,12,999,99,99
2025,01,21,20,10,0,0,99,99,99,99,999,1032.4,11.9,12.1,999,99,99
2025,01,21,21,10,0,0,99,99,99,99,999,1031.5,12.7,12.3,999,99,99
2025,01,21,22,10,0,0,99,99,99,99,999,1030.8,12.6,12.3,999,99,99
2025,01,21,23,10,0,0,99,99,99,99,999,1030.4,12.5,12.3,999,99,99
2025,01,22,00,10,0,0,99,99,99,99,999,1029.9,12.9,12.3,999,99,99
2025,01,22,01,00,0,0,99,99,99,99,999,1029.5,12.1,12.3,999,99,99
2025,01,22,02,10,0,0,99,99,99,99,999,1029.5,12.6,12.2,999,99,99
2025,01,22,03,10,0,0,99,99,99,99,999,1029.7,12.2,12.3,999,99,99
2025,01,22,04,10,0,0,99,99,99,99,999,1029.7,11.9,12.2,999,99,99
2025,01,22,05,10,0,0,99,99,99,99,999,1029.7,11.5,12.2,999,99,99
2025,01,22,06,10,0,0,99,99,99,99,999,1029.5,11.7,12.2,999,99,99
2025,01,22,07,10,0,0,99,99,99,99,999,1029.5,11.5,12.2,999,99,99
2025,01,22,08,10,0,0,99,99,99,99,999,1029.1,11.3,12.2,999,99,99
2025,01,22,09,10,0,0,99,99,99,99,999,1028.5,11.2,12.2,999,99,99
2025,01,22,10,10,0,0,99,99,99,99,999,1028,11.3,12.2,999,99,99
2025,01,22,11,10,50,0.5,99,99,99,99,999,1027.9,10.9,12.2,999,99,99
2025,01,22,12,10,0,0,99,99,99,99,999,1027.6,9.6,12.2,999,99,99
2025,01,22,13,10,0,0,99,99,99,99,999,1027.4,10.6,12.1,999,99,99
2025,01,22,14,10,0,0,99,99,99,99,999,1027.3,10.4,12.1,999,99,99
2025,01,22,15,10,30,0.5,99,99,99,99,999,1027.1,9,12.1,999,99,99
2025,01,22,16,10,20,0.5,99,99,99,99,999,1027.4,9,12.1,999,99,99
2025,01,22,17,10,20,0.5,99,99,99,99,999,1027.7,8.9,12.1,999,99,99
2025,01,22,18,10,20,0.5,99,99,99,99,999,1028.2,9.4,12.1,999,99,99
2025,01,22,19,10,0,0,99,99,99,99,999,1027.8,10.9,12.1,999,99,99
2025,01,22,20,10,0,0,99,99,99,99,999,1026.9,12.7,12.2,999,99,99
2025,01,22,21,10,0,0,99,99,99,99,999,1025.7,12,12.4,999,99,99
2025,01,22,22,10,0,0,99,99,99,99,999,1024.9,12.7,12.4,999,99,99
2025,01,22,23,10,0,0,99,99,99,99,999,1024.5,12.7,12.3,999,99,99
2025,01,23,00,10,0,0,99,99,99,99,999,1024.2,12.6,12.3,999,99,99
2025,01,23,01,10,0,0,99,99,99,99,999,1024,12.5,12.3,999,99,99
2025,01,23,02,10,0,0,99,99,99,99,999,1024,12.2,12.3,999,99,99
2025,01,23,03,10,0,0,99,99,99,99,999,1024.4,12.4,12.2,999,99,99
2025,01,23,04,10,0,0,99,99,99,99,999,1024.9,12.3,12.2,999,99,99
2025,01,23,05,10,0,0,99,99,99,99,999,1025.3,12.4,12.2,999,99,99
2025,01,23,06,10,0,0,99,99,99,99,999,1025.5,12.1,12.1,999,99,99
2025,01,23,07,10,0,0,99,99,99,99,999,1026.1,13,12.1,999,99,99
2025,01,23,08,10,0,0,99,99,99,99,999,1026.2,13,12.1,999,99,99
2025,01,23,09,10,0,0,99,99,99,99,999,1025.8,11.8,12.1,999,99,99
2025,01,23,10,10,0,0,99,99,99,99,999,1025.5,11.1,12.1,999,99,99
2025,01,23,11,10,10,0.5,99,99,99,99,999,1025.5,11,12.1,999,99,99
2025,01,23,12,10,10,0.5,99,99,99,99,999,1025.2,11.8,12.1,999,99,99
2025,01,23,13,10,30,0.5,99,99,99,99,999,1025.2,11.4,12,999,99,99
2025,01,23,14,10,30,0.5,99,99,99,99,999,1025.1,11.6,12,999,99,99
2025,01,23,15,10,20,0.5,99,99,99,99,999,1025.3,11.8,12,999,99,99
2025,01,23,16,10,30,0.5,99,99,99,99,999,1025.6,11.4,12,999,99,99
2025,01,23,17,10,30,0.5,99,99,99,99,999,1026,11.1,12,999,99,99
2025,01,23,18,10,0,0,99,99,99,99,999,1026,12,12,999,99,99
2025,01,23,19,10,0,0,99,99,99,99,999,1026,13,12,999,99,99
2025,01,23,20,10,0,0,99,99,99,99,999,1026.1,13.2,12.1,999,99,99
2025,01,23,21,10,0,0,99,99,99,99,999,1025.3,14,12.2,999,99,99
2025,01,23,22,10,0,0,99,99,99,99,999,1024.5,15.1,12.3,999,99,99
2025,01,23,23,10,0,0,99,99,99,99,999,1024.2,14.9,12.5,999,99,99
2025,01,24,00,10,0,0,99,99,99,99,999,1024,14.3,12.2,999,99,99
2025,01,24,01,10,0,0,99,99,99,99,999,1023.7,13.9,12.3,999,99,99
2025,01,24,02,10,0,0,99,99,99,99,999,1023.6,12.3,12.2,999,99,99
2025,01,24,03,10,0,0,99,99,99,99,999,1023.4,12.2,12.1,999,99,99
2025,01,24,04,10,0,0,99,99,99,99,999,1023.5,11.9,12.1,999,99,99
2025,01,24,05,10,0,0,99,99,99,99,999,1023.3,12.4,12.1,999,99,99
2025,01,24,06,10,0,0,99,99,99,99,999,1023.5,11.5,12,999,99,99
2025,01,24,07,10,0,0,99,99,99,99,999,1023,11.3,12.1,999,99,99
2025,01,24,08,10,0,0,99,99,99,99,999,1022.7,10.8,12.1,999,99,99
2025,01,24,09,10,0,0,99,99,99,99,999,1022.1,10.6,12,999,99,99
2025,01,24,10,10,0,0,99,99,99,99,999,1021.9,10.6,12,999,99,99
2025,01,24,11,09,10,0.5,99,99,99,99,999,1021.6,10.8,12,999,99,99
2025,01,24,12,09,10,0.5,99,99,99,99,999,1020.6,11,12,999,99,99
2025,01,24,13,09,30,1,99,99,99,99,999,1019.8,9.2,11.9,999,99,99
2025,01,24,14,09,0,0,99,99,99,99,999,1019.4,8.9,11.7,999,99,99
2025,01,24,15,09,10,0.5,99,99,99,99,999,1019.1,8.7,11.6,999,99,99
2025,01,24,16,09,20,0.5,99,99,99,99,999,1018.7,8.6,11.6,999,99,99
2025,01,24,17,09,10,1,99,99,99,99,999,1019.1,8.9,11.6,999,99,99
2025,01,24,18,09,350,0.5,99,99,99,99,999,1019.3,9.4,11.6,999,99,99
2025,01,24,19,09,320,0.5,99,99,99,99,999,1018.7,10.6,11.7,999,99,99
2025,01,24,20,09,0,0,99,99,99,99,999,1017.5,11,11.8,999,99,99
2025,01,24,21,09,0,0,99,99,99,99,999,1015.6,11,11.8,999,99,99
2025,01,24,22,09,0,0,99,99,99,99,999,1014.8,10.5,11.8,999,99,99
2025,01,24,23,09,0,0,99,99,99,99,999,1014.2,11.4,11.7,999,99,99
2025,01,25,00,09,0,0,99,99,99,99,999,1013.6,11.2,11.7,999,99,99
2025,01,25,01,09,0,0,99,99,99,99,999,1013.2,11.2,11.7,999,99,99
2025,01,25,02,09,0,0,99,99,99,99,999,1012.4,11.2,11.7,999,99,99
2025,01,25,03,09,0,0,99,99,99,99,999,1012.1,11.2,11.7,999,99,99
2025,01,25,04,09,270,0.5,99,99,99,99,999,1011.9,11.1,11.7,999,99,99
2025,01,25,05,09,0,0,99,99,99,99,999,1011.7,11.4,11.7,999,99,99
2025,01,25,06,09,0,0,99,99,99,99,999,1011.4,11.1,11.7,999,99,99
2025,01,25,07,09,0,0,99,99,99,99,999,1010.8,11,11.7,999,99,99
2025,01,25,08,09,0,0,99,99,99,99,999,1010.4,11.1,11.7,999,99,99
2025,01,25,09,09,240,0.5,99,99,99,99,999,1009.6,11.2,11.7,999,99,99
2025,01,25,10,09,230,0.5,99,99,99,99,999,1009.1,11.3,11.7,999,99,99
2025,01,25,11,09,0,0,99,99,99,99,999,1008.6,11.2,11.7,999,99,99
2025,01,25,12,09,0,0,99,99,99,99,999,1008.1,11.2,11.6,999,99,99
2025,01,25,13,09,240,0.5,99,99,99,99,999,1007.6,11,11.6,999,99,99
2025,01,25,14,09,0,0,99,99,99,99,999,1007.5,10.8,11.5,999,99,99
2025,01,25,15,09,0,0,99,99,99,99,999,1007.6,10.8,11.5,999,99,99
2025,01,25,16,09,220,0.5,99,99,99,99,999,1007.8,10.5,11.4,999,99,99
2025,01,25,17,09,200,1,99,99,99,99,999,1008,10.7,11.4,999,99,99
2025,01,25,18,09,210,1,99,99,99,99,999,1008.3,10.7,11.4,999,99,99
2025,01,25,19,09,0,0,99,99,99,99,999,1008.1,10.8,11.4,999,99,99
2025,01,25,20,09,130,1,99,99,99,99,999,1007.7,10,11.5,999,99,99
2025,01,25,21,09,360,1,99,99,99,99,999,1007,10.3,11.5,999,99,99
2025,01,25,22,09,310,1,99,99,99,99,999,1006.9,10.8,11.6,999,99,99
2025,01,25,23,09,0,0,99,99,99,99,999,1007.1,10.5,11.7,999,99,99
2025,01,26,00,09,70,0.5,99,99,99,99,999,1007.3,10.6,11.6,999,99,99
2025,01,26,01,09,0,0,99,99,99,99,999,1007.8,10.7,11.5,999,99,99
2025,01,26,02,09,0,0,99,99,99,99,999,1008,10.5,11.5,999,99,99
2025,01,26,03,09,290,0.5,99,99,99,99,999,1008.6,10.5,11.5,999,99,99
2025,01,26,04,09,60,1,99,99,99,99,999,1008.8,10.2,11.5,999,99,99
2025,01,26,05,09,360,1.5,99,99,99,99,999,1009.5,10.1,11.4,999,99,99
2025,01,26,06,09,20,1,99,99,99,99,999,1010.2,9.8,11.4,999,99,99
2025,01,26,07,09,30,1,99,99,99,99,999,1010.8,9.8,11.4,999,99,99
2025,01,26,08,09,30,1,99,99,99,99,999,1011.3,9.6,11.4,999,99,99
2025,01,26,09,09,0,0,99,99,99,99,999,1012,9.4,11.4,999,99,99
2025,01,26,10,09,10,1,99,99,99,99,999,1012.4,9.2,11.5,999,99,99
2025,01,26,11,09,0,0,99,99,99,99,999,1012.5,9,11.5,999,99,99
2025,01,26,12,09,20,1,99,99,99,99,999,1012.9,9.3,11.6,999,99,99
2025,01,26,13,09,10,0.5,99,99,99,99,999,1012.7,9,11.6,999,99,99
2025,01,26,14,09,10,1,99,99,99,99,999,1013.5,9,11.6,999,99,99
2025,01,26,15,09,10,1,99,99,99,99,999,1014.3,9.1,11.6,999,99,99
2025,01,26,16,09,20,1,99,99,99,99,999,1015,9.1,11.8,999,99,99
2025,01,26,17,09,10,1,99,99,99,99,999,1015.4,8.9,11.8,999,99,99
2025,01,26,18,09,360,1,99,99,99,99,999,1016.5,9.4,11.9,999,99,99
2025,01,26,19,09,350,1,99,99,99,99,999,1017,9.8,11.9,999,99,99
2025,01,26,20,09,20,1.5,99,99,99,99,999,1016.9,10.5,11.9,999,99,99
2025,01,26,21,09,360,1.5,99,99,99,99,999,1016.4,11,12,999,99,99
2025,01,26,22,09,360,1.5,99,99,99,99,999,1016.2,11.4,12,999,99,99
2025,01,26,23,09,360,1.5,99,99,99,99,999,1016.4,12.1,12.1,999,99,99
2025,01,27,00,09,350,1,99,99,99,99,999,1016.4,12.6,12.1,999,99,99
2025,01,27,01,09,310,1.5,99,99,99,99,999,1016.5,11.5,12,999,99,99
2025,01,27,02,09,330,2.1,99,99,99,99,999,1016.9,11.9,12,999,99,99
2025,01,27,03,09,350,1.5,99,99,99,99,999,1017.5,12.2,12,999,99,99
2025,01,27,04,09,350,1,99,99,99,99,999,1018,11.8,12,999,99,99
2025,01,27,05,09,320,1,99,99,99,99,999,1018.4,11.7,12,999,99,99
2025,01,27,06,09,290,2.1,99,99,99,99,999,1018.7,10.9,12,999,99,99
2025,01,27,07,09,290,2.1,99,99,99,99,999,1018.8,10.8,12,999,99,99
2025,01,27,08,09,40,1,99,99,99,99,999,1019,10.5,12,999,99,99
2025,01,27,09,09,0,0,99,99,99,99,999,1019,9.9,12,999,99,99
2025,01,27,10,09,30,0.5,99,99,99,99,999,1019,9,11.9,999,99,99
2025,01,27,11,09,20,0.5,99,99,99,99,999,1019,8.4,11.9,999,99,99
2025,01,27,12,09,20,1,99,99,99,99,999,1018.9,8.4,11.9,999,99,99
2025,01,27,13,09,360,1,99,99,99,99,999,1018.7,7.7,11.8,999,99,99
2025,01,27,14,09,0,0,99,99,99,99,999,1019.1,7.3,11.7,999,99,99
2025,01,27,15,09,10,0.5,99,99,99,99,999,1019.8,7.5,11.8,999,99,99
2025,01,27,16,09,0,0,99,99,99,99,999,1020.4,7.2,11.8,999,99,99
2025,01,27,17,09,0,0,99,99,99,99,999,1021.2,7.4,11.8,999,99,99
2025,01,27,18,09,30,1,99,99,99,99,999,1021.9,8.4,11.8,999,99,99
2025,01,27,19,09,20,1,99,99,99,99,999,1022.2,8.8,11.9,999,99,99
2025,01,27,20,09,10,1.5,99,99,99,99,999,1021.5,9.6,12,999,99,99
2025,01,27,21,09,10,1,99,99,99,99,999,1020.8,10,12.2,999,99,99
2025,01,27,22,09,240,1.5,99,99,99,99,999,1020.5,10.6,12.4,999,99,99
2025,01,27,23,09,260,1.5,99,99,99,99,999,1020.2,10.9,12.2,999,99,99
2025,01,28,00,09,260,2.1,99,99,99,99,999,1019.8,11.4,12.1,999,99,99
2025,01,28,01,09,270,1.5,99,99,99,99,999,1019.7,11.9,12,999,99,99
2025,01,28,02,09,270,1,99,99,99,99,999,1019.6,11.7,11.9,999,99,99
2025,01,28,03,09,300,1.5,99,99,99,99,999,1020,11.9,11.8,999,99,99
2025,01,28,04,09,0,0,99,99,99,99,999,1020,11.3,11.8,999,99,99
2025,01,28,05,09,360,1,99,99,99,99,999,1020.4,11.1,11.8,999,99,99
2025,01,28,06,09,20,1,99,99,99,99,999,1020.8,10.8,11.8,999,99,99
2025,01,28,07,09,10,1,99,99,99,99,999,1020.9,10.1,11.8,999,99,99
2025,01,28,08,09,20,1,99,99,99,99,999,1020.9,9.8,11.8,999,99,99
2025,01,28,09,09,350,1,99,99,99,99,999,1020.7,9.4,11.7,999,99,99
2025,01,28,10,09,30,1,99,99,99,99,999,1020.6,9,11.7,999,99,99
2025,01,28,11,09,20,1,99,99,99,99,999,1020,8.8,11.7,999,99,99
2025,01,28,12,09,30,1,99,99,99,99,999,1019.7,8.3,11.8,999,99,99
2025,01,28,13,09,0,0,99,99,99,99,999,1019.3,7.9,11.8,999,99,99
2025,01,28,14,09,0,0,99,99,99,99,999,1019.3,7.6,11.9,999,99,99
2025,01,28,15,09,10,1,99,99,99,99,999,1019.6,6.9,11.8,999,99,99
2025,01,28,16,09,360,1.5,99,99,99,99,999,1019.9,6.6,11.8,999,99,99
2025,01,28,17,09,10,1.5,99,99,99,99,999,1020,6.6,11.8,999,99,99
2025,01,28,18,09,10,1.5,99,99,99,99,999,1020.5,7,11.8,999,99,99
2025,01,28,19,09,10,2.6,99,99,99,99,999,1020.7,8,11.8,999,99,99
2025,01,28,20,09,250,1,99,99,99,99,999,1020,9.3,11.9,999,99,99
2025,01,28,21,09,270,2.1,99,99,99,99,999,1018.6,10,12,999,99,99
2025,01,28,22,09,260,1.5,99,99,99,99,999,1018.1,11.1,12,999,99,99
2025,01,28,23,09,260,1,99,99,99,99,999,1017.9,11.4,11.9,999,99,99
2025,01,29,00,09,260,1.5,99,99,99,99,999,1017.6,11.4,11.9,999,99,99
2025,01,29,01,09,270,1,99,99,99,99,999,1017.1,11.3,11.8,999,99,99
2025,01,29,02,09,280,1.5,99,99,99,99,999,1017.2,11.1,11.7,999,99,99
2025,01,29,03,09,280,0.5,99,99,99,99,999,1017.1,11,11.7,999,99,99
2025,01,29,04,09,290,1,99,99,99,99,999,1017.4,10.8,11.6,999,99,99
2025,01,29,05,09,290,1.5,99,99,99,99,999,1017.9,10.8,11.6,999,99,99
2025,01,29,06,09,300,1,99,99,99,99,999,1018.1,10.7,11.5,999,99,99
2025,01,29,07,09,300,1.5,99,99,99,99,999,1018.2,10.4,11.5,999,99,99
2025,01,29,08,09,290,1,99,99,99,99,999,1018,10.2,11.5,999,99,99
2025,01,29,09,09,320,1,99,99,99,99,999,1018.1,9.9,11.5,999,99,99
2025,01,29,10,09,310,1,99,99,99,99,999,1018.3,9.9,11.5,999,99,99
2025,01,29,11,09,330,1,99,99,99,99,999,1018.5,9.7,11.5,999,99,99
2025,01,29,12,09,300,1,99,99,99,99,999,1018.7,9.6,11.5,999,99,99
2025,01,29,13,09,300,1.5,99,99,99,99,999,1019.2,9.9,11.5,999,99,99
2025,01,29,14,09,310,1.5,99,99,99,99,999,1019.7,9.9,11.5,999,99,99
2025,01,29,15,09,10,1.5,99,99,99,99,999,1020.4,9.6,11.5,999,99,99
2025,01,29,16,09,360,1,99,99,99,99,999,1020.8,9.4,11.6,999,99,99
2025,01,29,17,09,30,1,99,99,99,99,999,1021.5,9.8,11.6,999,99,99
2025,01,29,18,09,20,1.5,99,99,99,99,999,1022.3,9.3,11.5,999,99,99
2025,01,29,19,09,20,1.5,99,99,99,99,999,1022.3,9.3,11.6,999,99,99
2025,01,29,20,09,30,1.5,99,99,99,99,999,1021.9,9.5,11.6,999,99,99
2025,01,29,21,09,50,2.1,99,99,99,99,999,1021,9.7,11.6,999,99,99
2025,01,29,22,09,70,2.6,99,99,99,99,999,1020.8,10.2,11.6,999,99,99
2025,01,29,23,09,230,2.1,99,99,99,99,999,1020.5,10.6,11.7,999,99,99
2025,01,30,00,09,240,2.6,99,99,99,99,999,1020.2,10.8,11.7,999,99,99
2025,01,30,01,09,240,2.6,99,99,99,99,999,1020.3,10.7,11.6,999,99,99
2025,01,30,02,09,250,2.1,99,99,99,99,999,1020.4,10.5,11.6,999,99,99
2025,01,30,03,09,260,1,99,99,99,99,999,1020.8,10.6,11.6,999,99,99
2025,01,30,04,09,270,1.5,99,99,99,99,999,1020.9,10.7,11.5,999,99,99
2025,01,30,05,09,280,1,99,99,99,99,999,1021.4,10.6,11.5,999,99,99
2025,01,30,06,09,320,1,99,99,99,99,999,1021.8,10.4,11.5,999,99,99
2025,01,30,06,59,330,1.5,99,99,99,99,999,1022.2,10.2,11.5,999,99,99
2025,01,30,08,09,320,1.5,99,99,99,99,999,1022.7,10,11.5,999,99,99
2025,01,30,09,09,310,1.5,99,99,99,99,999,1022.3,10.2,11.5,999,99,99
2025,01,30,10,09,320,2.1,99,99,99,99,999,1022.2,10.2,11.6,999,99,99
2025,01,30,11,09,360,1.5,99,99,99,99,999,1022.2,10,11.5,999,99,99
2025,01,30,12,09,10,1,99,99,99,99,999,1022.2,9.8,11.5,999,99,99
2025,01,30,13,09,330,2.1,99,99,99,99,999,1022.2,10,11.5,999,99,99
2025,01,30,14,09,20,2.1,99,99,99,99,999,1022.5,9.9,11.5,999,99,99
2025,01,30,15,09,20,2.1,99,99,99,99,999,1023.4,9.6,11.5,999,99,99
2025,01,30,16,09,40,1,99,99,99,99,999,1023.6,8.6,11.5,999,99,99
2025,01,30,17,09,40,1.5,99,99,99,99,999,1024.6,8.1,11.6,999,99,99
2025,01,30,18,09,50,1.5,99,99,99,99,999,1025.2,8.3,11.6,999,99,99
2025,01,30,19,09,40,2.1,99,99,99,99,999,1025.5,8.7,11.7,999,99,99
2025,01,30,20,09,40,2.1,99,99,99,99,999,1025.6,9.1,11.8,999,99,99
2025,01,30,21,09,50,2.6,99,99,99,99,999,1025.1,9.5,11.8,999,99,99
2025,01,30,22,09,20,3.1,99,99,99,99,999,1024.1,9.7,11.9,999,99,99
2025,01,30,23,09,40,2.1,99,99,99,99,999,1023.9,10.2,11.9,999,99,99
2025,01,31,00,09,260,2.6,99,99,99,99,999,1024.2,10.4,11.9,999,99,99
2025,01,31,01,09,210,4.1,99,99,99,99,999,1023.8,10.3,11.8,999,99,99
2025,01,31,02,09,210,3.6,99,99,99,99,999,1023.6,10,11.7,999,99,99
2025,01,31,03,09,200,4.1,99,99,99,99,999,1024.1,10,11.7,999,99,99
2025,01,31,04,09,170,4.1,99,99,99,99,999,1024.3,10,11.7,999,99,99
2025,01,31,05,09,180,3.6,99,99,99,99,999,1024.7,10.2,11.6,999,99,99
2025,01,31,06,09,210,4.1,99,99,99,99,999,1024.9,10.1,11.6,999,99,99
2025,01,31,07,09,120,3.1,99,99,99,99,999,1024.6,10.3,11.5,999,99,99
2025,01,31,08,09,50,3.6,99,99,99,99,999,1024.3,10.3,11.6,999,99,99
2025,01,31,09,09,30,3.1,99,99,99,99,999,1023.9,9.7,11.6,999,99,99
2025,01,31,10,09,30,2.1,99,99,99,99,999,1023.9,9.7,11.5,999,99,99
2025,01,31,11,09,50,2.1,99,99,99,99,999,1024.3,9.8,11.6,999,99,99
2025,01,31,12,09,100,1.5,99,99,99,99,999,1023.8,9.9,11.8,999,99,99
2025,01,31,13,09,50,1,99,99,99,99,999,1023.5,9.6,11.9,999,99,99
2025,01,31,14,09,40,1,99,99,99,99,999,1023.8,9.3,11.9,999,99,99
2025,01,31,15,09,30,1.5,99,99,99,99,999,1024.5,9.5,11.9,999,99,99
2025,01,31,16,09,30,1.5,99,99,99,99,999,1025.2,9.2,12,999,99,99
2025,01,31,17,09,50,1.5,99,99,99,99,999,1025.5,9.1,12,999,99,99
2025,01,31,18,09,50,1,99,99,99,99,999,1026.4,10,12,999,99,99
2025,01,31,19,09,50,1,99,99,99,99,999,1026.2,9.8,12.1,999,99,99
2025,01,31,20,09,40,1.5,99,99,99,99,999,1025.3,10.1,12.1,999,99,99
2025,01,31,21,09,90,2.1,99,99,99,99,999,1024.6,10.7,12.1,999,99,99
2025,01,31,22,09,150,1,99,99,99,99,999,1024,11.6,12.1,999,99,99
2025,01,31,23,09,150,1.5,99,99,99,99,999,1023.4,11.3,12,999,99,99
2025,02,01,00,09,120,2.6,99,99,99,99,999,1024,11.1,12,999,99,99
2025,02,01,01,09,10,3.1,99,99,99,99,999,1023.6,9.9,12.1,999,99,99
2025,02,01,02,09,50,1.5,99,99,99,99,999,1023.6,10.1,12.1,999,99,99
2025,02,01,03,09,40,1.5,99,99,99,99,999,1023.8,10.4,12,999,99,99
2025,02,01,04,09,20,1.5,99,99,99,99,999,1023.8,10.2,12,999,99,99
2025,02,01,05,09,40,1,99,99,99,99,999,1023.7,10.7,12,999,99,99
2025,02,01,06,09,360,1,99,99,99,99,999,1023.9,10.5,12,999,99,99
2025,02,01,07,09,30,1,99,99,99,99,999,1023.8,10.6,12,999,99,99
2025,02,01,08,09,60,1.5,99,99,99,99,999,1023.7,11.2,12,999,99,99
2025,02,01,08,59,90,1.5,99,99,99,99,999,1023.8,11.1,12,999,99,99
2025,02,01,09,59,20,1,99,99,99,99,999,1023.2,11,12,999,99,99
2025,02,01,10,59,350,1.5,99,99,99,99,999,1022.6,11.6,12,999,99,99
2025,02,01,11,59,20,2.1,99,99,99,99,999,1022.6,11.4,12,999,99,99
2025,02,01,12,59,90,1.5,99,99,99,99,999,1022.2,11.8,12,999,99,99
2025,02,01,13,59,40,1.5,99,99,99,99,999,1021.8,11.7,12,999,99,99
2025,02,01,14,59,40,1.5,99,99,99,99,999,1021.4,11.7,12,999,99,99
2025,02,01,15,59,60,1.5,99,99,99,99,999,1021.2,11.6,12,999,99,99
2025,02,01,16,59,10,1.5,99,99,99,99,999,1021,10.2,12,999,99,99
2025,02,01,17,59,360,1.5,99,99,99,99,999,1021,9.9,12,999,99,99
2025,02,01,18,59,360,1.5,99,99,99,99,999,1021.4,10.2,11.9,999,99,99
2025,02,01,19,59,160,1.5,99,99,99,99,999,1020.6,12.5,12,999,99,99
2025,02,01,21,09,170,1.5,99,99,99,99,999,1020.2,12.4,12,999,99,99
2025,02,01,22,09,160,2.6,99,99,99,99,999,1019.7,12.5,11.9,999,99,99
2025,02,01,23,09,160,1.5,99,99,99,99,999,1019.8,12.6,11.9,999,99,99
2025,02,02,00,09,160,2.6,99,99,99,99,999,1019.7,12.7,12,999,99,99
2025,02,02,01,09,160,2.1,99,99,99,99,999,1019.3,12.8,11.9,999,99,99
2025,02,02,02,09,170,2.6,99,99,99,99,999,1019,12.9,11.9,999,99,99
2025,02,02,03,09,170,3.6,99,99,99,99,999,1018.9,12.9,11.9,999,99,99
2025,02,02,04,09,160,3.6,99,99,99,99,999,1019,12.8,11.9,999,99,99
2025,02,02,05,09,160,3.1,99,99,99,99,999,1019.1,12.5,11.9,999,99,99
2025,02,02,06,09,160,4.6,99,99,99,99,999,1019.4,12.5,11.8,999,99,99
2025,02,02,07,09,150,4.6,99,99,99,99,999,1019.5,12.4,11.8,999,99,99
2025,02,02,08,09,140,3.6,99,99,99,99,999,1019.1,12.5,11.8,999,99,99
2025,02,02,09,09,150,2.6,99,99,99,99,999,1018.8,12.7,11.8,999,99,99
2025,02,02,10,09,140,2.6,99,99,99,99,999,1018.7,12.6,11.8,999,99,99
2025,02,02,11,09,150,3.6,99,99,99,99,999,1018.6,12.5,11.8,999,99,99
2025,02,02,12,09,160,3.6,99,99,99,99,999,1018.4,12.6,11.8,999,99,99
2025,02,02,13,09,150,2.1,99,99,99,99,999,1018,12.3,11.9,999,99,99
2025,02,02,14,09,160,2.6,99,99,99,99,999,1018,12.4,11.8,999,99,99
2025,02,02,15,09,140,3.1,99,99,99,99,999,1018.2,12.4,11.8,999,99,99
2025,02,02,16,09,140,1.5,99,99,99,99,999,1018.2,12.9,11.9,999,99,99
2025,02,02,17,09,150,1.5,99,99,99,99,999,1018.5,13.2,11.9,999,99,99
2025,02,02,18,09,150,1,99,99,99,99,999,1018.9,13.4,11.9,999,99,99
2025,02,02,19,09,150,1,99,99,99,99,999,1019,13.6,11.9,999,99,99
2025,02,02,20,09,170,1,99,99,99,99,999,1018.7,13,12,999,99,99
2025,02,02,20,59,170,1.5,99,99,99,99,999,1018.1,13.1,12,999,99,99
2025,02,02,21,59,170,1.5,99,99,99,99,999,1017.7,12.9,12,999,99,99
2025,02,02,22,59,170,1.5,99,99,99,99,999,1017.2,12.8,12,999,99,99
2025,02,02,23,59,170,1,99,99,99,99,999,1017.1,12.6,12,999,99,99
2025,02,03,01,59,200,1.5,99,99,99,99,999,1016.2,12.4,12,999,99,99
2025,02,03,02,59,180,1.5,99,99,99,99,999,1016,12.5,11.9,999,99,99
2025,02,03,03,59,180,1.5,99,99,99,99,999,1015.9,12.2,11.9,999,99,99
2025,02,03,04,59,170,1,99,99,99,99,999,1015.9,12.3,12,999,99,99
2025,02,03,05,59,150,1.5,99,99,99,99,999,1016.1,12,12,999,99,99
2025,02,03,06,59,160,1,99,99,99,99,999,1015.8,11.6,12,999,99,99
2025,02,03,07,59,170,1.5,99,99,99,99,999,1016.4,11.4,12,999,99,99
2025,02,03,09,09,160,3.1,99,99,99,99,999,1015.8,11.4,12,999,99,99
2025,02,03,10,09,170,3.1,99,99,99,99,999,1015.5,11.5,12,999,99,99
2025,02,03,11,09,160,4.1,99,99,99,99,999,1015.1,11.6,11.9,999,99,99
2025,02,03,12,09,150,2.6,99,99,99,99,999,1014.6,11.8,11.9,999,99,99
2025,02,03,13,09,140,2.1,99,99,99,99,999,1014.2,11.8,11.9,999,99,99
2025,02,03,14,09,140,3.1,99,99,99,99,999,1013.6,11.6,11.9,999,99,99
2025,02,03,15,09,140,3.1,99,99,99,99,999,1013.5,11.9,11.9,999,99,99
2025,02,03,16,09,150,2.6,99,99,99,99,999,1013.2,11.8,11.9,999,99,99
2025,02,03,17,09,140,2.6,99,99,99,99,999,1013.3,12,11.9,999,99,99
2025,02,03,18,09,110,1,99,99,99,99,999,1013.3,12.2,11.9,999,99,99
2025,02,03,19,09,160,1,99,99,99,99,999,1013.3,13,11.9,999,99,99
2025,02,03,20,09,150,2.1,99,99,99,99,999,1012.7,12.8,11.9,999,99,99
2025,02,03,21,09,140,1.5,99,99,99,99,999,1011.5,12.9,11.9,999,99,99
2025,02,03,22,09,130,1.5,99,99,99,99,999,1010.6,13,11.9,999,99,99
2025,02,03,23,09,140,1,99,99,99,99,999,1010.6,13.2,11.9,999,99,99
2025,02,04,00,09,150,1.5,99,99,99,99,999,1010.3,13.2,11.8,999,99,99
2025,02,04,01,09,140,1,99,99,99,99,999,1010,13.2,11.8,999,99,99
2025,02,04,02,09,140,1.5,99,99,99,99,999,1009.8,13.3,11.8,999,99,99
2025,02,04,03,09,150,1,99,99,99,99,999,1009.8,13.2,11.8,999,99,99
2025,02,04,04,09,140,1.5,99,99,99,99,999,1009.6,13.3,11.9,999,99,99
2025,02,04,05,09,150,1,99,99,99,99,999,1009.7,13.4,12,999,99,99
2025,02,04,06,09,140,1.5,99,99,99,99,999,1009.9,13.5,12,999,99,99
2025,02,04,07,09,150,2.1,99,99,99,99,999,1009.7,13.2,12,999,99,99
2025,02,04,08,09,150,1,99,99,99,99,999,1009.6,13.2,12,999,99,99
2025,02,04,09,09,150,1,99,99,99,99,999,1009.1,13.6,12,999,99,99
2025,02,04,10,09,140,1.5,99,99,99,99,999,1008.4,13.4,12,999,99,99
2025,02,04,11,09,120,1.5,99,99,99,99,999,1008.1,13.9,12,999,99,99
2025,02,04,12,09,120,1,99,99,99,99,999,1007.2,13.9,12,999,99,99
2025,02,04,13,09,140,1.5,99,99,99,99,999,1007,13.7,12,999,99,99
2025,02,04,14,09,140,1.5,99,99,99,99,999,1007.1,13.5,12,999,99,99
2025,02,04,15,09,130,1.5,99,99,99,99,999,1007,13.8,12.1,999,99,99
2025,02,04,16,09,130,0.5,99,99,99,99,999,1007.1,13.6,12.2,999,99,99
2025,02,04,17,09,140,9.8,99,99,99,99,999,1007.1,13.8,12.2,999,99,99
2025,02,04,18,09,140,13.4,99,99,99,99,999,1007,14.1,12.2,999,99,99
2025,02,04,19,09,130,13.4,99,99,99,99,999,1006.5,14.2,12.2,999,99,99
2025,02,04,20,09,130,12.9,99,99,99,99,999,1005.4,14.2,12.2,999,99,99
2025,02,04,21,09,140,13.4,99,99,99,99,999,1004.3,13.8,12.2,999,99,99
2025,02,04,22,09,120,18,99,99,99,99,999,1002.9,14.2,12.2,999,99,99
2025,02,04,23,09,130,13.9,99,99,99,99,999,1002.2,14.1,12.2,999,99,99
2025,02,05,00,09,140,13.4,99,99,99,99,999,1001.9,14.3,12.1,999,99,99
2025,02,05,01,09,150,14.9,99,99,99,99,999,1002.2,13.4,12.1,999,99,99
2025,02,05,02,09,160,13.4,99,99,99,99,999,1003,13.4,12.1,999,99,99
2025,02,05,03,09,270,9.3,99,99,99,99,999,1006.6,10.5,12.1,999,99,99
2025,02,05,04,09,270,10.3,99,99,99,99,999,1007.4,11,12.1,999,99,99
2025,02,05,05,09,290,9.8,99,99,99,99,999,1010.1,10.8,12.1,999,99,99
2025,02,05,06,09,280,8.2,99,99,99,99,999,1011.8,10.5,12.1,999,99,99
2025,02,05,07,09,300,9.3,99,99,99,99,999,1012.9,10.2,12,999,99,99
2025,02,05,08,09,310,8.8,99,99,99,99,999,1013.9,9.9,12.1,999,99,99
2025,02,05,09,09,340,5.7,99,99,99,99,999,1015,9.7,12.2,999,99,99
2025,02,05,10,09,340,5.1,99,99,99,99,999,1015.8,9.5,12.2,999,99,99
2025,02,05,11,09,330,6.2,99,99,99,99,999,1016.3,9.6,12.2,999,99,99
2025,02,05,12,09,340,8.2,99,99,99,99,999,1016.7,10,12.3,999,99,99
2025,02,05,13,09,20,6.2,99,99,99,99,999,1017.7,9.4,12.3,999,99,99
2025,02,05,14,09,30,5.1,99,99,99,99,999,1018.2,9,12.4,999,99,99
2025,02,05,15,09,350,5.7,99,99,99,99,999,1019.1,8.7,12.4,999,99,99
2025,02,05,16,09,30,4.1,99,99,99,99,999,1019.7,9,12.4,999,99,99
2025,02,05,17,09,40,4.6,99,99,99,99,999,1020.5,9,12.5,999,99,99
2025,02,05,18,09,20,5.7,99,99,99,99,999,1021,8.8,12.5,999,99,99
2025,02,05,19,09,360,4.6,99,99,99,99,999,1021.1,9.4,12.5,999,99,99
2025,02,05,20,09,340,3.6,99,99,99,99,999,1020.8,9.8,12.6,999,99,99
2025,02,05,21,09,340,3.6,99,99,99,99,999,1019.4,10.5,12.7,999,99,99
2025,02,05,22,09,310,5.7,99,99,99,99,999,1018.3,10.9,12.8,999,99,99
2025,02,05,23,09,300,7.7,99,99,99,99,999,1017.3,11.6,12.7,999,99,99
2025,02,06,00,09,300,7.2,99,99,99,99,999,1016.4,11.9,12.7,999,99,99
2025,02,06,01,09,300,7.2,99,99,99,99,999,1015.8,12,12.6,999,99,99
2025,02,06,02,09,330,5.7,99,99,99,99,999,1014.7,12,12.6,999,99,99
2025,02,06,03,09,30,5.7,99,99,99,99,999,1014.2,12.7,12.6,999,99,99
2025,02,06,04,09,20,8.2,99,99,99,99,999,1014.2,12.4,12.6,999,99,99
2025,02,06,05,09,20,7.7,99,99,99,99,999,1014.4,11.8,12.5,999,99,99
2025,02,06,06,09,10,6.7,99,99,99,99,999,1014.3,11.5,12.5,999,99,99
2025,02,06,07,09,30,6.7,99,99,99,99,999,1014,11.3,12.5,999,99,99
2025,02,06,08,09,40,6.2,99,99,99,99,999,1013.5,11.5,12.5,999,99,99
2025,02,06,09,09,30,7.7,99,99,99,99,999,1012.8,11,12.5,999,99,99
2025,02,06,10,09,30,7.2,99,99,99,99,999,1011.5,10.8,12.5,999,99,99
2025,02,06,11,09,40,7.2,99,99,99,99,999,1011.6,10.7,12.5,999,99,99
2025,02,06,12,09,40,7.7,99,99,99,99,999,1009.8,10.5,12.5,999,99,99
2025,02,06,13,09,30,5.7,99,99,99,99,999,1010.2,10.5,12.5,999,99,99
2025,02,06,14,09,180,3.1,99,99,99,99,999,1011.2,10.9,12.4,999,99,99
2025,02,06,15,09,190,8.2,99,99,99,99,999,1011.7,11.8,12.5,999,99,99
2025,02,06,16,09,150,8.8,99,99,99,99,999,1010.9,11.9,12.5,999,99,99
2025,02,06,17,09,90,6.7,99,99,99,99,999,1010.6,10.5,12.5,999,99,99
2025,02,06,18,09,120,4.6,99,99,99,99,999,1010,11.2,12.5,999,99,99
2025,02,06,19,09,50,4.6,99,99,99,99,999,1009.2,11.2,12.5,999,99,99
2025,02,06,22,09,140,12.9,99,99,99,99,999,1005.7,13.9,12.5,999,99,99
2025,02,06,23,09,130,13.9,99,99,99,99,999,1005,14.3,12.6,999,99,99
2025,02,07,00,09,140,13.4,99,99,99,99,999,1005,14.2,12.6,999,99,99
2025,02,07,01,09,140,12.9,99,99,99,99,999,1005.5,14,12.6,999,99,99
2025,02,07,02,09,150,12.9,99,99,99,99,999,1005.8,13.9,12.6,999,99,99
2025,02,07,03,09,150,11.8,99,99,99,99,999,1006.6,14.1,12.6,999,99,99
2025,02,07,04,09,160,12.9,99,99,99,99,999,1007.3,13.8,12.6,999,99,99
2025,02,07,05,09,160,10.3,99,99,99,99,999,1009.1,13.6,12.6,999,99,99
2025,02,07,06,09,190,11.3,99,99,99,99,999,1010.3,12.9,12.6,999,99,99
2025,02,07,07,09,250,9.8,99,99,99,99,999,1011.3,12.2,12.6,999,99,99
2025,02,07,08,09,240,10.8,99,99,99,99,999,1012.6,11.4,12.6,999,99,99
2025,02,07,09,09,230,5.7,99,99,99,99,999,1014.4,11.5,12.6,999,99,99
2025,02,07,10,09,240,7.2,99,99,99,99,999,1014.9,11.4,12.6,999,99,99
2025,02,07,11,09,240,6.2,99,99,99,99,999,1015.7,11.3,12.5,999,99,99
2025,02,07,12,09,240,6.2,99,99,99,99,999,1016.1,11.4,12.6,999,99,99
2025,02,07,13,09,230,4.6,99,99,99,99,999,1016.8,11.4,12.6,999,99,99
2025,02,07,14,09,230,3.1,99,99,99,99,999,1017.6,11.6,12.6,999,99,99
2025,02,07,15,09,240,3.6,99,99,99,99,999,1018.4,11.8,12.6,999,99,99
2025,02,07,16,09,240,3.6,99,99,99,99,999,1019.2,12,12.6,999,99,99
2025,02,07,17,09,240,7.7,99,99,99,99,999,1020.7,10.8,12.6,999,99,99
2025,02,07,18,09,270,5.7,99,99,99,99,999,1021.8,10,12.6,999,99,99
2025,02,07,19,09,270,4.6,99,99,99,99,999,1023.1,11.3,12.6,999,99,99
2025,02,07,20,09,300,4.1,99,99,99,99,999,1022,11.5,12.7,999,99,99
2025,02,07,21,09,270,3.1,99,99,99,99,999,1022.2,11.9,12.8,999,99,99
2025,02,07,22,09,260,4.1,99,99,99,99,999,1022.3,12.1,12.9,999,99,99
2025,02,07,23,09,280,4.6,99,99,99,99,999,1022.4,12,12.9,999,99,99
2025,02,08,00,09,290,5.1,99,99,99,99,999,1022.7,11.9,12.9,999,99,99
2025,02,08,01,09,300,6.2,99,99,99,99,999,1022.7,11.7,12.8,999,99,99
2025,02,08,02,09,310,7.2,99,99,99,99,999,1022.5,11.8,12.7,999,99,99
2025,02,08,03,09,330,6.7,99,99,99,99,999,1023.1,12,12.7,999,99,99
2025,02,08,04,09,320,6.2,99,99,99,99,999,1023.8,11.6,12.6,999,99,99
2025,02,08,05,09,310,8.8,99,99,99,99,999,1023.9,11,12.6,999,99,99
2025,02,08,06,09,340,7.7,99,99,99,99,999,1024.2,10.9,12.6,999,99,99
2025,02,08,07,09,290,8.2,99,99,99,99,999,1024.1,10.8,12.6,999,99,99
2025,02,08,08,09,320,6.2,99,99,99,99,999,1024.3,10.6,12.6,999,99,99
2025,02,08,09,09,340,5.1,99,99,99,99,999,1024.3,10,12.6,999,99,99
2025,02,08,10,09,360,3.6,99,99,99,99,999,1024.1,9.3,12.6,999,99,99
2025,02,08,11,09,350,3.6,99,99,99,99,999,1024.2,9.6,12.6,999,99,99
2025,02,08,12,09,10,4.1,99,99,99,99,999,1024.2,9.6,12.6,999,99,99
2025,02,08,13,09,350,3.6,99,99,99,99,999,1024.3,10,12.6,999,99,99
2025,02,08,14,09,10,3.1,99,99,99,99,999,1024.6,9.2,12.6,999,99,99
2025,02,08,15,09,360,3.1,99,99,99,99,999,1025.3,9,12.6,999,99,99
2025,02,08,16,09,60,4.1,99,99,99,99,999,1026.3,9.5,12.6,999,99,99
2025,02,08,17,09,30,3.1,99,99,99,99,999,1026.9,9.1,12.6,999,99,99
2025,02,08,18,09,350,4.1,99,99,99,99,999,1027.3,9.5,12.6,999,99,99
2025,02,08,19,09,300,3.1,99,99,99,99,999,1027.2,10,12.7,999,99,99
2025,02,08,20,09,300,5.1,99,99,99,99,999,1026.6,10.5,12.7,999,99,99
2025,02,08,21,09,280,6.7,99,99,99,99,999,1025.5,11,12.7,999,99,99
2025,02,08,22,09,290,7.7,99,99,99,99,999,1024.8,11.3,12.7,999,99,99
2025,02,08,22,59,300,7.2,99,99,99,99,999,1024.5,11.6,12.7,999,99,99
2025,02,09,00,09,290,8.2,99,99,99,99,999,1024.1,12,12.7,999,99,99
2025,02,09,01,09,290,9.3,99,99,99,99,999,1023.6,11.9,12.7,999,99,99
2025,02,09,01,59,290,9.3,99,99,99,99,999,1023.3,12,12.6,999,99,99
2025,02,09,03,09,10,8.8,99,99,99,99,999,1023.4,11.6,12.6,999,99,99
2025,02,09,04,09,350,7.7,99,99,99,99,999,1023.8,11.5,12.6,999,99,99
2025,02,09,05,09,160,6.7,99,99,99,99,999,1024.2,11.3,12.6,999,99,99
2025,02,09,06,09,190,6.7,99,99,99,99,999,1023.7,11.4,12.6,999,99,99
2025,02,09,07,09,180,5.1,99,99,99,99,999,1024.4,11.2,12.5,999,99,99
2025,02,09,08,09,150,4.6,99,99,99,99,999,1024.5,10.6,12.5,999,99,99
2025,02,09,09,09,270,5.7,99,99,99,99,999,1024.2,9.9,12.5,999,99,99
2025,02,09,10,09,80,5.1,99,99,99,99,999,1023.9,9.9,12.5,999,99,99
2025,02,09,11,09,140,5.1,99,99,99,99,999,1023.6,9.9,12.5,999,99,99
2025,02,09,12,09,100,4.6,99,99,99,99,999,1023.2,9.1,12.5,999,99,99
2025,02,09,13,09,110,3.1,99,99,99,99,999,1023.2,8.8,12.5,999,99,99
2025,02,09,14,09,130,4.1,99,99,99,99,999,1022.7,8.9,12.5,999,99,99
2025,02,09,15,09,80,5.1,99,99,99,99,999,1022.8,9,12.5,999,99,99
2025,02,09,16,09,110,4.6,99,99,99,99,999,1023.3,8.9,12.5,999,99,99
2025,02,09,17,09,250,4.6,99,99,99,99,999,1023.6,8.8,12.5,999,99,99
2025,02,09,18,09,110,4.1,99,99,99,99,999,1023.7,8.9,12.6,999,99,99
2025,02,09,19,09,150,4.1,99,99,99,99,999,1023.5,9.3,12.6,999,99,99
2025,02,09,20,09,20,4.1,99,99,99,99,999,1022.5,9.9,12.7,999,99,99
2025,02,09,21,09,320,3.1,99,99,99,99,999,1021.4,11.3,13,999,99,99
2025,02,09,22,09,230,4.6,99,99,99,99,999,1020.5,11.5,13,999,99,99
2025,02,09,22,59,50,7.7,99,99,99,99,999,1019.9,11.8,12.8,999,99,99
2025,02,10,00,09,270,9.8,99,99,99,99,999,1019.4,11.7,12.7,999,99,99
2025,02,10,01,09,260,8.2,99,99,99,99,999,1019.1,11.6,12.6,999,99,99
2025,02,10,02,09,290,8.2,99,99,99,99,999,1019,11.6,12.6,999,99,99
2025,02,10,03,09,340,8.2,99,99,99,99,999,1019,11.6,12.5,999,99,99
2025,02,10,04,09,300,8.8,99,99,99,99,999,1019.4,11.7,12.5,999,99,99
2025,02,10,05,09,320,6.2,99,99,99,99,999,1019.7,11.7,12.5,999,99,99
2025,02,10,06,09,360,5.7,99,99,99,99,999,1020.2,11.2,12.6,999,99,99
2025,02,10,07,09,310,8.8,99,99,99,99,999,1020.5,10.9,12.5,999,99,99
2025,02,10,08,09,310,8.8,99,99,99,99,999,1020.5,11.2,12.5,999,99,99
2025,02,10,09,09,360,7.2,99,99,99,99,999,1020.5,10.3,12.5,999,99,99
2025,02,10,10,09,20,5.7,99,99,99,99,999,1020.4,10.4,12.5,999,99,99
2025,02,10,11,09,20,6.2,99,99,99,99,999,1020,9.5,12.4,999,99,99
2025,02,10,12,09,30,6.7,99,99,99,99,999,1019.9,8.9,12.4,999,99,99
2025,02,10,13,09,350,6.7,99,99,99,99,999,1019.7,8.4,12.5,999,99,99
2025,02,10,13,59,50,3.1,99,99,99,99,999,1019.8,7.8,12.4,999,99,99
2025,02,10,15,09,30,7.2,99,99,99,99,999,1020,7.6,12.4,999,99,99
2025,02,10,15,59,350,3.1,99,99,99,99,999,1020.4,7.5,12.4,999,99,99
2025,02,10,17,09,30,6.7,99,99,99,99,999,1020.8,7.8,12.4,999,99,99
2025,02,10,17,59,30,2.1,99,99,99,99,999,1021,8,12.4,999,99,99
2025,02,10,19,09,30,4.6,99,99,99,99,999,1021.2,9.2,12.5,999,99,99
2025,02,10,19,59,210,1.5,99,99,99,99,999,1020.8,10,12.6,999,99,99
2025,02,10,20,59,230,1.5,99,99,99,99,999,1020.1,10.1,12.8,999,99,99
2025,02,10,22,09,250,6.2,99,99,99,99,999,1019.1,11,12.8,999,99,99
2025,02,10,23,09,230,8.8,99,99,99,99,999,1018.6,10.8,12.7,999,99,99
2025,02,11,00,09,280,8.2,99,99,99,99,999,1018.2,10.7,12.6,999,99,99
2025,02,11,00,59,270,8.8,99,99,99,99,999,1017.9,10.5,12.5,999,99,99
2025,02,11,02,09,150,9.8,99,99,99,99,999,1017.9,10.3,12.5,999,99,99
2025,02,11,03,09,290,9.8,99,99,99,99,999,1017.9,10.3,12.4,999,99,99
2025,02,11,04,09,300,9.8,99,99,99,99,999,1017.7,10.1,12.3,999,99,99
2025,02,11,05,09,280,9.3,99,99,99,99,999,1017.8,10,12.3,999,99,99
2025,02,11,05,59,70,8.8,99,99,99,99,999,1018.3,10,12.3,999,99,99
2025,02,11,07,09,350,6.7,99,99,99,99,999,1018.1,9.7,12.3,999,99,99
2025,02,11,08,09,300,7.2,99,99,99,99,999,1018.2,9.6,12.2,999,99,99
2025,02,11,08,59,140,5.1,99,99,99,99,999,1017.9,9.5,12.3,999,99,99
2025,02,11,09,59,280,5.1,99,99,99,99,999,1017.7,9.4,12.3,999,99,99
2025,02,11,10,59,260,3.1,99,99,99,99,999,1017.6,9.3,12.2,999,99,99
2025,02,11,11,59,300,3.6,99,99,99,99,999,1017.2,9.1,12.2,999,99,99
2025,02,11,12,59,340,2.6,99,99,99,99,999,1017.2,8.8,12.2,999,99,99
2025,02,11,13,59,90,2.6,99,99,99,99,999,1017.1,8.8,12.2,999,99,99
2025,02,11,14,59,170,2.1,99,99,99,99,999,1017.5,8.4,12.2,999,99,99
2025,02,11,16,09,290,4.1,99,99,99,99,999,1017.8,9,12.1,999,99,99
2025,02,11,16,59,80,1.5,99,99,99,99,999,1018.2,9.5,12.2,999,99,99
2025,02,11,18,09,190,2.1,99,99,99,99,999,1018.4,10,12.3,999,99,99
2025,02,11,19,09,210,3.1,99,99,99,99,999,1018.6,10.2,12.3,999,99,99
2025,02,11,19,59,210,2.6,99,99,99,99,999,1018.7,10.4,12.4,999,99,99
2025,02,11,20,59,200,3.1,99,99,99,99,999,1017.9,10.4,12.4,999,99,99
2025,02,11,21,59,140,8.2,99,99,99,99,999,1016.3,10.7,12.5,999,99,99
2025,02,11,23,09,160,8.2,99,99,99,99,999,1015.7,10.6,12.4,999,99,99
2025,02,11,23,59,160,8.8,99,99,99,99,999,1015.8,10.5,12.4,999,99,99
2025,02,12,00,59,220,8.2,99,99,99,99,999,1016.1,10.5,12.4,999,99,99
2025,02,12,01,59,160,7.2,99,99,99,99,999,1015.5,10.3,12.4,999,99,99
2025,02,12,02,59,170,5.7,99,99,99,99,999,1015,10.4,12.3,999,99,99
2025,02,12,04,09,270,6.2,99,99,99,99,999,1014.3,10.8,12.3,999,99,99
2025,02,12,04,59,230,2.1,99,99,99,99,999,1014.3,9.4,12.3,999,99,99
2025,02,12,05,59,310,3.6,99,99,99,99,999,1013.8,8.8,12.2,999,99,99
2025,02,12,06,59,100,4.6,99,99,99,99,999,1013.6,8.7,12.2,999,99,99
2025,02,12,07,59,230,7.2,99,99,99,99,999,1013.1,8.1,12.2,999,99,99
2025,02,12,08,59,30,6.7,99,99,99,99,999,1012.9,8.3,12.2,999,99,99
2025,02,12,09,59,260,5.7,99,99,99,99,999,1012.4,8.2,12.2,999,99,99
2025,02,12,10,59,350,7.2,99,99,99,99,999,1011.6,8,12.2,999,99,99
2025,02,12,11,59,160,9.3,99,99,99,99,999,1010.9,8.2,12.2,999,99,99
2025,02,12,12,59,250,8.8,99,99,99,99,999,1010.7,8.2,12.2,999,99,99
2025,02,12,13,59,20,9.8,99,99,99,99,999,1009.8,8.2,12.2,999,99,99
2025,02,12,14,59,30,9.3,99,99,99,99,999,1010.6,8.5,12.2,999,99,99
2025,02,12,15,59,330,9.3,99,99,99,99,999,1011,8.8,12.2,999,99,99
2025,02,12,16,59,250,7.7,99,99,99,99,999,1011,8.5,12.3,999,99,99
2025,02,12,17,59,190,5.7,99,99,99,99,999,1011.2,9.3,12.3,999,99,99
2025,02,12,18,59,20,6.2,99,99,99,99,999,1011.7,10,12.3,999,99,99
2025,02,12,19,59,130,5.1,99,99,99,99,999,1011.1,10.4,12.3,999,99,99
2025,02,12,20,59,40,3.1,99,99,99,99,999,1010.6,10.8,12.3,999,99,99
2025,02,12,21,59,260,3.1,99,99,99,99,999,1009.5,10.9,12.3,999,99,99
2025,02,12,22,59,330,1.5,99,99,99,99,999,1009.2,11,12.3,999,99,99
2025,02,12,23,59,250,2.1,99,99,99,99,999,1009,11.2,12.3,999,99,99
2025,02,13,00,59,170,3.1,99,99,99,99,999,1008.3,11.1,12.3,999,99,99
2025,02,13,01,59,290,2.6,99,99,99,99,999,1008.1,10.6,12.3,999,99,99
2025,02,13,02,59,140,1.5,99,99,99,99,999,1007.8,10.1,12.3,999,99,99
2025,02,13,03,59,10,3.1,99,99,99,99,999,1007.7,10.2,12.3,999,99,99
2025,02,13,04,59,350,2.6,99,99,99,99,999,1007.6,10.6,12.2,999,99,99
2025,02,13,05,59,40,5.7,99,99,99,99,999,1006.9,10.9,12.2,999,99,99
2025,02,13,06,59,110,4.1,99,99,99,99,999,1005.8,11.3,12.2,999,99,99
2025,02,13,07,59,160,10.8,99,99,99,99,999,1003.8,12.7,12.2,999,99,99
2025,02,13,08,59,140,11.3,99,99,99,99,999,1003.5,12.6,12.1,999,99,99
2025,02,13,09,59,200,10.8,99,99,99,99,999,1002.5,13,12.1,999,99,99
2025,02,13,10,59,160,11.8,99,99,99,99,999,1001.8,12.8,12,999,99,99
2025,02,13,11,59,210,11.3,99,99,99,99,999,1001.7,12.9,12,999,99,99
2025,02,13,12,59,120,10.8,99,99,99,99,999,1001.2,12.8,12.2,999,99,99
2025,02,13,13,59,190,7.7,99,99,99,99,999,1002.4,12.7,12.2,999,99,99
2025,02,13,14,59,360,9.8,99,99,99,99,999,1001.4,12,12.2,999,99,99
2025,02,13,15,59,120,9.3,99,99,99,99,999,1002.2,12.5,12.2,999,99,99
2025,02,13,16,59,190,9.3,99,99,99,99,999,1002.4,12.4,12.2,999,99,99
2025,02,13,17,59,170,7.7,99,99,99,99,999,1003.3,12.7,12.2,999,99,99
2025,02,13,18,59,340,9.3,99,99,99,99,999,1003.7,12.9,12.2,999,99,99
2025,02,13,19,59,240,10.8,99,99,99,99,999,1003.3,12.6,12.1,999,99,99
2025,02,13,20,59,90,11.3,99,99,99,99,999,1003.2,12.2,12.1,999,99,99
2025,02,13,21,59,290,10.3,99,99,99,99,999,1003.4,12.8,12.1,999,99,99
2025,02,13,22,59,300,9.3,99,99,99,99,999,1003.5,12.9,12.1,999,99,99
2025,02,13,23,59,350,9.3,99,99,99,99,999,1004.2,13,12.1,999,99,99
2025,02,14,00,59,280,9.3,99,99,99,99,999,1005.3,12.9,12.1,999,99,99
2025,02,14,01,59,260,8.2,99,99,99,99,999,1006.8,12.7,12.1,999,99,99
2025,02,14,02,59,320,8.2,99,99,99,99,999,1006.6,12.8,12.1,999,99,99
2025,02,14,03,59,310,7.7,99,99,99,99,999,1007.3,12.7,12.1,999,99,99
2025,02,14,04,59,350,10.8,99,99,99,99,999,1007.9,12.4,12.1,999,99,99
2025,02,14,05,59,230,7.2,99,99,99,99,999,1009.4,12.2,12.1,999,99,99
2025,02,14,06,59,240,9.8,99,99,99,99,999,1009.9,12.6,12.1,999,99,99
2025,02,14,07,59,30,7.2,99,99,99,99,999,1011.4,12.4,12.1,999,99,99
2025,02,14,08,59,40,6.7,99,99,99,99,999,1012,12.3,12.1,999,99,99
2025,02,14,09,59,350,7.7,99,99,99,99,999,1012.8,12.4,12.1,999,99,99
2025,02,14,10,59,230,7.2,99,99,99,99,999,1013.1,12.3,12.1,999,99,99
2025,02,14,11,59,330,9.3,99,99,99,99,999,1013.9,11.7,12.1,999,99,99
2025,02,14,12,59,260,7.2,99,99,99,99,999,1015.6,11.3,12.1,999,99,99
2025,02,14,13,59,350,9.3,99,99,99,99,999,1016.4,11.9,12.1,999,99,99
2025,02,14,14,59,150,6.7,99,99,99,99,999,1017.5,11.8,12.1,999,99,99
2025,02,14,15,59,10,8.2,99,99,99,99,999,1018.6,11.7,12.1,999,99,99
2025,02,14,16,59,310,7.7,99,99,99,99,999,1020.1,11.8,12.1,999,99,99
2025,02,14,17,59,260,6.7,99,99,99,99,999,1021.3,11.8,12.2,999,99,99
2025,02,14,18,59,110,7.2,99,99,99,99,999,1022.2,11.8,12.2,999,99,99
2025,02,14,19,59,190,6.7,99,99,99,99,999,1022.9,11.5,12.2,999,99,99
2025,02,14,20,59,30,7.7,99,99,99,99,999,1022.9,11.8,12.2,999,99,99
2025,02,14,21,59,40,10.3,99,99,99,99,999,1022.3,11.6,12.2,999,99,99
2025,02,14,22,59,60,7.7,99,99,99,99,999,1022.9,11.9,12.2,999,99,99
2025,02,14,23,59,310,8.2,99,99,99,99,999,1023.1,11.9,12.2,999,99,99
2025,02,15,00,59,30,9.3,99,99,99,99,999,1023.2,11.9,12.2,999,99,99
2025,02,15,01,59,110,10.8,99,99,99,99,999,1023.2,11.5,12.1,999,99,99
2025,02,15,02,59,70,8.8,99,99,99,99,999,1024.1,11.5,12.1,999,99,99
2025,02,15,03,59,120,8.2,99,99,99,99,999,1024.5,11.1,12.1,999,99,99
2025,02,15,04,59,110,8.2,99,99,99,99,999,1025,11,12.1,999,99,99
2025,02,15,05,59,270,7.2,99,99,99,99,999,1025.5,11,12.1,999,99,99
2025,02,15,06,59,260,5.7,99,99,99,99,999,1025.7,10.8,12.1,999,99,99
2025,02,15,07,59,160,3.6,99,99,99,99,999,1025.5,9.7,12,999,99,99
2025,02,15,08,59,240,3.1,99,99,99,99,999,1025.7,9.4,12,999,99,99
2025,02,15,09,59,340,4.1,99,99,99,99,999,1026,9.7,12,999,99,99
2025,02,15,10,59,340,3.6,99,99,99,99,999,1025.8,9.6,12,999,99,99
2025,02,15,11,59,330,3.6,99,99,99,99,999,1025.9,9.2,12,999,99,99
2025,02,15,12,59,340,3.1,99,99,99,99,999,1025.8,9.2,12,999,99,99
2025,02,15,13,59,10,5.1,99,99,99,99,999,1025.5,9,12.1,999,99,99
2025,02,15,14,59,230,4.6,99,99,99,99,999,1025.9,9.2,12.1,999,99,99
2025,02,15,15,59,360,4.1,99,99,99,99,999,1026.6,8.3,12.1,999,99,99
2025,02,15,16,59,30,4.6,99,99,99,99,999,1027.6,8.3,12.1,999,99,99
2025,02,15,17,59,300,4.6,99,99,99,99,999,1027.6,8.6,12.1,999,99,99
2025,02,15,18,59,120,4.1,99,99,99,99,999,1027.9,9.1,12.2,999,99,99
2025,02,15,19,59,220,3.1,99,99,99,99,999,1027.6,9.8,12.3,999,99,99
2025,02,15,20,59,360,2.1,99,99,99,99,999,1027.2,10.7,12.5,999,99,99
2025,02,15,21,59,80,4.6,99,99,99,99,999,1026.6,11.2,12.5,999,99,99
2025,02,15,22,59,30,3.1,99,99,99,99,999,1025.4,11.5,12.5,999,99,99
2025,02,15,23,59,80,4.1,99,99,99,99,999,1025,11.6,12.5,999,99,99
2025,02,16,00,59,30,5.1,99,99,99,99,999,1024.6,11.5,12.4,999,99,99
2025,02,16,01,59,270,4.6,99,99,99,99,999,1024.7,11.7,12.4,999,99,99
2025,02,16,02,59,40,6.7,99,99,99,99,999,1024.7,11.6,12.3,999,99,99
2025,02,16,03,59,130,6.2,99,99,99,99,999,1024.8,11.6,12.3,999,99,99
2025,02,16,04,59,340,6.2,99,99,99,99,999,1025.1,11.6,12.3,999,99,99
2025,02,16,05,59,240,4.6,99,99,99,99,999,1024.8,11.5,12.2,999,99,99
2025,02,16,06,59,270,4.6,99,99,99,99,999,1024.6,11.4,12.2,999,99,99
2025,02,16,07,59,290,2.6,99,99,99,99,999,1023.9,11.4,12.2,999,99,99
2025,02,16,08,59,300,2.1,99,99,99,99,999,1023.2,11.2,12.2,999,99,99
2025,02,16,09,59,260,3.1,99,99,99,99,999,1023.2,11.3,12.1,999,99,99
2025,02,16,10,59,270,3.6,99,99,99,99,999,1023.2,10.4,12.1,999,99,99
2025,02,16,11,59,280,1,99,99,99,99,999,1022.7,10.8,12.1,999,99,99
2025,02,16,12,59,190,5.7,99,99,99,99,999,1022.2,10,12.1,999,99,99
2025,02,16,13,59,90,5.1,99,99,99,99,999,1021.9,9.6,12,999,99,99
2025,02,16,14,59,60,4.6,99,99,99,99,999,1022,9.3,12,999,99,99
2025,02,16,15,59,130,5.1,99,99,99,99,999,1021.8,9.4,12,999,99,99
2025,02,16,16,59,350,5.1,99,99,99,99,999,1022,9.4,12.1,999,99,99
2025,02,16,17,59,340,5.1,99,99,99,99,999,1022,10.3,12.1,999,99,99
2025,02,16,18,59,120,4.1,99,99,99,99,999,1021.5,11,12.2,999,99,99
2025,02,16,19,59,80,1.5,99,99,99,99,999,1021.1,11.8,12.3,999,99,99
2025,02,16,20,59,140,3.1,99,99,99,99,999,1020.2,11.9,12.3,999,99,99
2025,02,16,21,59,350,5.1,99,99,99,99,999,1019.5,12,12.8,999,99,99
2025,02,16,22,59,150,5.7,99,99,99,99,999,1019.3,12.4,12.4,999,99,99
2025,02,16,23,59,340,4.6,99,99,99,99,999,1018.6,12.3,12.3,999,99,99
2025,02,17,00,59,180,5.7,99,99,99,99,999,1017.9,12.2,12.4,999,99,99
2025,02,17,01,59,70,4.1,99,99,99,99,999,1017.8,12,12.3,999,99,99
2025,02,17,02,59,190,4.6,99,99,99,99,999,1018,12,12.4,999,99,99
2025,02,17,03,59,240,3.6,99,99,99,99,999,1018.5,11.9,12.4,999,99,99
2025,02,17,04,59,260,5.1,99,99,99,99,999,1018.6,11.8,12.5,999,99,99
2025,02,17,05,59,290,5.1,99,99,99,99,999,1018.5,11.4,12.4,999,99,99
2025,02,17,06,59,300,2.1,99,99,99,99,999,1018.8,11.3,12.3,999,99,99
2025,02,17,07,59,260,4.6,99,99,99,99,999,1019,11.5,12.3,999,99,99
2025,02,17,08,59,280,3.6,99,99,99,99,999,1018.9,11.4,12.3,999,99,99
2025,02,17,09,59,260,3.6,99,99,99,99,999,1018,10.8,12.3,999,99,99
2025,02,17,10,59,230,2.1,99,99,99,99,999,1018,10.8,12.3,999,99,99
2025,02,17,11,59,310,2.1,99,99,99,99,999,1017.8,10.7,12.3,999,99,99
2025,02,17,12,59,290,2.6,99,99,99,99,999,1019,10.1,12.3,999,99,99
2025,02,17,13,59,260,1.5,99,99,99,99,999,1019.5,9.8,12.3,999,99,99
2025,02,17,14,59,250,7.2,99,99,99,99,999,1019.3,10.2,12.2,999,99,99
2025,02,17,15,59,290,5.7,99,99,99,99,999,1019.6,10.4,12.2,999,99,99
2025,02,17,16,59,300,5.1,99,99,99,99,999,1020.2,9.7,12.2,999,99,99
2025,02,17,17,59,310,5.1,99,99,99,99,999,1020.1,10.2,12.3,999,99,99
2025,02,17,18,59,130,4.6,99,99,99,99,999,1020.1,10.6,12.4,999,99,99
2025,02,17,19,59,310,1.5,99,99,99,99,999,1020,11.4,12.5,999,99,99
2025,02,17,20,59,250,5.1,99,99,99,99,999,1020.2,11.5,12.7,999,99,99
2025,02,17,21,59,100,7.7,99,99,99,99,999,1019,12,12.8,999,99,99
2025,02,17,22,59,40,8.8,99,99,99,99,999,1018.4,12.1,12.6,999,99,99
2025,02,17,23,59,70,10.3,99,99,99,99,999,1018.5,12,12.3,999,99,99
2025,02,18,00,59,80,9.3,99,99,99,99,999,1018.4,12.1,12.3,999,99,99
2025,02,18,01,59,160,9.3,99,99,99,99,999,1018.7,12.1,12.3,999,99,99
2025,02,18,02,59,70,10.3,99,99,99,99,999,1019.2,11.9,12.2,999,99,99
2025,02,18,03,59,70,8.8,99,99,99,99,999,1019.4,11.7,12.3,999,99,99
2025,02,18,04,59,80,8.8,99,99,99,99,999,1019.8,11.5,12.2,999,99,99
2025,02,18,05,59,20,6.7,99,99,99,99,999,1020.4,11.4,12.1,999,99,99
2025,02,18,06,59,270,8.2,99,99,99,99,999,1020.1,11.2,12.1,999,99,99
2025,02,18,07,59,150,7.2,99,99,99,99,999,1020,11.1,12.1,999,99,99
2025,02,18,08,59,170,8.2,99,99,99,99,999,1020.3,11.2,12.1,999,99,99
2025,02,18,09,59,310,5.1,99,99,99,99,999,1020.5,10.9,12.1,999,99,99
2025,02,18,10,59,330,4.6,99,99,99,99,999,1019.9,10.4,12.2,999,99,99
2025,02,18,11,59,240,4.1,99,99,99,99,999,1019.7,10.6,12.1,999,99,99
2025,02,18,12,59,330,1.5,99,99,99,99,999,1020.4,10.5,12.2,999,99,99
2025,02,18,13,59,160,3.1,99,99,99,99,999,1020.9,10.6,12.1,999,99,99
2025,02,18,14,59,80,5.1,99,99,99,99,999,1020.7,10.2,12.1,999,99,99
2025,02,18,15,59,10,4.6,99,99,99,99,999,1020.8,9.9,12.2,999,99,99
2025,02,18,16,59,240,4.1,99,99,99,99,999,1021.6,10.1,12.2,999,99,99
2025,02,18,17,59,40,4.6,99,99,99,99,999,1021.7,10.7,12.2,999,99,99
2025,02,18,18,59,40,4.1,99,99,99,99,999,1022,11,12.3,999,99,99
2025,02,18,19,59,10,2.6,99,99,99,99,999,1021.5,11.4,12.5,999,99,99
2025,02,18,21,09,300,4.1,99,99,99,99,999,1021,11.6,12.6,999,99,99
2025,02,18,22,09,300,5.7,99,99,99,99,999,1020.4,11.8,12.6,999,99,99
2025,02,18,23,09,330,5.7,99,99,99,99,999,1019.9,12.2,12.5,999,99,99
2025,02,19,00,09,310,6.2,99,99,99,99,999,1019.7,12.1,12.6,999,99,99
2025,02,19,01,09,50,7.2,99,99,99,99,999,1020,12,12.3,999,99,99
2025,02,19,02,09,160,6.2,99,99,99,99,999,1020.2,11.9,12.3,999,99,99
2025,02,19,03,09,320,3.1,99,99,99,99,999,1020.5,12.1,12.2,999,99,99
2025,02,19,05,09,200,5.7,99,99,99,99,999,1021,12.3,12.1,999,99,99
2025,02,19,06,09,360,2.6,99,99,99,99,999,1021,12,12.1,999,99,99
2025,02,19,07,09,350,2.6,99,99,99,99,999,1020.9,11.8,12.1,999,99,99
2025,02,19,08,09,290,3.6,99,99,99,99,999,1021.2,11.3,12.1,999,99,99
2025,02,19,09,09,340,4.1,99,99,99,99,999,1021.2,11.5,12.1,999,99,99
2025,02,19,10,09,350,4.1,99,99,99,99,999,1020.5,11.5,12.1,999,99,99
2025,02,19,11,09,20,5.1,99,99,99,99,999,1019.9,11,12.1,999,99,99
2025,02,19,12,09,350,4.1,99,99,99,99,999,1020.5,11.2,12.1,999,99,99
2025,02,19,13,09,350,3.1,99,99,99,99,999,1020.3,11.3,12.1,999,99,99
2025,02,19,14,09,360,5.1,99,99,99,99,999,1020.1,11.5,12.1,999,99,99
2025,02,19,15,09,320,3.6,99,99,99,99,999,1021.1,11.5,12.1,999,99,99
2025,02,19,16,09,270,4.1,99,99,99,99,999,1021.8,11.7,12.1,999,99,99
2025,02,19,17,09,260,3.6,99,99,99,99,999,1022.6,11.8,12.1,999,99,99
2025,02,19,18,09,260,1.5,99,99,99,99,999,1023.3,12.1,12.2,999,99,99
2025,02,19,19,09,170,1.5,99,99,99,99,999,1022.9,12.6,12.2,999,99,99
2025,02,19,20,09,140,2.1,99,99,99,99,999,1022.7,12.4,12.3,999,99,99
2025,02,19,21,09,240,3.6,99,99,99,99,999,1022.3,11.9,12.6,999,99,99
2025,02,19,22,09,290,2.6,99,99,99,99,999,1022.5,11.6,12.6,999,99,99
2025,02,19,23,09,300,1.5,99,99,99,99,999,1022.7,11.7,12.5,999,99,99
2025,02,20,00,09,290,2.1,99,99,99,99,999,1022.6,11.8,12.7,999,99,99
2025,02,20,02,09,290,6.2,99,99,99,99,999,1021.6,12.4,12.5,999,99,99
2025,02,20,03,09,300,7.2,99,99,99,99,999,1021.2,12.1,12.4,999,99,99
2025,02,20,04,09,200,3.1,99,99,99,99,999,1021.4,11.9,12.3,999,99,99
2025,02,20,05,09,180,2.1,99,99,99,99,999,1021.4,10.7,12.2,999,99,99
2025,02,20,06,09,80,2.6,99,99,99,99,999,1021.5,10.4,12.2,999,99,99
2025,02,20,07,09,160,1,99,99,99,99,999,1022.1,10.4,12.3,999,99,99
2025,02,20,08,09,270,6.2,99,99,99,99,999,1022.1,11.1,12.3,999,99,99
2025,02,20,09,09,320,4.6,99,99,99,99,999,1021.8,10.8,12.2,999,99,99
2025,02,20,10,09,50,3.6,99,99,99,99,999,1021.5,10.8,12.1,999,99,99
2025,02,20,11,09,290,2.1,99,99,99,99,999,1021.1,10.8,12.1,999,99,99
2025,02,20,12,09,350,1.5,99,99,99,99,999,1020.7,10.3,12.1,999,99,99
2025,02,20,13,09,200,1.5,99,99,99,99,999,1020.7,10.1,12.2,999,99,99
2025,02,20,14,09,40,3.1,99,99,99,99,999,1020.3,9.5,12.1,999,99,99
2025,02,20,15,09,130,2.6,99,99,99,99,999,1021.1,9.2,12.1,999,99,99
2025,02,20,16,09,230,1.5,99,99,99,99,999,1022.2,9.9,12,999,99,99
2025,02,20,17,09,240,2.1,99,99,99,99,999,1023.2,11.1,12.1,999,99,99
2025,02,20,18,09,130,1.5,99,99,99,99,999,1022.4,11.8,12.2,999,99,99
2025,02,20,19,09,80,4.1,99,99,99,99,999,1022.3,10.7,12.4,999,99,99
2025,02,20,20,09,210,1.5,99,99,99,99,999,1021.4,11.9,12.5,999,99,99
2025,02,20,22,09,290,4.1,99,99,99,99,999,1019.2,12.9,12.7,999,99,99
2025,02,20,22,59,280,6.2,99,99,99,99,999,1018.9,12.6,12.9,999,99,99
2025,02,20,23,59,80,6.2,99,99,99,99,999,1018.6,12.4,12.5,999,99,99
2025,02,21,00,59,300,6.2,99,99,99,99,999,1018.3,12.2,12.5,999,99,99
2025,02,21,01,59,220,7.7,99,99,99,99,999,1018.7,11.9,12.3,999,99,99
2025,02,21,02,59,80,8.2,99,99,99,99,999,1019.3,12,12.2,999,99,99
2025,02,21,03,59,120,7.2,99,99,99,99,999,1019.4,12,12.1,999,99,99
2025,02,21,04,59,180,6.7,99,99,99,99,999,1019.8,11.8,12.1,999,99,99
2025,02,21,05,59,210,4.1,99,99,99,99,999,1019.7,11.6,12.1,999,99,99
2025,02,21,06,59,340,3.1,99,99,99,99,999,1019.6,11.6,12.1,999,99,99
2025,02,21,07,59,340,2.1,99,99,99,99,999,1019.5,11.4,12,999,99,99
2025,02,21,08,59,340,1.5,99,99,99,99,999,1019.3,11,12.1,999,99,99
2025,02,21,09,59,340,2.6,99,99,99,99,999,1019.3,11,12,999,99,99
2025,02,21,10,59,150,2.6,99,99,99,99,999,1019.2,10.8,12,999,99,99
2025,02,21,11,59,330,4.1,99,99,99,99,999,1019.2,10.8,12,999,99,99
2025,02,21,12,59,270,4.6,99,99,99,99,999,1019.1,11,12,999,99,99
2025,02,21,13,59,310,5.1,99,99,99,99,999,1018.8,10.2,12,999,99,99
2025,02,21,14,59,250,5.1,99,99,99,99,999,1018.9,10.4,12,999,99,99
2025,02,21,15,59,120,5.1,99,99,99,99,999,1019.9,9.8,12,999,99,99
2025,02,21,16,59,190,4.1,99,99,99,99,999,1020.8,10.2,12,999,99,99
2025,02,21,17,59,120,3.6,99,99,99,99,999,1021.2,10.5,12.1,999,99,99
2025,02,21,18,59,340,3.6,99,99,99,99,999,1021.6,11,12.2,999,99,99
2025,02,21,19,59,10,2.1,99,99,99,99,999,1021.6,12.2,12.4,999,99,99
2025,02,21,20,59,280,4.6,99,99,99,99,999,1021,12,12.5,999,99,99
2025,02,21,21,59,290,4.6,99,99,99,99,999,1020.1,12.5,12.5,999,99,99
2025,02,21,22,59,260,5.1,99,99,99,99,999,1019.9,12.4,12.6,999,99,99
2025,02,21,23,59,270,8.8,99,99,99,99,999,1020,12.6,12.4,999,99,99
2025,02,22,00,59,80,9.8,99,99,99,99,999,1019.7,11.5,12.2,999,99,99
2025,02,22,01,59,130,7.2,99,99,99,99,999,1019.8,11.9,12.2,999,99,99
2025,02,22,02,59,60,4.6,99,99,99,99,999,1019.7,12,12,999,99,99
2025,02,22,03,59,350,3.1,99,99,99,99,999,1020.2,11.9,12,999,99,99
2025,02,22,04,59,290,3.1,99,99,99,99,999,1020.7,11.7,12,999,99,99
2025,02,22,05,59,220,8.2,99,99,99,99,999,1021.5,10.4,11.9,999,99,99
2025,02,22,06,59,150,6.2,99,99,99,99,999,1022.2,10.1,11.9,999,99,99
2025,02,22,07,59,280,4.6,99,99,99,99,999,1023.1,10.9,11.9,999,99,99
2025,02,22,08,59,240,2.6,99,99,99,99,999,1023.3,11.4,11.9,999,99,99
2025,02,22,09,59,260,3.6,99,99,99,99,999,1022.6,11.3,11.8,999,99,99
2025,02,22,10,59,200,4.6,99,99,99,99,999,1022.1,9.7,11.9,999,99,99
2025,02,22,11,59,180,5.7,99,99,99,99,999,1022.2,9.6,11.8,999,99,99
2025,02,22,12,59,20,4.6,99,99,99,99,999,1022.9,10.4,11.9,999,99,99
2025,02,22,13,59,30,3.6,99,99,99,99,999,1023.1,11,11.9,999,99,99
2025,02,22,14,59,60,4.1,99,99,99,99,999,1023.7,11,11.9,999,99,99
2025,02,22,15,59,290,4.1,99,99,99,99,999,1024.6,10.3,11.9,999,99,99
2025,02,22,16,59,190,3.1,99,99,99,99,999,1026.3,10.9,11.9,999,99,99
2025,02,22,18,59,330,4.1,99,99,99,99,999,1025.3,11.7,12,999,99,99
2025,02,22,19,59,290,4.6,99,99,99,99,999,1024.7,12,12.2,999,99,99
2025,02,22,20,59,80,6.7,99,99,99,99,999,1023.6,11.4,12.2,999,99,99
2025,02,22,21,59,80,9.3,99,99,99,99,999,1023.2,10.4,12,999,99,99
2025,02,22,22,59,110,6.7,99,99,99,99,999,1022.9,11.1,12,999,99,99
2025,02,22,23,59,120,7.2,99,99,99,99,999,1023.3,10.9,12,999,99,99
2025,02,23,00,59,80,8.8,99,99,99,99,999,1023.2,10.7,12,999,99,99
2025,02,23,01,59,50,7.2,99,99,99,99,999,1023.6,11,12,999,99,99
2025,02,23,02,59,20,2.1,99,99,99,99,999,1024.8,11.1,12,999,99,99
2025,02,23,03,59,90,5.7,99,99,99,99,999,1024.9,11.4,12,999,99,99
2025,02,23,04,59,130,4.6,99,99,99,99,999,1025.1,11.7,12,999,99,99
2025,02,23,05,59,330,3.6,99,99,99,99,999,1025.8,11.7,12,999,99,99
2025,02,23,06,59,320,3.1,99,99,99,99,999,1026.1,11.6,12,999,99,99
2025,02,23,07,59,320,3.1,99,99,99,99,999,1026.2,11.4,12,999,99,99
2025,02,23,08,59,280,3.1,99,99,99,99,999,1026,11.4,12,999,99,99
2025,02,23,10,59,290,1.5,99,99,99,99,999,1024.7,11.3,11.9,999,99,99
2025,02,23,11,59,90,2.1,99,99,99,99,999,1024.1,11.3,11.9,999,99,99
2025,02,23,12,59,130,4.1,99,99,99,99,999,1024.4,10.6,11.9,999,99,99
2025,02,23,13,59,50,5.7,99,99,99,99,999,1024.1,10.7,11.9,999,99,99
2025,02,23,14,59,210,7.2,99,99,99,99,999,1023.8,11.1,11.9,999,99,99
2025,02,23,15,59,170,5.7,99,99,99,99,999,1025.5,11.2,11.9,999,99,99
2025,02,23,16,59,270,5.1,99,99,99,99,999,1025.9,11.8,11.9,999,99,99
2025,02,23,17,59,90,4.1,99,99,99,99,999,1026.2,12.1,12,999,99,99
2025,02,23,18,59,40,7.2,99,99,99,99,999,1026.3,12.1,12,999,99,99
2025,02,23,20,09,20,5.7,99,99,99,99,999,1026,12.2,12.1,999,99,99
2025,02,23,20,59,70,6.7,99,99,99,99,999,1025.2,12.4,12.2,999,99,99
2025,02,23,21,59,10,1,99,99,99,99,999,1023.9,13,12.3,999,99,99
2025,02,23,22,59,270,6.2,99,99,99,99,999,1023.4,12.8,12.5,999,99,99
2025,02,23,23,59,50,6.7,99,99,99,99,999,1022.8,12.8,12.4,999,99,99
2025,02,24,00,59,120,6.7,99,99,99,99,999,1022.7,12.6,12.3,999,99,99
2025,02,24,01,59,80,7.7,99,99,99,99,999,1022.6,12.5,12.2,999,99,99
2025,02,24,02,59,80,5.1,99,99,99,99,999,1023.2,12.3,12.2,999,99,99
2025,02,24,03,59,300,4.1,99,99,99,99,999,1023.3,12.2,12.1,999,99,99
2025,02,24,04,59,50,2.6,99,99,99,99,999,1022.8,12,12.1,999,99,99
2025,02,24,05,59,190,1.5,99,99,99,99,999,1022.2,11.9,12.2,999,99,99
2025,02,24,07,59,60,3.6,99,99,99,99,999,1021.3,11.9,12.2,999,99,99
2025,02,24,08,59,270,1,99,99,99,99,999,1021.1,11.9,12.2,999,99,99
2025,02,24,09,59,150,6.2,99,99,99,99,999,1021.2,11.7,12.2,999,99,99
2025,02,24,10,59,50,8.8,99,99,99,99,999,1021.3,11.4,12.1,999,99,99
2025,02,24,11,59,340,8.2,99,99,99,99,999,1021.6,11.3,12.1,999,99,99
2025,02,24,12,59,20,5.1,99,99,99,99,999,1022.8,11.5,12.1,999,99,99
2025,02,24,13,59,60,6.2,99,99,99,99,999,1022.9,11.8,12.2,999,99,99
2025,02,24,14,59,360,5.7,99,99,99,99,999,1022.6,12,12.2,999,99,99
2025,02,24,15,59,220,4.1,99,99,99,99,999,1021.9,11.8,12.1,999,99,99
2025,02,24,16,59,280,3.1,99,99,99,99,999,1021.9,12.2,12.1,999,99,99
2025,02,24,17,59,310,2.6,99,99,99,99,999,1023.2,12.4,12.3,999,99,99
2025,02,24,18,59,310,3.1,99,99,99,99,999,1024,12.1,12.4,999,99,99
2025,02,24,19,59,220,1.5,99,99,99,99,999,1023.9,12.5,12.5,999,99,99
2025,02,24,20,59,230,4.6,99,99,99,99,999,1023.4,12.6,12.8,999,99,99
2025,02,24,21,59,200,4.6,99,99,99,99,999,1022.7,12.5,12.7,999,99,99
2025,02,24,22,59,140,5.1,99,99,99,99,999,1022.2,13,12.6,999,99,99
2025,02,24,23,59,20,5.7,99,99,99,99,999,1022.2,13,12.5,999,99,99
2025,02,25,00,59,140,6.2,99,99,99,99,999,1021.9,12.9,12.5,999,99,99
2025,02,25,01,59,260,6.2,99,99,99,99,999,1021.8,12.9,12.5,999,99,99
2025,02,25,02,59,240,5.1,99,99,99,99,999,1022.1,12.9,12.4,999,99,99
2025,02,25,03,59,220,5.7,99,99,99,99,999,1022.3,12.8,12.3,999,99,99
2025,02,25,04,59,300,5.1,99,99,99,99,999,1022.8,12.4,12.4,999,99,99
2025,02,25,05,59,70,2.6,99,99,99,99,999,1022.9,12.2,12.3,999,99,99
2025,02,25,06,59,260,2.6,99,99,99,99,999,1023.2,12.2,12.2,999,99,99
2025,02,25,07,59,300,3.6,99,99,99,99,999,1023.4,12.6,12.3,999,99,99
2025,02,25,08,59,100,4.1,99,99,99,99,999,1023.6,12.3,12.3,999,99,99
2025,02,25,09,59,40,5.1,99,99,99,99,999,1023.3,11.9,12.2,999,99,99
2025,02,25,10,59,40,1.5,99,99,99,99,999,1022.8,11.6,12.2,999,99,99
2025,02,25,11,59,10,3.6,99,99,99,99,999,1022.2,11.2,12.2,999,99,99
2025,02,25,12,59,350,2.6,99,99,99,99,999,1022.2,11.5,12.1,999,99,99
2025,02,25,13,59,40,1.5,99,99,99,99,999,1022.1,11.4,12.1,999,99,99
2025,02,25,14,59,290,1.5,99,99,99,99,999,1022.2,11.3,12.1,999,99,99
2025,02,25,15,59,280,1.5,99,99,99,99,999,1022.2,11.6,12.1,999,99,99
2025,02,25,16,59,30,1.5,99,99,99,99,999,1022.3,11.5,12.2,999,99,99
2025,02,25,17,59,230,2.1,99,99,99,99,999,1022.2,12.1,12.3,999,99,99
2025,02,25,18,59,280,6.2,99,99,99,99,999,1022.1,11,12.3,999,99,99
2025,02,25,19,59,290,4.6,99,99,99,99,999,1021.6,11,12.3,999,99,99
2025,02,25,21,09,80,5.7,99,99,99,99,999,1020.4,12,12.5,999,99,99
2025,02,25,21,59,290,8.2,99,99,99,99,999,1019.5,12.4,12.5,999,99,99
2025,02,25,22,59,220,8.2,99,99,99,99,999,1018.8,12.8,12.3,999,99,99
2025,02,25,23,59,80,7.7,99,99,99,99,999,1017.9,12.6,12.1,999,99,99
2025,02,26,00,59,70,8.2,99,99,99,99,999,1017.5,12.9,11.9,999,99,99
2025,02,26,01,59,80,8.2,99,99,99,99,999,1017.6,12.5,11.9,999,99,99
2025,02,26,02,59,80,8.2,99,99,99,99,999,1017.6,12.4,11.9,999,99,99
2025,02,26,03,59,110,7.2,99,99,99,99,999,1017.6,12.2,11.8,999,99,99
2025,02,26,04,59,70,7.7,99,99,99,99,999,1018.3,11.9,11.7,999,99,99
2025,02,26,05,59,10,5.7,99,99,99,99,999,1018.3,11.8,11.7,999,99,99
2025,02,26,06,59,250,2.6,99,99,99,99,999,1018.3,11.7,11.8,999,99,99
2025,02,26,07,59,270,1.5,99,99,99,99,999,1018.2,11.6,11.8,999,99,99
2025,02,26,08,59,260,2.6,99,99,99,99,999,1017.7,11.5,11.9,999,99,99
2025,02,26,09,59,190,5.1,99,99,99,99,999,1017.3,11.7,11.9,999,99,99
2025,02,26,10,59,90,4.6,99,99,99,99,999,1017.4,11.5,12,999,99,99
2025,02,26,11,59,40,5.1,99,99,99,99,999,1016.7,11.9,11.9,999,99,99
2025,02,26,12,59,240,6.7,99,99,99,99,999,1016.2,12.1,11.9,999,99,99
2025,02,26,13,59,30,5.7,99,99,99,99,999,1016.6,11.1,11.9,999,99,99
2025,02,26,14,59,220,5.7,99,99,99,99,999,1017.7,10.6,11.9,999,99,99
2025,02,26,15,59,220,5.1,99,99,99,99,999,1018.6,10.8,11.8,999,99,99
2025,02,26,16,59,330,4.6,99,99,99,99,999,1019.1,11.2,11.8,999,99,99
2025,02,26,17,59,330,5.1,99,99,99,99,999,1019.2,12,11.8,999,99,99
2025,02,26,18,59,40,2.6,99,99,99,99,999,1019.1,12.6,11.9,999,99,99
2025,02,26,19,59,350,3.1,99,99,99,99,999,1017.8,13.2,12.1,999,99,99
2025,02,26,20,59,80,4.1,99,99,99,99,999,1016.8,13.2,12.4,999,99,99
2025,02,26,21,59,290,4.1,99,99,99,99,999,1016.1,14.2,12.6,999,99,99
2025,02,26,22,59,280,7.2,99,99,99,99,999,1016,13.4,12.5,999,99,99
2025,02,26,23,59,70,5.1,99,99,99,99,999,1015.4,13.6,12.2,999,99,99
2025,02,27,00,59,180,4.1,99,99,99,99,999,1015,13.8,12.2,999,99,99
2025,02,27,01,59,110,5.7,99,99,99,99,999,1015,13.7,12.1,999,99,99
2025,02,27,02,59,50,7.7,99,99,99,99,999,1015.7,13.2,11.8,999,99,99
2025,02,27,03,59,270,7.7,99,99,99,99,999,1016,12.5,11.7,999,99,99
2025,02,27,04,59,80,6.2,99,99,99,99,999,1016.4,12.2,11.7,999,99,99
2025,02,27,05,59,180,1.5,99,99,99,99,999,1016.9,12.1,11.7,999,99,99
2025,02,27,06,59,200,1.5,99,99,99,99,999,1016.8,11.6,11.7,999,99,99
2025,02,27,07,59,290,1,99,99,99,99,999,1016.9,11.5,11.7,999,99,99
2025,02,27,08,59,340,4.1,99,99,99,99,999,1016.9,11.6,11.7,999,99,99
2025,02,27,09,59,240,4.6,99,99,99,99,999,1016.7,11.6,11.8,999,99,99
2025,02,27,10,59,50,5.1,99,99,99,99,999,1016.2,12.1,11.7,999,99,99
2025,02,27,11,59,260,3.6,99,99,99,99,999,1016.1,11.8,11.7,999,99,99
2025,02,27,12,59,140,4.1,99,99,99,99,999,1016.5,12.1,11.7,999,99,99
2025,02,27,13,59,200,4.1,99,99,99,99,999,1016.8,11.9,11.7,999,99,99
2025,02,27,14,59,150,5.7,99,99,99,99,999,1016.9,12.3,11.7,999,99,99
2025,02,27,15,59,140,7.7,99,99,99,99,999,1016.6,12.2,11.7,999,99,99
2025,02,27,16,59,150,7.7,99,99,99,99,999,1016.6,12.9,11.8,999,99,99
2025,02,27,17,59,170,8.8,99,99,99,99,999,1016.4,14.3,11.8,999,99,99
2025,02,27,18,59,150,6.7,99,99,99,99,999,1016.8,14.5,11.9,999,99,99
2025,02,27,19,59,270,5.1,99,99,99,99,999,1015.9,15,11.9,999,99,99
2025,02,27,20,59,140,6.2,99,99,99,99,999,1014.8,16.1,12,999,99,99
2025,02,27,21,59,40,7.7,99,99,99,99,999,1014.7,15.1,12.1,999,99,99
2025,02,27,22,59,340,8.2,99,99,99,99,999,1014.9,12.9,12.1,999,99,99
2025,02,27,23,59,70,3.6,99,99,99,99,999,1014.7,13,12.1,999,99,99
2025,02,28,00,59,90,3.1,99,99,99,99,999,1015.1,12.9,12.2,999,99,99
2025,02,28,01,59,60,1,99,99,99,99,999,1015.1,12.2,12.1,999,99,99
2025,02,28,02,59,180,1.5,99,99,99,99,999,1015.6,11.9,12.1,999,99,99
2025,02,28,03,59,120,2.6,99,99,99,99,999,1015.5,11.9,12.1,999,99,99
2025,02,28,04,59,160,2.1,99,99,99,99,999,1015.3,12,12,999,99,99
2025,02,28,05,59,330,3.1,99,99,99,99,999,1014.9,12,12,999,99,99
2025,02,28,06,59,240,1,99,99,99,99,999,1014.6,12,11.9,999,99,99
2025,02,28,07,59,40,2.1,99,99,99,99,999,1014.4,12,11.9,999,99,99
2025,02,28,08,59,20,1,99,99,99,99,999,1014.1,12,11.9,999,99,99
2025,02,28,09,59,360,3.6,99,99,99,99,999,1013.7,11.8,11.9,999,99,99
2025,02,28,10,59,30,3.1,99,99,99,99,999,1013.3,11.9,11.9,999,99,99
2025,02,28,11,59,360,4.6,99,99,99,99,999,1012.6,12.1,11.9,999,99,99
2025,02,28,12,59,60,3.6,99,99,99,99,999,1012.8,11.7,11.9,999,99,99
2025,02,28,13,59,230,4.6,99,99,99,99,999,1013.1,12,11.9,999,99,99
2025,02,28,14,59,70,6.7,99,99,99,99,999,1013.7,12.1,11.9,999,99,99
2025,02,28,15,59,80,5.7,99,99,99,99,999,1014,11.9,11.9,999,99,99
2025,02,28,16,59,240,4.6,99,99,99,99,999,1014.6,11.9,11.9,999,99,99
2025,02,28,17,59,340,2.6,99,99,99,99,999,1014.7,12.1,12,999,99,99
2025,02,28,18,59,220,1.5,99,99,99,99,999,1014.6,12.2,12.1,999,99,99
2025,02,28,19,59,330,2.1,99,99,99,99,999,1014,12.3,12.3,999,99,99
2025,02,28,20,59,210,3.6,99,99,99,99,999,1013.8,11.9,12.4,999,99,99
2025,02,28,21,59,220,4.1,99,99,99,99,999,1013.4,12.1,12.3,999,99,99
2025,02,28,22,59,40,4.1,99,99,99,99,999,1013.1,12.1,12.3,999,99,99
2025,03,01,00,59,80,3.6,99,99,99,99,999,1012.9,12.2,12.3,999,99,99
2025,03,01,01,59,170,4.1,99,99,99,99,999,1013,12,12.3,999,99,99
2025,03,01,02,59,180,5.1,99,99,99,99,999,1013.4,12.7,12.2,999,99,99
2025,03,01,03,59,230,4.6,99,99,99,99,999,1013.3,12.3,12,999,99,99
2025,03,01,04,59,60,6.2,99,99,99,99,999,1013.2,11.5,12,999,99,99
2025,03,01,05,59,70,4.1,99,99,99,99,999,1014.1,10.9,12,999,99,99
2025,03,01,06,59,330,5.1,99,99,99,99,999,1014.5,10.8,12,999,99,99
2025,03,01,07,59,60,7.2,99,99,99,99,999,1014.6,10.4,12,999,99,99
2025,03,01,08,59,350,4.1,99,99,99,99,999,1014.4,10,12.1,999,99,99
2025,03,01,09,59,310,3.6,99,99,99,99,999,1014.3,9.8,12.1,999,99,99
2025,03,01,10,59,180,1,99,99,99,99,999,1014,10.1,12.1,999,99,99
2025,03,01,11,59,300,2.6,99,99,99,99,999,1013.4,9.8,12.1,999,99,99
2025,03,01,12,59,20,6.2,99,99,99,99,999,1013.8,9.8,12.1,999,99,99
2025,03,01,13,59,110,3.1,99,99,99,99,999,1013.6,9.6,12,999,99,99
2025,03,01,14,59,30,2.1,99,99,99,99,999,1013.6,9.6,12,999,99,99
2025,03,01,15,59,80,5.1,99,99,99,99,999,1014.3,9.8,12,999,99,99
2025,03,01,16,59,270,5.1,99,99,99,99,999,1015.3,10.3,12,999,99,99
2025,03,01,17,59,280,2.6,99,99,99,99,999,1015.7,10.4,12,999,99,99
2025,03,01,18,59,70,5.7,99,99,99,99,999,1016.1,10.9,12.2,999,99,99
2025,03,01,19,59,340,7.7,99,99,99,99,999,1016.7,11.3,12.2,999,99,99
2025,03,01,20,59,340,7.2,99,99,99,99,999,1016.6,11.5,12.3,999,99,99
2025,03,01,21,59,350,10.3,99,99,99,99,999,1016,11.6,12.3,999,99,99
2025,03,01,22,59,30,11.3,99,99,99,99,999,1015.7,11.4,12.3,999,99,99
2025,03,01,23,59,180,6.2,99,99,99,99,999,1016.2,11.5,12.1,999,99,99
2025,03,02,00,59,150,3.6,99,99,99,99,999,1014.9,11.7,12.1,999,99,99
2025,03,02,01,59,340,3.6,99,99,99,99,999,1015.2,11.6,12.1,999,99,99
2025,03,02,02,59,290,2.1,99,99,99,99,999,1015.5,11.6,12.1,999,99,99
2025,03,02,03,59,100,6.2,99,99,99,99,999,1016.2,12,12.1,999,99,99
2025,03,02,04,59,360,4.6,99,99,99,99,999,1016.5,11.9,12.1,999,99,99
2025,03,02,05,59,220,7.2,99,99,99,99,999,1016.8,11.8,12.1,999,99,99
2025,03,02,06,59,310,6.2,99,99,99,99,999,1017.1,11.8,12.1,999,99,99
2025,03,02,07,59,310,5.7,99,99,99,99,999,1017,12,12.2,999,99,99
2025,03,02,09,09,10,7.7,99,99,99,99,999,1017.3,12,12.2,999,99,99
2025,03,02,09,59,30,6.7,99,99,99,99,999,1017.3,12,12.2,999,99,99
2025,03,02,10,59,20,10.3,99,99,99,99,999,1017,11.6,12.1,999,99,99
2025,03,02,11,59,70,6.7,99,99,99,99,999,1017.8,10,12.1,999,99,99
2025,03,02,12,59,350,5.1,99,99,99,99,999,1018.1,10.7,12,999,99,99
2025,03,02,13,59,300,2.1,99,99,99,99,999,1018.2,9.9,12,999,99,99
2025,03,02,14,59,90,5.1,99,99,99,99,999,1018.3,10.7,12,999,99,99
2025,03,02,15,59,320,6.2,99,99,99,99,999,1018.2,11.2,11.9,999,99,99
2025,03,02,16,59,70,7.7,99,99,99,99,999,1019.1,10.8,11.9,999,99,99
2025,03,02,17,59,40,9.8,99,99,99,99,999,1019.7,11,12,999,99,99
2025,03,02,18,59,50,9.8,99,99,99,99,999,1019.9,11.3,12,999,99,99
2025,03,02,20,09,50,9.8,99,99,99,99,999,1020.4,10.8,12,999,99,99
2025,03,02,20,59,80,11.3,99,99,99,99,999,1019.8,11.3,12,999,99,99
2025,03,02,21,59,180,10.3,99,99,99,99,999,1019.7,11.6,12.1,999,99,99
2025,03,02,22,59,60,10.3,99,99,99,99,999,1019.7,11.7,12.1,999,99,99
2025,03,02,23,59,50,9.8,99,99,99,99,999,1019.7,11.5,12,999,99,99
2025,03,03,00,59,60,9.8,99,99,99,99,999,1019.9,11.4,12,999,99,99
2025,03,03,01,59,50,10.3,99,99,99,99,999,1019.6,11.2,12,999,99,99
2025,03,03,02,59,70,9.8,99,99,99,99,999,1019.6,10.7,12.1,999,99,99
2025,03,03,03,59,90,9.8,99,99,99,99,999,1019.8,11.1,12.1,999,99,99
2025,03,03,04,59,80,8.8,99,99,99,99,999,1020,11,12,999,99,99
2025,03,03,05,59,60,9.3,99,99,99,99,999,1019.9,10.8,12,999,99,99
2025,03,03,06,59,100,9.3,99,99,99,99,999,1019.6,10.9,11.9,999,99,99
2025,03,03,07,59,100,9.3,99,99,99,99,999,1019.2,10.9,11.9,999,99,99
2025,03,03,08,59,70,10.3,99,99,99,99,999,1019.2,11,11.8,999,99,99
2025,03,03,09,59,120,8.2,99,99,99,99,999,1019.8,10.3,11.8,999,99,99
2025,03,03,10,59,70,10.3,99,99,99,99,999,1019.6,10.8,11.8,999,99,99
2025,03,03,11,59,130,10.8,99,99,99,99,999,1019.3,10.7,11.8,999,99,99
2025,03,03,12,59,110,9.8,99,99,99,99,999,1019.5,10.5,11.8,999,99,99
2025,03,03,13,59,90,9.3,99,99,99,99,999,1020.1,10.5,11.8,999,99,99
2025,03,03,14,59,110,9.3,99,99,99,99,999,1020.5,10.5,11.8,999,99,99
2025,03,03,15,59,100,8.8,99,99,99,99,999,1021.5,10.5,11.8,999,99,99
2025,03,03,16,59,80,8.2,99,99,99,99,999,1022,10.7,11.8,999,99,99
2025,03,03,17,59,40,9.3,99,99,99,99,999,1022.3,10.9,11.8,999,99,99
2025,03,03,18,59,130,9.3,99,99,99,99,999,1022.7,10.7,11.8,999,99,99
2025,03,03,19,59,80,8.2,99,99,99,99,999,1022.9,11,11.8,999,99,99
2025,03,03,20,59,70,8.2,99,99,99,99,999,1022.5,10.9,11.8,999,99,99
2025,03,03,21,59,100,9.3,99,99,99,99,999,1022.4,11.1,11.8,999,99,99
2025,03,03,22,59,80,8.2,99,99,99,99,999,1022.4,11.1,11.9,999,99,99
2025,03,03,23,59,80,9.8,99,99,99,99,999,1022.3,11.3,11.9,999,99,99
2025,03,04,00,59,50,9.8,99,99,99,99,999,1021.9,11.1,11.9,999,99,99
2025,03,04,01,59,50,9.8,99,99,99,99,999,1022,11,11.9,999,99,99
2025,03,04,02,59,60,9.3,99,99,99,99,999,1022.3,10.9,11.9,999,99,99
2025,03,04,03,59,80,8.2,99,99,99,99,999,1022.5,10.8,11.9,999,99,99
2025,03,04,04,59,100,8.2,99,99,99,99,999,1022.7,10.9,11.9,999,99,99
2025,03,04,05,59,90,7.7,99,99,99,99,999,1023,10.8,11.8,999,99,99
2025,03,04,06,59,50,6.2,99,99,99,99,999,1023.1,10.7,11.8,999,99,99
2025,03,04,07,59,140,6.7,99,99,99,99,999,1023.3,10.7,11.8,999,99,99
2025,03,04,08,59,230,5.1,99,99,99,99,999,1023.5,10.2,11.8,999,99,99
2025,03,04,09,59,240,4.1,99,99,99,99,999,1023.8,10.2,11.8,999,99,99
2025,03,04,10,59,280,1.5,99,99,99,99,999,1023.4,10.1,11.8,999,99,99
2025,03,04,11,59,40,1.5,99,99,99,99,999,1023.5,10.1,11.8,999,99,99
2025,03,04,12,59,120,3.1,99,99,99,99,999,1023.3,9.9,11.8,999,99,99
2025,03,04,13,59,80,1.5,99,99,99,99,999,1023.7,9.8,11.8,999,99,99
2025,03,04,14,59,40,1.5,99,99,99,99,999,1024.2,9.8,11.8,999,99,99
2025,03,04,15,59,30,3.1,99,99,99,99,999,1024.5,10,11.8,999,99,99
2025,03,04,16,59,360,3.6,99,99,99,99,999,1024.5,10,11.8,999,99,99
2025,03,04,17,59,140,2.6,99,99,99,99,999,1025.2,10.4,11.9,999,99,99
2025,03,04,18,59,140,4.1,99,99,99,99,999,1024.6,10.7,11.9,999,99,99
2025,03,04,19,59,70,2.6,99,99,99,99,999,1024.1,11.1,12,999,99,99
2025,03,04,20,59,200,1.5,99,99,99,99,999,1023,11.7,12.1,999,99,99
2025,03,04,21,59,300,2.6,99,99,99,99,999,1021.8,12.3,12.4,999,99,99
2025,03,04,22,59,270,5.1,99,99,99,99,999,1021,12.3,12.2,999,99,99
2025,03,04,23,59,40,6.2,99,99,99,99,999,1020.3,11.9,12.2,999,99,99
2025,03,05,00,59,290,7.2,99,99,99,99,999,1019.7,11.8,12.2,999,99,99
2025,03,05,01,59,360,7.7,99,99,99,99,999,1019.4,11.4,12.1,999,99,99
2025,03,05,02,59,160,6.7,99,99,99,99,999,1019.2,11.3,12,999,99,99
2025,03,05,03,59,90,5.1,99,99,99,99,999,1019,11.3,12,999,99,99
2025,03,05,04,59,220,1.5,99,99,99,99,999,1019.1,11.4,11.9,999,99,99
2025,03,05,05,59,340,2.1,99,99,99,99,999,1019.2,11.4,11.8,999,99,99
2025,03,05,06,59,10,3.6,99,99,99,99,999,1018.9,11.2,11.8,999,99,99
2025,03,05,07,59,250,1.5,99,99,99,99,999,1018.3,11.1,11.7,999,99,99
2025,03,05,08,59,300,1.5,99,99,99,99,999,1017.9,11.2,11.7,999,99,99
2025,03,05,09,59,150,1.5,99,99,99,99,999,1017.2,11.2,11.7,999,99,99
2025,03,05,10,59,170,2.6,99,99,99,99,999,1016.6,11.2,11.7,999,99,99
2025,03,05,11,59,350,1,99,99,99,99,999,1016.3,11.1,11.7,999,99,99
2025,03,05,12,59,280,4.1,99,99,99,99,999,1016.7,10.8,11.6,999,99,99
2025,03,05,13,59,250,1.5,99,99,99,99,999,1016.7,10.8,11.6,999,99,99
2025,03,05,14,59,240,4.1,99,99,99,99,999,1016.2,10.5,11.6,999,99,99
2025,03,05,15,59,210,4.1,99,99,99,99,999,1016.1,10.5,11.6,999,99,99
2025,03,05,16,59,230,1.5,99,99,99,99,999,1016.9,10.3,11.6,999,99,99
2025,03,05,17,59,200,0.5,99,99,99,99,999,1016.4,10.1,11.6,999,99,99
2025,03,05,18,59,110,1.5,99,99,99,99,999,1016,10.3,11.7,999,99,99
2025,03,05,19,59,160,1,99,99,99,99,999,1015.7,10.4,11.7,999,99,99
2025,03,05,20,59,60,9.8,99,99,99,99,999,1014.7,10.8,11.7,999,99,99
2025,03,05,21,59,60,9.3,99,99,99,99,999,1013.7,10.8,11.6,999,99,99
2025,03,05,22,59,80,9.8,99,99,99,99,999,1013.2,10.8,11.6,999,99,99
2025,03,05,23,59,70,8.2,99,99,99,99,999,1013.1,10.9,11.6,999,99,99
2025,03,06,00,59,70,7.2,99,99,99,99,999,1012.9,11.1,11.7,999,99,99
2025,03,06,01,59,110,6.2,99,99,99,99,999,1012.9,10.9,11.6,999,99,99
2025,03,06,02,59,80,6.2,99,99,99,99,999,1012.7,11,11.6,999,99,99
2025,03,06,03,59,290,5.1,99,99,99,99,999,1012.2,10.9,11.5,999,99,99
2025,03,06,04,59,80,6.7,99,99,99,99,999,1012.1,9.8,11.4,999,99,99
2025,03,06,05,59,70,7.7,99,99,99,99,999,1011.7,10.7,11.3,999,99,99
2025,03,06,06,59,110,6.2,99,99,99,99,999,1011.7,10.3,11.2,999,99,99
2025,03,06,07,59,80,8.2,99,99,99,99,999,1011.9,10.1,11.2,999,99,99
2025,03,06,08,59,10,7.7,99,99,99,99,999,1011.3,9.3,11.1,999,99,99
2025,03,06,09,59,90,8.8,99,99,99,99,999,1011.2,9.8,11,999,99,99
2025,03,06,10,59,90,8.2,99,99,99,99,999,1011,8.5,11,999,99,99
2025,03,06,11,59,190,3.6,99,99,99,99,999,1011.1,8.8,11,999,99,99
2025,03,06,12,59,120,8.2,99,99,99,99,999,1009.9,9.8,11,999,99,99
2025,03,06,13,59,130,7.2,99,99,99,99,999,1010.9,9.3,10.9,999,99,99
2025,03,06,14,59,100,7.7,99,99,99,99,999,1010.3,8.9,10.9,999,99,99
2025,03,06,15,59,160,7.2,99,99,99,99,999,1011.6,8.2,10.9,999,99,99
2025,03,06,16,59,60,3.1,99,99,99,99,999,1012.2,9.4,10.9,999,99,99
2025,03,06,17,59,20,3.6,99,99,99,99,999,1011.7,8.8,10.9,999,99,99
2025,03,06,18,59,70,4.6,99,99,99,99,999,1011.6,9.7,11,999,99,99
2025,03,06,19,59,200,3.1,99,99,99,99,999,1012.9,9.7,11,999,99,99
2025,03,06,20,59,260,6.7,99,99,99,99,999,1012.9,10.3,11,999,99,99
2025,03,06,21,59,40,7.2,99,99,99,99,999,1011.9,10.5,11.1,999,99,99
2025,03,06,22,59,80,7.7,99,99,99,99,999,1011.9,10.6,11.1,999,99,99
2025,03,06,23,59,170,7.7,99,99,99,99,999,1012.3,10.5,11,999,99,99
2025,03,07,00,59,110,7.2,99,99,99,99,999,1012.5,10.6,11,999,99,99
2025,03,07,01,59,120,7.7,99,99,99,99,999,1013,10.5,11,999,99,99
2025,03,07,02,59,110,8.2,99,99,99,99,999,1013.5,10.7,11,999,99,99
2025,03,07,03,59,90,9.8,99,99,99,99,999,1014.4,10.7,10.8,999,99,99
2025,03,07,04,59,110,7.7,99,99,99,99,999,1014.9,10.6,10.8,999,99,99
2025,03,07,05,59,120,6.7,99,99,99,99,999,1015.4,10.4,10.8,999,99,99
2025,03,07,06,59,190,4.6,99,99,99,99,999,1015.6,10.2,10.8,999,99,99
2025,03,07,07,59,170,3.6,99,99,99,99,999,1016,10.3,10.8,999,99,99
2025,03,07,08,59,130,4.1,99,99,99,99,999,1016.3,10.2,10.8,999,99,99
2025,03,07,09,59,130,3.6,99,99,99,99,999,1016.4,10.2,10.8,999,99,99
2025,03,07,10,59,50,4.6,99,99,99,99,999,1016.2,10,10.8,999,99,99
2025,03,07,11,59,120,3.6,99,99,99,99,999,1016.3,9.2,10.8,999,99,99
2025,03,07,12,59,20,3.6,99,99,99,99,999,1016.8,9,10.7,999,99,99
2025,03,07,13,59,70,3.6,99,99,99,99,999,1017.6,9.3,10.7,999,99,99
2025,03,07,14,59,180,4.1,99,99,99,99,999,1018.1,9.4,10.7,999,99,99
2025,03,07,15,59,220,3.1,99,99,99,99,999,1019,9.4,10.7,999,99,99
2025,03,07,16,59,330,1.5,99,99,99,99,999,1019.9,9.2,10.8,999,99,99
2025,03,07,17,59,190,1.5,99,99,99,99,999,1020.1,9.2,11,999,99,99
2025,03,07,18,59,190,2.1,99,99,99,99,999,1020.7,10.3,11.1,999,99,99
2025,03,07,19,59,110,2.1,99,99,99,99,999,1020.6,10.1,11.1,999,99,99
2025,03,07,20,59,290,6.2,99,99,99,99,999,1019.7,11,11.5,999,99,99
2025,03,07,21,59,70,7.2,99,99,99,99,999,1018.8,11.2,11.3,999,99,99
2025,03,07,22,59,120,8.2,99,99,99,99,999,1018.8,11.4,11.2,999,99,99
2025,03,07,23,59,90,9.3,99,99,99,99,999,1019.1,10.9,11.2,999,99,99
2025,03,08,00,59,70,9.3,99,99,99,99,999,1019.1,11.2,11.3,999,99,99
2025,03,08,01,59,250,8.8,99,99,99,99,999,1019.5,11.3,11.3,999,99,99
2025,03,08,02,59,80,9.3,99,99,99,99,999,1020.4,11.1,11.2,999,99,99
2025,03,08,03,59,110,8.8,99,99,99,99,999,1021.1,10.7,11.1,999,99,99
2025,03,08,04,59,110,5.7,99,99,99,99,999,1022,10.9,11,999,99,99
2025,03,08,05,59,90,4.6,99,99,99,99,999,1022.7,11,11,999,99,99
2025,03,08,06,59,150,6.2,99,99,99,99,999,1023,10.4,10.9,999,99,99
2025,03,08,07,59,220,6.2,99,99,99,99,999,1023.1,10.1,10.9,999,99,99
2025,03,08,08,59,190,3.6,99,99,99,99,999,1023.6,10,10.9,999,99,99
2025,03,08,09,59,110,1,99,99,99,99,999,1023.4,9.9,10.8,999,99,99
2025,03,08,10,59,210,4.6,99,99,99,99,999,1023.3,9.7,10.8,999,99,99
2025,03,08,11,59,270,3.6,99,99,99,99,999,1023.5,9.8,10.8,999,99,99
2025,03,08,12,59,280,4.1,99,99,99,99,999,1023.8,9.4,10.9,999,99,99
2025,03,08,13,59,280,5.7,99,99,99,99,999,1024.1,8,10.9,999,99,99
2025,03,08,14,59,60,7.2,99,99,99,99,999,1024.2,8.1,10.8,999,99,99
2025,03,08,15,59,160,7.2,99,99,99,99,999,1024.8,8,10.8,999,99,99
2025,03,08,16,59,280,6.2,99,99,99,99,999,1025.6,8.6,10.8,999,99,99
2025,03,08,17,59,200,6.2,99,99,99,99,999,1025.8,9.8,10.9,999,99,99
2025,03,08,18,59,30,3.1,99,99,99,99,999,1026.1,11,11,999,99,99
2025,03,08,19,59,270,2.1,99,99,99,99,999,1026.1,11.8,11.1,999,99,99
2025,03,08,20,59,340,2.1,99,99,99,99,999,1025.5,12,11.3,999,99,99
2025,03,08,21,59,70,2.1,99,99,99,99,999,1024.9,12.2,11.7,999,99,99
2025,03,08,22,59,80,3.1,99,99,99,99,999,1024.7,12.7,12,999,99,99
2025,03,08,23,59,290,4.1,99,99,99,99,999,1024.5,11.5,11.5,999,99,99
2025,03,09,00,59,100,3.1,99,99,99,99,999,1024,11.1,11.5,999,99,99
2025,03,09,01,59,330,3.6,99,99,99,99,999,1023.8,10.9,11.5,999,99,99
2025,03,09,02,59,130,3.1,99,99,99,99,999,1023.9,10.6,11.3,999,99,99
2025,03,09,03,59,250,1.5,99,99,99,99,999,1024.2,10.6,11.4,999,99,99
2025,03,09,04,59,40,1,99,99,99,99,999,1024.5,10.4,11.2,999,99,99
2025,03,09,05,59,220,1.5,99,99,99,99,999,1024.4,10.2,11.2,999,99,99
2025,03,09,06,59,150,1.5,99,99,99,99,999,1024.1,10.2,11.3,999,99,99
2025,03,09,07,59,360,1.5,99,99,99,99,999,1023.6,10.2,11.3,999,99,99
2025,03,09,08,59,270,2.1,99,99,99,99,999,1023.3,10.2,11.2,999,99,99
2025,03,09,09,59,30,3.1,99,99,99,99,999,1022.8,9.3,11.2,999,99,99
2025,03,09,10,59,110,1,99,99,99,99,999,1022,9.5,10.9,999,99,99
2025,03,09,11,59,180,1.5,99,99,99,99,999,1021.8,9.4,10.9,999,99,99
2025,03,09,12,59,270,1.5,99,99,99,99,999,1021.7,10.2,11,999,99,99
2025,03,09,13,59,30,1,99,99,99,99,999,1021.8,9.9,11,999,99,99
2025,03,09,14,59,350,1,99,99,99,99,999,1021.7,10,11,999,99,99
2025,03,09,15,59,360,4.6,99,99,99,99,999,1022,9.3,11,999,99,99
2025,03,09,16,59,230,4.1,99,99,99,99,999,1022.6,8.4,11,999,99,99
2025,03,09,17,59,310,2.6,99,99,99,99,999,1023,8.9,11,999,99,99
2025,03,09,19,09,190,1.5,99,99,99,99,999,1022.9,10.9,11.2,999,99,99
2025,03,09,19,59,270,5.1,99,99,99,99,999,1022.5,11.3,11.3,999,99,99
2025,03,09,20,59,140,5.7,99,99,99,99,999,1021.8,11.4,11.4,999,99,99
2025,03,09,21,59,70,5.1,99,99,99,99,999,1021.2,11.6,11.5,999,99,99
2025,03,09,22,59,170,4.6,99,99,99,99,999,1020.6,11.8,11.6,999,99,99
2025,03,09,23,59,120,3.1,99,99,99,99,999,1019.9,11.9,11.7,999,99,99
2025,03,10,00,59,110,1.5,99,99,99,99,999,1019.3,12.1,11.7,999,99,99
2025,03,10,01,59,130,1.5,99,99,99,99,999,1018.7,11.6,11.7,999,99,99
2025,03,10,02,59,330,2.1,99,99,99,99,999,1018.2,10.8,11.7,999,99,99
2025,03,10,03,59,220,1.5,99,99,99,99,999,1018.1,10.6,11.9,999,99,99
2025,03,10,04,59,60,1.5,99,99,99,99,999,1017.7,10.4,11.7,999,99,99
2025,03,10,05,59,290,1.5,99,99,99,99,999,1017.5,10.2,11.7,999,99,99
2025,03,10,06,59,350,1.5,99,99,99,99,999,1017.2,10.1,11.6,999,99,99
2025,03,10,07,59,360,1.5,99,99,99,99,999,1016.6,10.1,11.6,999,99,99
2025,03,10,08,59,250,4.6,99,99,99,99,999,1016.1,9.9,11.4,999,99,99
2025,03,10,09,59,40,4.1,99,99,99,99,999,1015,9.2,11.3,999,99,99
2025,03,10,10,59,240,1.5,99,99,99,99,999,1014.5,9.4,11.2,999,99,99
2025,03,10,11,59,30,3.6,99,99,99,99,999,1014.1,9.6,11.2,999,99,99
2025,03,10,12,59,250,5.1,99,99,99,99,999,1013.9,9.2,11.2,999,99,99
2025,03,10,13,59,40,5.1,99,99,99,99,999,1013.9,8.5,11.3,999,99,99
2025,03,10,14,59,200,5.1,99,99,99,99,999,1014.1,8.2,11.1,999,99,99
2025,03,10,15,59,150,2.6,99,99,99,99,999,1014.2,7.9,11.1,999,99,99
2025,03,10,16,59,260,4.6,99,99,99,99,999,1014,8.5,11.2,999,99,99
2025,03,10,17,59,150,4.6,99,99,99,99,999,1013.9,8.9,11.3,999,99,99
2025,03,10,18,59,240,2.6,99,99,99,99,999,1013.4,9.4,11.5,999,99,99
2025,03,10,19,59,200,1.5,99,99,99,99,999,1012.9,11,11.8,999,99,99
2025,03,10,20,59,240,2.1,99,99,99,99,999,1011.9,11.4,11.9,999,99,99
2025,03,10,21,59,230,4.1,99,99,99,99,999,1011.2,11.3,12.2,999,99,99
2025,03,10,22,59,10,5.1,99,99,99,99,999,1011,11.6,12.2,999,99,99
2025,03,10,23,59,210,5.7,99,99,99,99,999,1010.9,12.3,12,999,99,99
2025,03,11,00,59,100,4.6,99,99,99,99,999,1010.7,12.2,11.5,999,99,99
2025,03,11,01,59,80,4.1,99,99,99,99,999,1010.5,11.6,11.3,999,99,99
2025,03,11,02,59,240,2.1,99,99,99,99,999,1010.5,11.3,11.1,999,99,99
2025,03,11,03,59,70,2.1,99,99,99,99,999,1010.3,11.3,11,999,99,99
2025,03,11,04,59,220,2.1,99,99,99,99,999,1010.1,11.2,11,999,99,99
2025,03,11,05,59,200,4.6,99,99,99,99,999,1010,11.6,11.2,999,99,99
2025,03,11,06,59,40,4.1,99,99,99,99,999,1009.6,11.1,11.7,999,99,99
2025,03,11,07,59,170,2.6,99,99,99,99,999,1010,11.2,11.6,999,99,99
2025,03,11,08,59,270,4.6,99,99,99,99,999,1009.7,11.2,11.6,999,99,99
2025,03,11,09,59,50,2.6,99,99,99,99,999,1009.6,11.2,11.2,999,99,99
2025,03,11,10,59,110,3.6,99,99,99,99,999,1009,11.4,11.4,999,99,99
2025,03,11,11,59,10,1.5,99,99,99,99,999,1008.7,10.9,11.4,999,99,99
2025,03,11,12,59,240,2.1,99,99,99,99,999,1008.7,10.7,11.4,999,99,99
2025,03,11,13,59,250,2.1,99,99,99,99,999,1008.5,10.7,11.3,999,99,99
2025,03,11,14,59,260,2.1,99,99,99,99,999,1008.9,11.1,11.3,999,99,99
2025,03,11,15,59,150,3.1,99,99,99,99,999,1009.4,10.3,11.3,999,99,99
2025,03,11,16,59,160,4.6,99,99,99,99,999,1009.9,9.9,11.3,999,99,99
2025,03,11,17,59,190,4.6,99,99,99,99,999,1010.2,10.4,11.4,999,99,99
2025,03,11,18,59,200,2.1,99,99,99,99,999,1010.8,11,11.8,999,99,99
2025,03,11,19,59,220,3.1,99,99,99,99,999,1011.1,11.1,12.1,999,99,99
2025,03,11,20,59,220,2.1,99,99,99,99,999,1010.3,11.8,12.2,999,99,99
2025,03,11,21,59,230,2.1,99,99,99,99,999,1009.8,12.4,12.4,999,99,99
2025,03,11,22,59,240,5.7,99,99,99,99,999,1009.7,12.8,12.5,999,99,99
2025,03,11,23,59,360,6.2,99,99,99,99,999,1009.8,12.5,12.2,999,99,99
2025,03,12,00,59,340,4.6,99,99,99,99,999,1009.8,12.4,12.7,999,99,99
2025,03,12,01,59,20,4.6,99,99,99,99,999,1010.1,11.9,12.2,999,99,99
2025,03,12,02,59,160,1,99,99,99,99,999,1010.5,11.8,12.4,999,99,99
2025,03,12,03,59,130,1.5,99,99,99,99,999,1010.9,11.6,12.2,999,99,99
2025,03,12,04,59,290,1.5,99,99,99,99,999,1011.1,11.6,12.1,999,99,99
2025,03,12,05,59,220,1.5,99,99,99,99,999,1011.2,11.6,12,999,99,99
2025,03,12,06,59,200,2.1,99,99,99,99,999,1011.2,11.8,11.9,999,99,99
2025,03,12,07,59,170,3.6,99,99,99,99,999,1010.5,11.6,11.9,999,99,99
2025,03,12,08,59,130,5.7,99,99,99,99,999,1010.4,11.4,12,999,99,99
2025,03,12,09,59,360,4.6,99,99,99,99,999,1009.9,11.5,12.1,999,99,99
2025,03,12,10,59,330,3.1,99,99,99,99,999,1009.6,11.7,12.1,999,99,99
2025,03,12,11,59,100,3.1,99,99,99,99,999,1009,11.7,12.1,999,99,99
2025,03,12,12,59,210,6.7,99,99,99,99,999,1008.6,11.4,12,999,99,99
2025,03,12,13,59,290,8.2,99,99,99,99,999,1008,12.6,12,999,99,99
2025,03,12,14,59,20,2.6,99,99,99,99,999,1008.3,11.4,12,999,99,99
2025,03,12,15,59,310,9.3,99,99,99,99,999,1007.8,12.2,12,999,99,99
2025,03,12,16,59,280,10.8,99,99,99,99,999,1007.9,12.2,11.9,999,99,99
2025,03,12,17,59,320,10.3,99,99,99,99,999,1008.5,12.2,11.8,999,99,99
2025,03,12,18,59,260,10.8,99,99,99,99,999,1008.1,12.3,11.8,999,99,99
2025,03,12,19,59,350,13.4,99,99,99,99,999,1007.2,12.6,11.7,999,99,99
2025,03,12,20,59,290,13.9,99,99,99,99,999,1006.4,12.5,11.7,999,99,99
2025,03,12,21,59,290,12.9,99,99,99,99,999,1005.7,11.4,11.7,999,99,99
2025,03,12,22,59,110,7.7,99,99,99,99,999,1008,10.4,11.6,999,99,99
2025,03,12,23,59,220,8.2,99,99,99,99,999,1008.1,10.4,11.6,999,99,99
2025,03,13,00,59,270,8.8,99,99,99,99,999,1006.8,10.8,11.6,999,99,99
2025,03,13,01,59,110,8.2,99,99,99,99,999,1007.8,10.3,11.7,999,99,99
2025,03,13,02,59,20,8.2,99,99,99,99,999,1007.3,10.3,11.6,999,99,99
2025,03,13,03,59,350,7.2,99,99,99,99,999,1008,11.3,11.7,999,99,99
2025,03,13,04,59,330,6.7,99,99,99,99,999,1008.2,10.9,11.7,999,99,99
2025,03,13,05,59,350,5.1,99,99,99,99,999,1008.2,10.7,11.7,999,99,99
2025,03,13,06,59,60,7.7,99,99,99,99,999,1008.3,10.2,11.7,999,99,99
2025,03,13,07,59,120,5.1,99,99,99,99,999,1008.2,10.2,11.7,999,99,99
2025,03,13,08,59,270,3.1,99,99,99,99,999,1009,9.4,11.8,999,99,99
2025,03,13,09,59,120,1.5,99,99,99,99,999,1008.8,8.4,11.7,999,99,99
2025,03,13,10,59,130,7.7,99,99,99,99,999,1008,10.6,11.7,999,99,99
2025,03,13,11,59,350,9.3,99,99,99,99,999,1007.6,10.6,11.7,999,99,99
2025,03,13,12,59,240,6.7,99,99,99,99,999,1009.4,7.4,11.6,999,99,99
2025,03,13,13,59,40,7.2,99,99,99,99,999,1009.5,9.6,11.6,999,99,99
2025,03,13,14,59,110,6.7,99,99,99,99,999,1009.8,9.4,11.6,999,99,99
2025,03,13,15,59,250,4.6,99,99,99,99,999,1010.7,9,11.5,999,99,99
2025,03,13,16,59,50,1.5,99,99,99,99,999,1011.5,9.1,11.5,999,99,99
2025,03,13,17,59,170,6.2,99,99,99,99,999,1011.6,9.1,11.4,999,99,99
2025,03,13,18,59,170,6.7,99,99,99,99,999,1012.3,9.6,11.4,999,99,99
2025,03,13,19,59,360,7.7,99,99,99,99,999,1012.7,8.9,11.3,999,99,99
2025,03,13,20,59,190,6.7,99,99,99,99,999,1012.9,9.6,11.4,999,99,99
2025,03,13,21,59,70,6.7,99,99,99,99,999,1012.7,10,11.4,999,99,99
2025,03,13,22,59,260,6.7,99,99,99,99,999,1012.8,10.5,11.6,999,99,99
2025,03,13,23,59,10,8.2,99,99,99,99,999,1012.8,10.6,11.6,999,99,99
2025,03,14,00,59,260,6.7,99,99,99,99,999,1012.9,10.5,11.7,999,99,99
2025,03,14,01,59,90,6.2,99,99,99,99,999,1013.4,10.4,11.7,999,99,99
2025,03,14,02,59,320,5.1,99,99,99,99,999,1013.7,10.1,11.6,999,99,99
2025,03,14,03,59,140,4.6,99,99,99,99,999,1014.1,10.4,11.6,999,99,99
2025,03,14,04,59,350,3.6,99,99,99,99,999,1014.4,10.6,11.5,999,99,99
2025,03,14,05,59,280,2.6,99,99,99,99,999,1014.3,10.5,11.6,999,99,99
2025,03,14,06,59,320,5.7,99,99,99,99,999,1014.2,10.8,11.6,999,99,99
2025,03,14,07,59,240,6.2,99,99,99,99,999,1014,10.7,11.5,999,99,99
2025,03,14,08,59,90,7.7,99,99,99,99,999,1013.3,10.4,11.5,999,99,99
2025,03,14,09,59,330,6.7,99,99,99,99,999,1012.4,10,11.6,999,99,99
2025,03,14,10,59,290,8.8,99,99,99,99,999,1011.6,9.6,11.6,999,99,99
2025,03,14,11,59,100,8.2,99,99,99,99,999,1011.1,8.6,11.7,999,99,99
2025,03,14,12,59,130,7.7,99,99,99,99,999,1009.8,7.8,11.7,999,99,99
2025,03,14,13,59,300,8.2,99,99,99,99,999,1009.7,7.3,11.7,999,99,99
2025,03,14,14,59,200,8.2,99,99,99,99,999,1009.3,7.9,11.7,999,99,99
2025,03,14,15,59,280,7.7,99,99,99,99,999,1009.9,8.4,11.7,999,99,99
2025,03,14,16,59,250,5.1,99,99,99,99,999,1010.2,8.6,11.7,999,99,99
2025,03,14,17,59,270,4.6,99,99,99,99,999,1010.2,9.3,11.7,999,99,99
2025,03,14,18,59,290,9.8,99,99,99,99,999,1009.9,11.1,11.7,999,99,99
2025,03,14,19,59,90,5.7,99,99,99,99,999,1011.4,12,11.8,999,99,99
2025,03,14,20,59,90,6.2,99,99,99,99,999,1012.2,11,11.8,999,99,99
2025,03,14,21,59,110,5.7,99,99,99,99,999,1011.4,11.6,11.8,999,99,99
2025,03,14,22,59,200,9.3,99,99,99,99,999,1011.2,10.7,11.8,999,99,99
2025,03,14,23,59,40,5.7,99,99,99,99,999,1012.2,11.3,11.8,999,99,99
2025,03,15,00,59,190,7.7,99,99,99,99,999,1012.8,11.8,11.8,999,99,99
2025,03,15,01,59,350,6.7,99,99,99,99,999,1013.5,11.7,11.8,999,99,99
2025,03,15,02,59,120,5.1,99,99,99,99,999,1014.5,10.9,11.8,999,99,99
2025,03,15,03,59,40,4.6,99,99,99,99,999,1015,11.4,11.8,999,99,99
2025,03,15,04,59,360,5.7,99,99,99,99,999,1015.7,11.6,11.7,999,99,99
2025,03,15,05,59,30,6.7,99,99,99,99,999,1016.5,11.6,11.7,999,99,99
2025,03,15,06,59,20,6.2,99,99,99,99,999,1016.9,11.5,11.7,999,99,99
2025,03,15,07,59,60,5.1,99,99,99,99,999,1017.6,11.4,11.7,999,99,99
2025,03,15,08,59,80,4.1,99,99,99,99,999,1017.9,11.5,11.6,999,99,99
2025,03,15,09,59,10,1.5,99,99,99,99,999,1018.2,11.4,11.6,999,99,99
2025,03,15,10,59,330,1,99,99,99,99,999,1018.2,11.2,11.6,999,99,99
2025,03,15,11,59,290,2.6,99,99,99,99,999,1018.7,11.2,11.6,999,99,99
2025,03,15,12,59,260,2.1,99,99,99,99,999,1018.5,10.7,11.6,999,99,99
2025,03,15,13,59,230,1.5,99,99,99,99,999,1019.3,10.6,11.5,999,99,99
2025,03,15,14,59,250,1.5,99,99,99,99,999,1019.9,10.9,11.5,999,99,99
2025,03,15,15,59,230,1,99,99,99,99,999,1020.4,11.2,11.6,999,99,99
2025,03,15,16,59,250,2.6,99,99,99,99,999,1021,10.9,11.7,999,99,99
2025,03,15,17,59,270,1.5,99,99,99,99,999,1021.8,11.4,11.8,999,99,99
2025,03,15,18,59,290,1.5,99,99,99,99,999,1022.1,11.8,11.3,999,99,99
2025,03,15,19,59,280,1.5,99,99,99,99,999,1022.1,12,11.3,999,99,99
2025,03,15,20,59,250,1,99,99,99,99,999,1021.6,12.3,11.5,999,99,99
2025,03,15,21,59,280,2.6,99,99,99,99,999,1021.3,12.4,12.1,999,99,99
2025,03,15,22,59,240,1,99,99,99,99,999,1021.2,12.5,12.6,999,99,99
2025,03,15,23,59,330,4.1,99,99,99,99,999,1020.9,12.4,12.5,999,99,99
2025,03,16,00,59,40,3.6,99,99,99,99,999,1020.9,12.2,11.8,999,99,99
2025,03,16,01,59,70,2.6,99,99,99,99,999,1020.9,11.8,12.1,999,99,99
2025,03,16,02,59,80,1,99,99,99,99,999,1021,11.4,12,999,99,99
2025,03,16,03,59,60,1,99,99,99,99,999,1021.7,11.5,12,999,99,99
2025,03,16,04,59,60,1,99,99,99,99,999,1021.9,11.4,11.8,999,99,99
2025,03,16,05,59,60,1,99,99,99,99,999,1021.8,11.3,11.6,999,99,99
2025,03,16,06,59,40,1.5,99,99,99,99,999,1021.7,11.3,11.7,999,99,99
2025,03,16,07,59,60,1.5,99,99,99,99,999,1021.6,11.1,11.9,999,99,99
2025,03,16,08,59,30,4.6,99,99,99,99,999,1021.1,10.6,11.9,999,99,99
2025,03,16,09,59,70,5.7,99,99,99,99,999,1020.5,9.8,11.8,999,99,99
2025,03,16,10,59,160,4.6,99,99,99,99,999,1019.8,10,11.5,999,99,99
2025,03,16,11,59,230,3.1,99,99,99,99,999,1019.4,10.3,11.5,999,99,99
2025,03,16,12,59,270,4.6,99,99,99,99,999,1019.4,9.4,11.5,999,99,99
2025,03,16,13,59,130,3.6,99,99,99,99,999,1019.7,10,11.5,999,99,99
2025,03,16,14,59,160,4.1,99,99,99,99,999,1019.7,9.4,11.5,999,99,99
2025,03,16,15,59,150,4.6,99,99,99,99,999,1020.2,9.3,11.5,999,99,99
2025,03,16,16,59,180,2.1,99,99,99,99,999,1020.7,9.9,11.5,999,99,99
2025,03,16,17,59,210,3.1,99,99,99,99,999,1020.8,10.6,11.6,999,99,99
2025,03,16,19,09,310,5.1,99,99,99,99,999,1020.7,12.1,11.8,999,99,99
2025,03,16,19,59,70,8.2,99,99,99,99,999,1020.2,12.2,11.8,999,99,99
2025,03,16,20,59,10,8.8,99,99,99,99,999,1020.1,12.2,11.8,999,99,99
2025,03,16,21,59,230,6.7,99,99,99,99,999,1019.2,12.2,11.9,999,99,99
2025,03,16,22,59,140,8.2,99,99,99,99,999,1018.4,12.3,12,999,99,99
2025,03,16,23,59,30,8.8,99,99,99,99,999,1017.8,12.4,12.1,999,99,99
2025,03,17,00,59,100,10.3,99,99,99,99,999,1017.5,12.7,12.1,999,99,99
2025,03,17,01,59,250,9.3,99,99,99,99,999,1017.3,12.4,12.1,999,99,99
2025,03,17,02,59,170,10.3,99,99,99,99,999,1017.2,12.7,12,999,99,99
2025,03,17,03,59,330,10.3,99,99,99,99,999,1017,12.9,12,999,99,99
2025,03,17,04,59,180,11.3,99,99,99,99,999,1016.8,13,11.9,999,99,99
2025,03,17,05,59,340,8.8,99,99,99,99,999,1017.1,12.6,11.9,999,99,99
2025,03,17,06,59,140,10.8,99,99,99,99,999,1016.8,12.2,12,999,99,99
2025,03,17,07,59,70,9.8,99,99,99,99,999,1016.4,12.2,12,999,99,99
2025,03,17,08,59,240,9.3,99,99,99,99,999,1016.2,12.1,12,999,99,99
2025,03,17,09,59,90,7.7,99,99,99,99,999,1016.9,10.4,11.9,999,99,99
2025,03,17,10,59,100,5.7,99,99,99,99,999,1016.9,10.3,11.9,999,99,99
2025,03,17,11,59,90,4.6,99,99,99,99,999,1016.6,10.2,11.9,999,99,99
2025,03,17,12,59,220,1.5,99,99,99,99,999,1016.6,10.1,11.8,999,99,99
2025,03,17,13,59,220,3.6,99,99,99,99,999,1017,10.2,11.8,999,99,99
2025,03,17,14,59,270,6.2,99,99,99,99,999,1017.5,10.2,11.8,999,99,99
2025,03,17,15,59,320,5.1,99,99,99,99,999,1017.6,10.3,11.8,999,99,99
2025,03,17,16,59,300,5.7,99,99,99,99,999,1018.7,11.1,11.9,999,99,99
2025,03,17,17,59,360,6.7,99,99,99,99,999,1018.8,11.3,11.9,999,99,99
2025,03,17,18,59,290,5.7,99,99,99,99,999,1018.5,10.1,11.9,999,99,99
2025,03,17,19,59,90,4.1,99,99,99,99,999,1019.6,11.2,12,999,99,99
2025,03,17,20,59,130,8.2,99,99,99,99,999,1018.4,12.1,12,999,99,99
2025,03,17,21,59,350,9.3,99,99,99,99,999,1018.1,11.7,12.1,999,99,99
2025,03,17,22,59,360,9.3,99,99,99,99,999,1017.8,11.8,12.1,999,99,99
2025,03,17,23,59,360,8.8,99,99,99,99,999,1017.9,11.3,12.1,999,99,99
2025,03,18,00,59,210,10.3,99,99,99,99,999,1018,11.1,12,999,99,99
2025,03,18,01,59,140,11.8,99,99,99,99,999,1018.2,10.4,11.9,999,99,99
2025,03,18,02,59,260,12.4,99,99,99,99,999,1018.4,11.2,11.9,999,99,99
2025,03,18,03,59,240,13.9,99,99,99,99,999,1019,11.2,11.9,999,99,99
2025,03,18,04,59,170,12.9,99,99,99,99,999,1020.2,11,11.8,999,99,99
2025,03,18,05,59,10,12.4,99,99,99,99,999,1021.5,10.8,11.8,999,99,99
2025,03,18,07,09,120,11.8,99,99,99,99,999,1022.6,10.8,11.8,999,99,99
2025,03,18,07,59,80,11.8,99,99,99,99,999,1023.3,10.8,11.8,999,99,99
2025,03,18,08,59,250,11.3,99,99,99,99,999,1024.2,10.6,11.8,999,99,99
2025,03,18,09,59,310,9.3,99,99,99,99,999,1025.1,10.6,11.7,999,99,99
2025,03,18,10,59,250,7.7,99,99,99,99,999,1025.4,10.5,11.8,999,99,99
2025,03,18,11,59,200,7.2,99,99,99,99,999,1026,10.2,11.8,999,99,99
2025,03,18,12,59,250,6.7,99,99,99,99,999,1026.4,10.1,11.8,999,99,99
2025,03,18,14,09,220,4.6,99,99,99,99,999,1027.4,10,11.8,999,99,99
2025,03,18,14,59,170,7.7,99,99,99,99,999,1027.7,10,11.8,999,99,99
2025,03,18,15,59,250,3.6,99,99,99,99,999,1028.7,10.1,11.8,999,99,99
2025,03,18,16,59,350,3.6,99,99,99,99,999,1029.4,10,11.8,999,99,99
2025,03,18,17,59,30,1.5,99,99,99,99,999,1030,9.3,11.9,999,99,99
2025,03,18,18,59,40,2.1,99,99,99,99,999,1030.4,9.5,12,999,99,99
2025,03,18,19,59,110,2.6,99,99,99,99,999,1030.1,10,12.2,999,99,99
2025,03,18,20,59,140,6.7,99,99,99,99,999,1029.7,11.1,12.1,999,99,99
2025,03,18,21,59,340,7.2,99,99,99,99,999,1029.3,11,12.1,999,99,99
2025,03,18,22,59,90,8.8,99,99,99,99,999,1028.9,11,12,999,99,99
2025,03,18,23,59,30,9.8,99,99,99,99,999,1028.1,11.2,11.9,999,99,99
2025,03,19,01,09,240,8.8,99,99,99,99,999,1027.9,11.2,12,999,99,99
2025,03,19,01,59,350,9.3,99,99,99,99,999,1027.9,11,12,999,99,99
2025,03,19,02,59,300,9.3,99,99,99,99,999,1027.6,11,11.9,999,99,99
2025,03,19,03,59,190,7.7,99,99,99,99,999,1028.2,11,11.8,999,99,99
2025,03,19,04,59,170,7.7,99,99,99,99,999,1028.8,10.9,11.9,999,99,99
2025,03,19,05,59,80,5.1,99,99,99,99,999,1029.1,11,11.9,999,99,99
2025,03,19,06,59,110,3.1,99,99,99,99,999,1029.1,10.8,11.9,999,99,99
2025,03,19,07,59,150,4.1,99,99,99,99,999,1028.5,10.1,11.9,999,99,99
2025,03,19,08,59,160,3.1,99,99,99,99,999,1028.2,10,11.9,999,99,99
2025,03,19,09,59,180,2.1,99,99,99,99,999,1027.8,9.8,11.8,999,99,99
2025,03,19,10,59,180,4.1,99,99,99,99,999,1026.9,9.7,11.8,999,99,99
2025,03,19,11,59,200,3.6,99,99,99,99,999,1026.9,9.3,11.8,999,99,99
2025,03,19,12,59,230,1.5,99,99,99,99,999,1027.3,8.9,11.8,999,99,99
2025,03,19,13,59,230,4.6,99,99,99,99,999,1026.7,9.2,11.7,999,99,99
2025,03,19,14,59,240,4.6,99,99,99,99,999,1026.9,9.3,11.8,999,99,99
2025,03,19,15,59,260,5.7,99,99,99,99,999,1026.8,9,11.8,999,99,99
2025,03,19,16,59,290,5.7,99,99,99,99,999,1027.1,9.2,11.8,999,99,99
2025,03,19,17,59,280,4.1,99,99,99,99,999,1027.4,10.3,11.8,999,99,99
2025,03,19,18,59,320,2.1,99,99,99,99,999,1027.1,11.2,11.9,999,99,99
2025,03,19,19,59,230,4.1,99,99,99,99,999,1026.9,10.7,12,999,99,99
2025,03,19,20,59,200,5.1,99,99,99,99,999,1026.4,10.5,12,999,99,99
2025,03,19,21,59,250,4.6,99,99,99,99,999,1026,10.5,12.1,999,99,99
2025,03,19,22,59,260,5.7,99,99,99,99,999,1026.1,10.8,12.1,999,99,99
2025,03,19,23,59,290,6.2,99,99,99,99,999,1025.7,10.8,12.1,999,99,99
2025,03,20,00,59,300,2.1,99,99,99,99,999,1025.3,10.8,12.1,999,99,99
2025,03,20,01,59,290,3.1,99,99,99,99,999,1025.3,10.9,12,999,99,99
2025,03,20,02,59,300,3.1,99,99,99,99,999,1025.4,11.1,12,999,99,99
2025,03,20,03,59,310,1.5,99,99,99,99,999,1025.9,11.1,12,999,99,99
2025,03,20,04,59,0,0,99,99,99,99,999,1026,11.2,12,999,99,99
2025,03,20,05,59,200,1,99,99,99,99,999,1025.9,11.1,12,999,99,99
2025,03,20,06,59,120,1.5,99,99,99,99,999,1025.8,11.2,12,999,99,99
2025,03,20,08,09,130,1.5,99,99,99,99,999,1025.8,11.1,12,999,99,99
2025,03,20,08,59,110,3.6,99,99,99,99,999,1025.8,10.9,12,999,99,99
2025,03,20,09,59,120,2.1,99,99,99,99,999,1025.1,10.9,11.9,999,99,99
2025,03,20,10,59,110,0.5,99,99,99,99,999,1024.4,10.7,11.9,999,99,99
2025,03,20,11,59,50,3.6,99,99,99,99,999,1024.6,10.6,11.9,999,99,99
2025,03,20,12,59,40,3.1,99,99,99,99,999,1024.7,10.2,11.8,999,99,99
2025,03,20,13,59,40,5.1,99,99,99,99,999,1024.9,10.1,11.8,999,99,99
2025,03,20,14,59,360,3.1,99,99,99,99,999,1025.2,10.2,11.8,999,99,99
2025,03,20,15,59,20,1,99,99,99,99,999,1025.4,10,11.8,999,99,99
2025,03,20,16,59,30,2.6,99,99,99,99,999,1025.8,9.9,11.8,999,99,99
2025,03,20,18,09,30,1,99,99,99,99,999,1025.9,10.2,11.9,999,99,99
2025,03,20,19,09,360,2.6,99,99,99,99,999,1025.7,10.6,12.1,999,99,99
2025,03,20,20,09,20,4.6,99,99,99,99,999,1025.1,11.3,12.3,999,99,99
2025,03,20,20,59,110,7.7,99,99,99,99,999,1024.4,11.3,12.2,999,99,99
2025,03,20,21,59,340,7.7,99,99,99,99,999,1024,11.3,12.1,999,99,99
2025,03,20,22,59,40,7.2,99,99,99,99,999,1023.6,11.3,12,999,99,99
2025,03,21,00,09,230,9.8,99,99,99,99,999,1022.7,11.5,11.9,999,99,99
2025,03,21,00,59,160,10.8,99,99,99,99,999,1022.1,11.4,11.9,999,99,99
2025,03,21,02,09,50,10.3,99,99,99,99,999,1022,11.4,11.9,999,99,99
2025,03,21,02,59,270,9.3,99,99,99,99,999,1022.3,11.4,11.9,999,99,99
2025,03,21,03,59,330,8.2,99,99,99,99,999,1022.8,11.3,11.8,999,99,99
2025,03,21,04,59,230,9.3,99,99,99,99,999,1022.9,11,11.8,999,99,99
2025,03,21,05,59,120,8.8,99,99,99,99,999,1022.9,10.9,11.8,999,99,99
2025,03,21,06,59,50,6.2,99,99,99,99,999,1023,10.9,11.7,999,99,99
2025,03,21,07,59,100,6.2,99,99,99,99,999,1022.7,11,11.7,999,99,99
2025,03,21,08,59,120,4.1,99,99,99,99,999,1022.1,11,11.7,999,99,99
2025,03,21,09,59,160,3.6,99,99,99,99,999,1021.4,10.7,11.7,999,99,99
2025,03,21,10,59,0,0,99,99,99,99,999,1021.1,10.2,11.7,999,99,99
2025,03,21,11,59,0,0,99,99,99,99,999,1020.8,10.2,11.7,999,99,99
2025,03,21,12,59,330,1,99,99,99,99,999,1020.9,10,11.7,999,99,99
2025,03,21,13,59,0,0,99,99,99,99,999,1021.4,9.8,11.7,999,99,99
2025,03,21,14,59,0,0,99,99,99,99,999,1021.9,9.7,11.7,999,99,99
2025,03,21,15,59,20,3.1,99,99,99,99,999,1021.9,10,11.7,999,99,99
2025,03,21,16,59,30,3.1,99,99,99,99,999,1022.8,10.1,11.8,999,99,99
2025,03,21,17,59,0,0,99,99,99,99,999,1023.4,10.4,11.9,999,99,99
2025,03,21,19,09,40,2.1,99,99,99,99,999,1023,11,11.9,999,99,99
2025,03,21,19,59,150,7.2,99,99,99,99,999,1022.2,11.2,12,999,99,99
2025,03,21,20,59,110,7.2,99,99,99,99,999,1021.5,11.2,11.8,999,99,99
2025,03,21,22,09,260,7.7,99,99,99,99,999,1020.6,11.4,11.7,999,99,99
2025,03,21,22,59,140,9.8,99,99,99,99,999,1020.3,11.5,11.5,999,99,99
2025,03,21,23,59,40,11.3,99,99,99,99,999,1019.6,11.4,11.5,999,99,99
2025,03,22,01,09,10,9.8,99,99,99,99,999,1019.2,11.6,11.4,999,99,99
2025,03,22,01,59,220,10.3,99,99,99,99,999,1019.4,11.6,11.4,999,99,99
2025,03,22,02,59,220,9.3,99,99,99,99,999,1019.3,11.5,11.4,999,99,99
2025,03,22,03,59,140,9.8,99,99,99,99,999,1020,11.4,11.4,999,99,99
2025,03,22,04,59,330,8.8,99,99,99,99,999,1020.6,11.3,11.4,999,99,99
2025,03,22,05,59,120,7.2,99,99,99,99,999,1020.9,11.2,11.5,999,99,99
2025,03,22,06,59,150,6.7,99,99,99,99,999,1021,11.1,11.5,999,99,99
2025,03,22,07,59,180,4.6,99,99,99,99,999,1020.9,11,11.5,999,99,99
2025,03,22,08,59,190,2.6,99,99,99,99,999,1020.7,10.9,11.4,999,99,99
2025,03,22,09,59,210,2.6,99,99,99,99,999,1020.4,10.8,11.4,999,99,99
2025,03,22,10,59,0,0,99,99,99,99,999,1019.9,10.7,11.4,999,99,99
2025,03,22,12,09,0,0,99,99,99,99,999,1019.8,10.5,11.5,999,99,99
2025,03,22,12,59,0,0,99,99,99,99,999,1019.8,10.4,11.4,999,99,99
2025,03,22,13,59,0,0,99,99,99,99,999,1020.4,10.3,11.3,999,99,99
2025,03,22,14,59,0,0,99,99,99,99,999,1020.8,10.6,11.4,999,99,99
2025,03,22,15,59,100,1.5,99,99,99,99,999,1021,10.8,11.4,999,99,99
2025,03,22,16,59,0,0,99,99,99,99,999,1021.6,10.8,11.5,999,99,99
2025,03,22,17,59,120,3.6,99,99,99,99,999,1021.8,10.7,11.6,999,99,99
2025,03,22,18,59,180,4.6,99,99,99,99,999,1021.3,11.1,11.6,999,99,99
2025,03,22,19,59,210,5.1,99,99,99,99,999,1021,11.2,11.7,999,99,99
2025,03,22,20,59,160,6.2,99,99,99,99,999,1020,11.1,11.7,999,99,99
2025,03,22,21,59,310,8.2,99,99,99,99,999,1019.2,11.3,11.7,999,99,99
2025,03,22,22,59,320,8.8,99,99,99,99,999,1018.9,11.4,11.7,999,99,99
2025,03,23,00,09,340,8.8,99,99,99,99,999,1018.8,11.9,11.7,999,99,99
2025,03,23,00,59,200,8.2,99,99,99,99,999,1018.5,11.6,11.6,999,99,99
2025,03,23,01,59,220,9.3,99,99,99,99,999,1018.2,11.4,11.6,999,99,99
2025,03,23,02,59,180,10.8,99,99,99,99,999,1018.2,11.1,11.6,999,99,99
2025,03,23,03,59,310,9.3,99,99,99,99,999,1018.7,11,11.6,999,99,99
2025,03,23,04,59,230,8.8,99,99,99,99,999,1019.2,11.1,11.6,999,99,99
2025,03,23,06,09,10,8.2,99,99,99,99,999,1019.4,10.9,11.6,999,99,99
2025,03,23,07,09,70,6.2,99,99,99,99,999,1019.6,10.8,11.6,999,99,99
2025,03,23,07,59,90,6.2,99,99,99,99,999,1019.7,10.7,11.6,999,99,99
2025,03,23,08,59,140,5.7,99,99,99,99,999,1019.7,10.6,11.6,999,99,99
2025,03,23,10,09,190,7.7,99,99,99,99,999,1019.5,10.4,11.6,999,99,99
2025,03,23,10,59,10,6.2,99,99,99,99,999,1019.2,10.1,11.6,999,99,99
2025,03,23,11,59,50,2.1,99,99,99,99,999,1019,10.2,11.6,999,99,99
2025,03,23,12,59,80,2.1,99,99,99,99,999,1019,10.1,11.6,999,99,99
2025,03,23,13,59,70,3.6,99,99,99,99,999,1019.2,10,11.6,999,99,99
2025,03,23,14,59,120,2.1,99,99,99,99,999,1019.9,10.6,11.6,999,99,99
2025,03,23,15,59,0,0,99,99,99,99,999,1020.3,10.9,11.6,999,99,99
2025,03,23,16,59,360,2.1,99,99,99,99,999,1020.9,10.7,11.7,999,99,99
2025,03,23,17,59,10,2.1,99,99,99,99,999,1021.2,10.4,11.8,999,99,99
2025,03,23,18,59,30,3.6,99,99,99,99,999,1020.9,10.2,11.9,999,99,99
2025,03,23,19,59,30,4.1,99,99,99,99,999,1020.6,9.9,11.8,999,99,99
2025,03,23,20,59,50,7.7,99,99,99,99,999,1019.9,10.1,11.8,999,99,99
2025,03,23,21,59,150,7.7,99,99,99,99,999,1019.2,10,11.8,999,99,99
2025,03,23,22,59,10,7.2,99,99,99,99,999,1018.7,10,11.8,999,99,99
2025,03,23,23,59,70,7.2,99,99,99,99,999,1018.1,10.1,11.8,999,99,99
2025,03,24,00,59,210,8.2,99,99,99,99,999,1017.6,9.8,11.8,999,99,99
2025,03,24,01,59,340,7.7,99,99,99,99,999,1017.6,10.1,11.8,999,99,99
2025,03,24,02,59,190,5.1,99,99,99,99,999,1017.8,10.7,11.8,999,99,99
2025,03,24,03,59,210,5.7,99,99,99,99,999,1018.6,10.4,11.7,999,99,99
2025,03,24,04,59,250,6.2,99,99,99,99,999,1018.7,10.2,11.7,999,99,99
2025,03,24,05,59,280,4.1,99,99,99,99,999,1018.9,10.8,11.7,999,99,99
2025,03,24,06,59,310,2.1,99,99,99,99,999,1019.1,10.9,11.7,999,99,99
2025,03,24,07,59,0,0,99,99,99,99,999,1019,10.9,11.7,999,99,99
2025,03,24,08,59,260,1,99,99,99,99,999,1018.8,10.6,11.7,999,99,99
2025,03,24,09,59,300,1.5,99,99,99,99,999,1018.2,10.8,11.7,999,99,99
2025,03,24,10,59,340,2.6,99,99,99,99,999,1018,10.6,11.7,999,99,99
2025,03,24,11,59,340,4.1,99,99,99,99,999,1017.8,11.1,11.7,999,99,99
2025,03,24,12,59,350,2.6,99,99,99,99,999,1017.9,11.4,11.6,999,99,99
2025,03,24,13,59,340,4.1,99,99,99,99,999,1018.1,11.4,11.6,999,99,99
2025,03,24,14,59,350,3.1,99,99,99,99,999,1018.6,11.7,11.6,999,99,99
2025,03,24,15,59,350,3.1,99,99,99,99,999,1018.7,11.7,11.7,999,99,99
2025,03,24,16,59,350,3.1,99,99,99,99,999,1018.8,11.7,11.7,999,99,99
2025,03,24,17,59,310,2.6,99,99,99,99,999,1018.8,12.2,11.9,999,99,99
2025,03,24,18,59,330,3.1,99,99,99,99,999,1018.3,12.2,12.2,999,99,99
2025,03,24,20,09,340,2.1,99,99,99,99,999,1017.5,12.7,12.4,999,99,99
2025,03,24,20,59,320,3.1,99,99,99,99,999,1017.1,12.7,12.5,999,99,99
2025,03,24,21,59,330,3.1,99,99,99,99,999,1016.4,12.6,12.9,999,99,99
2025,03,24,22,59,340,4.1,99,99,99,99,999,1015.9,13.7,12.7,999,99,99
2025,03,24,23,59,350,2.6,99,99,99,99,999,1015.3,14.3,12.6,999,99,99
2025,03,25,00,59,340,3.1,99,99,99,99,999,1015,13.8,12.7,999,99,99
2025,03,25,01,59,330,3.6,99,99,99,99,999,1015,13.2,12.6,999,99,99
2025,03,25,02,59,340,3.6,99,99,99,99,999,1015.2,12.3,12.5,999,99,99
2025,03,25,03,59,10,1,99,99,99,99,999,1015.6,12.2,12.5,999,99,99
2025,03,25,04,59,20,0.5,99,99,99,99,999,1015.8,12.1,12.5,999,99,99
2025,03,25,05,59,0,0,99,99,99,99,999,1015.8,12,12.4,999,99,99
2025,03,25,06,59,0,0,99,99,99,99,999,1015.4,12,12.4,999,99,99
2025,03,25,07,59,0,0,99,99,99,99,999,1014.9,12.1,12.4,999,99,99
2025,03,25,08,59,60,3.1,99,99,99,99,999,1014.5,12.7,12.3,999,99,99
2025,03,25,09,59,80,4.6,99,99,99,99,999,1013.8,13.5,12.2,999,99,99
2025,03,25,10,59,90,4.6,99,99,99,99,999,1013.3,14.2,12.2,999,99,99
2025,03,25,11,59,90,3.6,99,99,99,99,999,1013.2,14.1,12.1,999,99,99
2025,03,25,12,59,110,5.1,99,99,99,99,999,1013,14.7,12.2,999,99,99
2025,03,25,13,59,120,5.1,99,99,99,99,999,1013,14.3,12.3,999,99,99
2025,03,25,14,59,160,5.7,99,99,99,99,999,1013.3,13.8,12.1,999,99,99
2025,03,25,15,59,170,4.6,99,99,99,99,999,1013.4,14,12,999,99,99
2025,03,25,16,59,150,1,99,99,99,99,999,1013.9,14.4,12,999,99,99
2025,03,25,17,59,270,0.5,99,99,99,99,999,1014,14.7,12.4,999,99,99
2025,03,25,18,59,290,3.1,99,99,99,99,999,1014.2,13.4,12.4,999,99,99
2025,03,25,19,59,360,2.1,99,99,99,99,999,1013.9,13.7,12.3,999,99,99
2025,03,25,20,59,350,5.7,99,99,99,99,999,1013.6,12.2,12.3,999,99,99
2025,03,25,21,59,130,7.2,99,99,99,99,999,1012.8,11,11.7,999,99,99
2025,03,25,22,59,290,4.6,99,99,99,99,999,1013.5,11.1,11.6,999,99,99
2025,03,25,23,59,290,5.1,99,99,99,99,999,1013.2,10.9,11.6,999,99,99
2025,03,26,00,59,310,5.7,99,99,99,99,999,1012.9,10.9,11.9,999,99,99
2025,03,26,01,59,60,4.6,99,99,99,99,999,1012.8,10.8,11.7,999,99,99
2025,03,26,02,59,40,4.1,99,99,99,99,999,1013,10.8,11.8,999,99,99
2025,03,26,03,59,40,5.7,99,99,99,99,999,1013.1,10.8,11.7,999,99,99
2025,03,26,04,59,20,3.6,99,99,99,99,999,1013.4,10.9,11.7,999,99,99
2025,03,26,05,59,50,5.1,99,99,99,99,999,1013.4,11,11.6,999,99,99
2025,03,26,06,59,110,7.7,99,99,99,99,999,1013.6,11,11.6,999,99,99
2025,03,26,07,59,360,7.2,99,99,99,99,999,1013.4,10.9,11.6,999,99,99
2025,03,26,08,59,230,8.8,99,99,99,99,999,1013.3,11.1,11.6,999,99,99
2025,03,26,09,59,190,8.2,99,99,99,99,999,1013.4,11.3,11.5,999,99,99
2025,03,26,10,59,160,8.2,99,99,99,99,999,1013.4,11.3,11.5,999,99,99
2025,03,26,11,59,190,6.7,99,99,99,99,999,1013.6,11.5,11.5,999,99,99
2025,03,26,12,59,280,5.7,99,99,99,99,999,1013.8,11.4,11.5,999,99,99
2025,03,26,13,59,30,6.7,99,99,99,99,999,1014.2,11.6,11.5,999,99,99
2025,03,26,14,59,350,7.2,99,99,99,99,999,1014.4,11.7,11.5,999,99,99
2025,03,26,15,59,20,9.3,99,99,99,99,999,1014.3,11.8,11.7,999,99,99
2025,03,26,16,59,20,5.1,99,99,99,99,999,1015.3,12,11.8,999,99,99
2025,03,26,17,59,30,6.7,99,99,99,99,999,1016.2,12.2,11.9,999,99,99
2025,03,26,18,59,120,8.2,99,99,99,99,999,1016.5,12.7,12,999,99,99
2025,03,26,19,59,350,8.2,99,99,99,99,999,1016.3,12.8,12,999,99,99
2025,03,26,20,59,230,8.2,99,99,99,99,999,1015.9,12.8,12,999,99,99
2025,03,26,21,59,220,7.7,99,99,99,99,999,1016.4,12.8,12.1,999,99,99
2025,03,26,22,59,130,8.2,99,99,99,99,999,1016.1,12.7,12.1,999,99,99
2025,03,26,23,59,330,8.2,99,99,99,99,999,1016.1,12.4,12.1,999,99,99
2025,03,27,00,59,30,8.2,99,99,99,99,999,1016.2,12.4,12.1,999,99,99
2025,03,27,01,59,280,7.2,99,99,99,99,999,1016.2,12.4,12.1,999,99,99
2025,03,27,02,59,150,7.7,99,99,99,99,999,1016,12.5,12.1,999,99,99
2025,03,27,03,59,330,7.2,99,99,99,99,999,1016.2,12.6,12,999,99,99
2025,03,27,04,59,360,7.2,99,99,99,99,999,1016.2,12.4,12,999,99,99
2025,03,27,05,59,230,7.7,99,99,99,99,999,1016.4,12.4,12,999,99,99
2025,03,27,06,59,360,6.7,99,99,99,99,999,1016.7,12.3,12.2,999,99,99
2025,03,27,07,59,360,6.2,99,99,99,99,999,1016.9,12.3,12.2,999,99,99
2025,03,27,08,59,360,5.1,99,99,99,99,999,1016.9,12.1,12.2,999,99,99
2025,03,27,09,59,360,7.7,99,99,99,99,999,1016.6,12.3,12.2,999,99,99
2025,03,27,10,59,150,7.7,99,99,99,99,999,1016.4,12.1,12.1,999,99,99
2025,03,27,11,59,150,7.2,99,99,99,99,999,1016.8,11.9,12.1,999,99,99
2025,03,27,12,59,150,5.7,99,99,99,99,999,1016.9,11.8,12.1,999,99,99
2025,03,27,13,59,170,6.2,99,99,99,99,999,1016.6,11.8,12.1,999,99,99
2025,03,27,14,59,180,5.7,99,99,99,99,999,1017.2,12,12.2,999,99,99
2025,03,27,15,59,210,6.2,99,99,99,99,999,1017.4,12.3,12.2,999,99,99
2025,03,27,16,59,290,7.2,99,99,99,99,999,1017,12.3,12,999,99,99
2025,03,27,17,59,310,6.2,99,99,99,99,999,1017.3,12.5,11.8,999,99,99
2025,03,27,18,59,310,6.7,99,99,99,99,999,1017.4,12.4,11.9,999,99,99
2025,03,27,19,59,330,7.2,99,99,99,99,999,1017.6,12.3,12,999,99,99
2025,03,27,20,59,350,6.2,99,99,99,99,999,1017.6,12.3,12,999,99,99
2025,03,27,21,59,350,5.7,99,99,99,99,999,1017.1,12.6,12.1,999,99,99
2025,03,27,22,59,20,5.7,99,99,99,99,999,1016.8,12.7,12,999,99,99
2025,03,27,23,59,80,4.1,99,99,99,99,999,1016.8,12.3,12.1,999,99,99
2025,03,28,00,59,100,1.5,99,99,99,99,999,1016.3,12,12.1,999,99,99
2025,03,28,01,59,100,2.1,99,99,99,99,999,1016.2,12.2,12.1,999,99,99
2025,03,28,02,59,90,3.1,99,99,99,99,999,1016.6,11.9,12.1,999,99,99
2025,03,28,03,59,110,2.6,99,99,99,99,999,1017.3,12,12,999,99,99
2025,03,28,04,59,180,1.5,99,99,99,99,999,1017.8,12,12,999,99,99
2025,03,28,05,59,170,1.5,99,99,99,99,999,1017.6,12,12,999,99,99
2025,03,28,06,59,200,2.6,99,99,99,99,999,1017.8,12,12.1,999,99,99
2025,03,28,07,59,0,0,99,99,99,99,999,1017.5,11.8,12.1,999,99,99
2025,03,28,08,59,190,2.1,99,99,99,99,999,1017.5,12,12.1,999,99,99
2025,03,28,09,59,0,0,99,99,99,99,999,1017.3,11.7,12.1,999,99,99
2025,03,28,10,59,0,0,99,99,99,99,999,1016.8,11.8,12,999,99,99
2025,03,28,11,59,0,0,99,99,99,99,999,1016.8,11.7,12,999,99,99
2025,03,28,12,59,0,0,99,99,99,99,999,1016.8,11.9,12,999,99,99
2025,03,28,13,59,200,1.5,99,99,99,99,999,1016.9,11.8,12,999,99,99
2025,03,28,14,59,200,1.5,99,99,99,99,999,1017.4,11.9,12,999,99,99
2025,03,28,15,59,230,2.1,99,99,99,99,999,1018,11.9,12,999,99,99
2025,03,28,16,59,230,3.1,99,99,99,99,999,1018.5,12.2,12.1,999,99,99
2025,03,28,17,59,190,3.1,99,99,99,99,999,1018.8,12.4,12.2,999,99,99
2025,03,28,18,59,250,3.6,99,99,99,99,999,1018.9,12.2,12.2,999,99,99
2025,03,28,19,59,260,3.6,99,99,99,99,999,1018.8,12.4,12.4,999,99,99
2025,03,28,20,59,290,4.1,99,99,99,99,999,1018.8,12.4,12.4,999,99,99
2025,03,28,21,59,300,5.7,99,99,99,99,999,1018.7,12.5,12.4,999,99,99
2025,03,28,22,59,310,5.1,99,99,99,99,999,1018.4,12.6,12.5,999,99,99
2025,03,28,23,59,330,5.1,99,99,99,99,999,1018.2,12.7,12.4,999,99,99
2025,03,29,00,59,340,6.7,99,99,99,99,999,1017.7,12.5,12.4,999,99,99
2025,03,29,01,59,100,6.2,99,99,99,99,999,1017.7,12.2,12.3,999,99,99
2025,03,29,02,59,130,4.6,99,99,99,99,999,1017.6,12,12.1,999,99,99
2025,03,29,03,59,130,6.7,99,99,99,99,999,1018,11.9,11.8,999,99,99
2025,03,29,04,59,120,3.6,99,99,99,99,999,1018.4,11.8,11.9,999,99,99
2025,03,29,05,59,60,1,99,99,99,99,999,1018.5,11.6,11.8,999,99,99
2025,03,29,06,59,20,0.5,99,99,99,99,999,1018.4,11.5,12,999,99,99
2025,03,29,07,59,80,5.1,99,99,99,99,999,1018.2,11.5,11.9,999,99,99
2025,03,29,08,59,70,4.6,99,99,99,99,999,1018,11.4,11.7,999,99,99
2025,03,29,09,59,40,2.6,99,99,99,99,999,1018.1,11.1,11.8,999,99,99
2025,03,29,10,59,40,2.1,99,99,99,99,999,1017.5,11,11.9,999,99,99
2025,03,29,11,59,60,2.1,99,99,99,99,999,1017.5,10.5,12,999,99,99
2025,03,29,12,59,120,2.1,99,99,99,99,999,1017.6,10.1,12,999,99,99
2025,03,29,13,59,150,3.1,99,99,99,99,999,1017.7,10.5,12.1,999,99,99
2025,03,29,14,59,130,2.1,99,99,99,99,999,1017.8,10.5,12.2,999,99,99
2025,03,29,15,59,140,1.5,99,99,99,99,999,1018.2,10.7,12.2,999,99,99
2025,03,29,16,59,180,1,99,99,99,99,999,1018.3,10.3,12.3,999,99,99
2025,03,29,17,59,0,0,99,99,99,99,999,1018.3,11.4,12.4,999,99,99
2025,03,29,18,59,0,0,99,99,99,99,999,1018.2,11.6,12.5,999,99,99
2025,03,29,19,59,340,2.6,99,99,99,99,999,1017.6,11.7,12.6,999,99,99
2025,03,29,20,59,350,2.1,99,99,99,99,999,1016.2,11.7,12.6,999,99,99
2025,03,29,21,59,20,5.1,99,99,99,99,999,1016.1,11.8,12.1,999,99,99
2025,03,29,22,59,30,6.2,99,99,99,99,999,1015.7,11.7,12.3,999,99,99
2025,03,29,23,59,90,6.7,99,99,99,99,999,1015.1,11.6,12.4,999,99,99
2025,03,30,00,59,70,5.1,99,99,99,99,999,1015.1,11.5,12.4,999,99,99
2025,03,30,01,59,80,3.6,99,99,99,99,999,1015,11.5,12.4,999,99,99
2025,03,30,02,59,130,2.1,99,99,99,99,999,1014.8,11.4,12.5,999,99,99
2025,03,30,03,59,120,2.1,99,99,99,99,999,1015,11.5,12.5,999,99,99
2025,03,30,04,59,120,1,99,99,99,99,999,1015,11.4,12.5,999,99,99
2025,03,30,05,59,60,2.6,99,99,99,99,999,1014.9,11.5,12.4,999,99,99
2025,03,30,06,59,0,0,99,99,99,99,999,1014,11.3,12.4,999,99,99
2025,03,30,07,59,40,5.1,99,99,99,99,999,1013.5,11.4,12.4,999,99,99
2025,03,30,08,59,120,6.7,99,99,99,99,999,1013.1,11.5,12.4,999,99,99
2025,03,30,09,59,190,6.2,99,99,99,99,999,1012.4,11.5,12.4,999,99,99
2025,03,30,10,59,200,5.1,99,99,99,99,999,1011.9,10.9,12.4,999,99,99
2025,03,30,11,59,210,4.1,99,99,99,99,999,1011,10.8,12.3,999,99,99
2025,03,30,12,59,220,3.1,99,99,99,99,999,1010.3,11.2,12.3,999,99,99
2025,03,30,13,59,230,5.7,99,99,99,99,999,1010.1,11,12.2,999,99,99
2025,03,30,14,59,220,4.6,99,99,99,99,999,1010.9,11.3,12.2,999,99,99
2025,03,30,15,59,310,7.7,99,99,99,99,999,1010.6,13.2,12.2,999,99,99
2025,03,30,16,59,270,10.3,99,99,99,99,999,1011.2,13.4,12.2,999,99,99
2025,03,30,17,59,50,8.2,99,99,99,99,999,1011.9,13.4,12.2,999,99,99
2025,03,30,19,09,270,10.3,99,99,99,99,999,1012.4,13.6,12.4,999,99,99
2025,03,30,19,59,100,11.3,99,99,99,99,999,1012.4,13.2,12.2,999,99,99
2025,03,30,20,59,70,9.8,99,99,99,99,999,1012.6,13.1,12.2,999,99,99
2025,03,30,21,59,150,9.8,99,99,99,99,999,1013.1,13.1,12.1,999,99,99
2025,03,30,22,59,210,8.8,99,99,99,99,999,1012.7,12.9,12,999,99,99
2025,03,30,23,59,270,8.2,99,99,99,99,999,1012.8,12.8,12,999,99,99
2025,03,31,00,59,110,8.2,99,99,99,99,999,1012.6,13,12,999,99,99
2025,03,31,01,59,30,9.8,99,99,99,99,999,1012.5,12.8,12,999,99,99
2025,03,31,02,59,70,10.8,99,99,99,99,999,1012.6,12.7,11.9,999,99,99
2025,03,31,03,59,280,9.3,99,99,99,99,999,1013,12.5,11.9,999,99,99
2025,03,31,04,59,330,11.3,99,99,99,99,999,1013,12.6,11.9,999,99,99
2025,03,31,05,59,320,9.3,99,99,99,99,999,1013,12.3,11.9,999,99,99
2025,03,31,06,59,310,8.8,99,99,99,99,999,1013.6,12.2,12,999,99,99
2025,03,31,07,59,360,9.8,99,99,99,99,999,1013.5,12.1,12,999,99,99
2025,03,31,08,59,130,7.7,99,99,99,99,999,1014.9,12.2,12,999,99,99
2025,03,31,09,59,30,6.2,99,99,99,99,999,1015,12,12,999,99,99
2025,03,31,10,59,60,5.7,99,99,99,99,999,1015,11.9,11.9,999,99,99
2025,03,31,11,59,80,4.6,99,99,99,99,999,1015.2,12,11.8,999,99,99
2025,03,31,12,59,280,4.1,99,99,99,99,999,1014.7,11,11.8,999,99,99
2025,03,31,13,59,10,4.1,99,99,99,99,999,1015.3,11.5,11.8,999,99,99
2025,03,31,14,59,20,3.1,99,99,99,99,999,1016.1,11.8,11.8,999,99,99
2025,03,31,15,59,10,3.1,99,99,99,99,999,1016.4,11.9,11.8,999,99,99
2025,03,31,16,59,30,3.1,99,99,99,99,999,1017.6,12,11.9,999,99,99
2025,03,31,17,59,20,5.7,99,99,99,99,999,1017.1,12.4,11.9,999,99,99
2025,03,31,18,59,40,6.2,99,99,99,99,999,1017.1,12.6,12,999,99,99
2025,03,31,19,59,60,5.7,99,99,99,99,999,1017.4,12.7,12.1,999,99,99
2025,03,31,20,59,110,4.6,99,99,99,99,999,1017.4,12.6,12.2,999,99,99
2025,03,31,21,59,100,6.2,99,99,99,99,999,1016.8,12.7,12.2,999,99,99
2025,03,31,22,59,220,5.7,99,99,99,99,999,1016.7,12.1,12.2,999,99,99
2025,04,01,00,59,270,4.1,99,99,99,99,999,1016.7,12.3,12.2,999,99,99
2025,04,01,01,59,290,7.2,99,99,99,99,999,1017.3,12,12.2,999,99,99
2025,04,01,02,59,110,8.8,99,99,99,99,999,1017,11.2,12.2,999,99,99
2025,04,01,03,59,60,5.1,99,99,99,99,999,1017.3,11.7,12.2,999,99,99
2025,04,01,04,59,110,5.7,99,99,99,99,999,1017.6,11,12.2,999,99,99
2025,04,01,05,59,110,5.1,99,99,99,99,999,1017.6,11.3,12.2,999,99,99
2025,04,01,06,59,100,5.7,99,99,99,99,999,1017.7,11.4,12.1,999,99,99
2025,04,01,07,59,80,3.6,99,99,99,99,999,1017.5,11.5,12.1,999,99,99
2025,04,01,08,59,90,5.1,99,99,99,99,999,1017.3,11.8,12.1,999,99,99
2025,04,01,09,59,100,6.2,99,99,99,99,999,1017.1,11.6,12.1,999,99,99
2025,04,01,10,59,110,4.1,99,99,99,99,999,1017.2,11.2,12.1,999,99,99
2025,04,01,11,59,110,7.2,99,99,99,99,999,1016.7,11.5,12.1,999,99,99
2025,04,01,12,59,140,6.2,99,99,99,99,999,1016.9,11.6,12.1,999,99,99
2025,04,01,13,59,240,5.7,99,99,99,99,999,1017.5,10.9,12.1,999,99,99
2025,04,01,14,59,30,6.2,99,99,99,99,999,1017.2,11.2,12.1,999,99,99
2025,04,01,15,59,40,5.7,99,99,99,99,999,1017.3,11.8,12.1,999,99,99
2025,04,01,16,59,60,6.2,99,99,99,99,999,1017.3,12,12.1,999,99,99
2025,04,01,17,59,130,9.3,99,99,99,99,999,1017.6,11,12.1,999,99,99
2025,04,01,18,59,210,5.7,99,99,99,99,999,1018.4,10.9,12.1,999,99,99
2025,04,01,19,59,240,5.7,99,99,99,99,999,1017.2,11.7,12.2,999,99,99
2025,04,01,20,59,250,6.7,99,99,99,99,999,1016.5,12.1,12.3,999,99,99
2025,04,01,21,59,360,7.2,99,99,99,99,999,1016,11.7,12.3,999,99,99
2025,04,01,22,59,30,8.8,99,99,99,99,999,1015.4,11.9,12.3,999,99,99
2025,04,01,23,59,300,7.7,99,99,99,99,999,1014.8,11.9,12.2,999,99,99
2025,04,02,00,59,70,7.2,99,99,99,99,999,1014.1,11.3,12.1,999,99,99
2025,04,02,01,59,100,7.7,99,99,99,99,999,1013.9,11.6,12.1,999,99,99
2025,04,02,02,59,120,9.8,99,99,99,99,999,1013.3,11.6,12.1,999,99,99
2025,04,02,03,59,70,8.8,99,99,99,99,999,1013.6,11.3,12.1,999,99,99
2025,04,02,04,59,230,8.8,99,99,99,99,999,1013.9,11.2,12.1,999,99,99
2025,04,02,05,59,240,11.3,99,99,99,99,999,1012.9,10.9,12.1,999,99,99
2025,04,02,06,59,290,9.8,99,99,99,99,999,1013,11,12.1,999,99,99
2025,04,02,07,59,40,10.3,99,99,99,99,999,1013,11,12,999,99,99
2025,04,02,08,59,340,9.8,99,99,99,99,999,1012.9,11.2,12,999,99,99
2025,04,02,09,59,160,7.7,99,99,99,99,999,1012.9,10.8,12,999,99,99
2025,04,02,10,59,170,4.6,99,99,99,99,999,1013,10.7,11.9,999,99,99
2025,04,02,11,59,150,4.1,99,99,99,99,999,1012.8,10.5,11.9,999,99,99
2025,04,02,12,59,140,5.1,99,99,99,99,999,1012.8,10.4,11.9,999,99,99
2025,04,02,13,59,230,5.7,99,99,99,99,999,1013.1,10.3,11.9,999,99,99
2025,04,02,14,59,240,5.1,99,99,99,99,999,1013.5,10.2,11.9,999,99,99
2025,04,02,15,59,280,5.1,99,99,99,99,999,1014.1,10.5,11.9,999,99,99
2025,04,02,16,59,160,9.3,99,99,99,99,999,1013.6,10.8,12,999,99,99
2025,04,02,17,59,120,7.7,99,99,99,99,999,1013.8,11.2,12,999,99,99
2025,04,02,18,59,170,11.3,99,99,99,99,999,1013.5,11.1,12,999,99,99
2025,04,02,19,59,250,10.8,99,99,99,99,999,1012.9,11.2,12,999,99,99
2025,04,02,20,59,290,11.8,99,99,99,99,999,1012.9,11.2,12.1,999,99,99
2025,04,02,21,59,270,12.9,99,99,99,99,999,1012.5,11.1,12,999,99,99
2025,04,02,22,59,120,12.9,99,99,99,99,999,1012.6,11,12.1,999,99,99
2025,04,02,23,59,200,11.8,99,99,99,99,999,1012.2,11.2,12,999,99,99
2025,04,03,00,59,120,10.3,99,99,99,99,999,1011.9,11,12,999,99,99
2025,04,03,01,59,90,9.8,99,99,99,99,999,1012.3,10.9,12,999,99,99
2025,04,03,02,59,20,9.8,99,99,99,99,999,1012.4,10.8,11.9,999,99,99
2025,04,03,03,59,90,9.3,99,99,99,99,999,1012.8,10.8,11.8,999,99,99
2025,04,03,04,59,90,8.2,99,99,99,99,999,1013.7,10.8,11.7,999,99,99
2025,04,03,05,59,230,7.7,99,99,99,99,999,1013.7,10.7,11.6,999,99,99
2025,04,03,06,59,180,8.2,99,99,99,99,999,1013.8,10.5,11.7,999,99,99
2025,04,03,07,59,30,6.7,99,99,99,99,999,1014.2,10.4,11.7,999,99,99
2025,04,03,08,59,150,7.2,99,99,99,99,999,1014.1,10.6,11.7,999,99,99
2025,04,03,09,59,250,8.2,99,99,99,99,999,1013.9,10.6,11.6,999,99,99
2025,04,03,10,59,260,4.1,99,99,99,99,999,1013.9,10.3,11.6,999,99,99
2025,04,03,11,59,0,0,99,99,99,99,999,1013.8,9.6,11.7,999,99,99
2025,04,03,12,59,0,0,99,99,99,99,999,1014.1,9.5,11.7,999,99,99
2025,04,03,13,59,250,1,99,99,99,99,999,1014.5,9.8,11.8,999,99,99
2025,04,03,14,59,260,2.1,99,99,99,99,999,1015,9.2,11.7,999,99,99
2025,04,03,15,59,0,0,99,99,99,99,999,1015.6,9.8,11.9,999,99,99
2025,04,03,16,59,0,0,99,99,99,99,999,1016,9.9,12,999,99,99
2025,04,03,17,59,0,0,99,99,99,99,999,1016.5,10.1,12.1,999,99,99
2025,04,03,18,59,0,0,99,99,99,99,999,1016.7,10.5,12.1,999,99,99
2025,04,03,19,59,270,4.6,99,99,99,99,999,1016.7,11,12.7,999,99,99
2025,04,03,20,59,290,6.7,99,99,99,99,999,1016.4,11.2,12.3,999,99,99
2025,04,03,21,59,70,8.2,99,99,99,99,999,1016.1,11.2,12.1,999,99,99
2025,04,03,22,59,230,7.7,99,99,99,99,999,1015.5,11,12.2,999,99,99
2025,04,03,23,59,120,8.8,99,99,99,99,999,1015.2,11.3,11.9,999,99,99
2025,04,04,00,59,140,7.2,99,99,99,99,999,1015.3,11.4,11.9,999,99,99
2025,04,04,01,59,70,9.3,99,99,99,99,999,1015.1,11.2,11.8,999,99,99
2025,04,04,02,59,250,9.3,99,99,99,99,999,1015.7,11.2,11.9,999,99,99
2025,04,04,03,59,170,7.7,99,99,99,99,999,1016.6,11.1,11.9,999,99,99
2025,04,04,04,59,150,8.2,99,99,99,99,999,1017.7,11.1,11.9,999,99,99
2025,04,04,05,59,330,6.2,99,99,99,99,999,1018.2,11.1,11.9,999,99,99
2025,04,04,06,59,10,3.6,99,99,99,99,999,1018.7,11.1,11.9,999,99,99
2025,04,04,07,59,30,2.1,99,99,99,99,999,1018.7,10.8,11.8,999,99,99
2025,04,04,08,59,30,3.6,99,99,99,99,999,1018.8,10.3,11.8,999,99,99
2025,04,04,09,59,40,1,99,99,99,99,999,1019.2,10,11.8,999,99,99
2025,04,04,10,59,310,2.1,99,99,99,99,999,1019.5,10.3,11.8,999,99,99
2025,04,04,11,59,10,1.5,99,99,99,99,999,1019.5,10.4,11.8,999,99,99
2025,04,04,12,59,0,0,99,99,99,99,999,1019.8,10.3,11.8,999,99,99
2025,04,04,13,59,50,3.1,99,99,99,99,999,1020,9.7,11.6,999,99,99
2025,04,04,14,59,0,0,99,99,99,99,999,1020.9,10.3,11.8,999,99,99
2025,04,04,15,59,0,0,99,99,99,99,999,1021.6,11,11.8,999,99,99
2025,04,04,16,59,0,0,99,99,99,99,999,1022,10.7,11.9,999,99,99
2025,04,04,17,59,0,0,99,99,99,99,999,1022.2,10.4,12,999,99,99
2025,04,04,18,59,0,0,99,99,99,99,999,1022.4,11,12.1,999,99,99
2025,04,04,19,59,330,2.6,99,99,99,99,999,1021.9,11.1,12.1,999,99,99
2025,04,04,20,59,330,4.1,99,99,99,99,999,1021.7,11.4,12.6,999,99,99
2025,04,04,21,59,350,4.6,99,99,99,99,999,1021.3,11.9,12.7,999,99,99
2025,04,04,22,59,360,1.5,99,99,99,99,999,1021.1,12.3,12.5,999,99,99
2025,04,04,23,59,10,3.6,99,99,99,99,999,1021.1,12.4,12.6,999,99,99
2025,04,05,00,59,70,7.7,99,99,99,99,999,1020.8,12.2,12.4,999,99,99
2025,04,05,01,59,70,7.7,99,99,99,99,999,1020.7,12.8,12.2,999,99,99
2025,04,05,02,59,190,5.7,99,99,99,99,999,1021.2,12.6,12.2,999,99,99
2025,04,05,03,59,200,2.1,99,99,99,99,999,1022.2,12.1,12.1,999,99,99
2025,04,05,04,59,190,4.6,99,99,99,99,999,1023.1,12,12.1,999,99,99
2025,04,05,05,59,210,1.5,99,99,99,99,999,1023.5,11.8,12.1,999,99,99
2025,04,05,06,59,0,0,99,99,99,99,999,1023.7,11.4,12.1,999,99,99
2025,04,05,07,59,200,1.5,99,99,99,99,999,1023.8,11.4,12.1,999,99,99
2025,04,05,08,59,160,5.1,99,99,99,99,999,1023.5,11.1,12.1,999,99,99
2025,04,05,09,59,180,3.1,99,99,99,99,999,1023.7,10.9,12.1,999,99,99
2025,04,05,10,59,210,2.1,99,99,99,99,999,1023.6,11.3,12,999,99,99
2025,04,05,11,59,200,2.6,99,99,99,99,999,1023.8,11,12,999,99,99
2025,04,05,12,59,210,2.1,99,99,99,99,999,1023.9,10.9,12,999,99,99
2025,04,05,13,59,210,3.1,99,99,99,99,999,1024.3,10.3,12,999,99,99
2025,04,05,14,59,210,1.5,99,99,99,99,999,1024.9,10.3,12,999,99,99
2025,04,05,15,59,230,4.1,99,99,99,99,999,1025.1,10.5,12,999,99,99
2025,04,05,16,59,240,4.6,99,99,99,99,999,1025.4,11.1,12,999,99,99
2025,04,05,17,59,170,4.6,99,99,99,99,999,1026.4,11.3,12.1,999,99,99
2025,04,05,18,59,180,5.1,99,99,99,99,999,1025.8,11,12.2,999,99,99
2025,04,05,19,59,200,4.6,99,99,99,99,999,1025.5,11.4,12.2,999,99,99
2025,04,05,20,59,180,7.2,99,99,99,99,999,1025.6,11.5,12.2,999,99,99
2025,04,05,21,59,250,7.2,99,99,99,99,999,1025,11.4,12.2,999,99,99
2025,04,05,22,59,310,5.7,99,99,99,99,999,1024.5,11.5,12.2,999,99,99
2025,04,05,23,59,320,4.1,99,99,99,99,999,1024.5,12,12.1,999,99,99
2025,04,06,00,59,340,3.6,99,99,99,99,999,1024.4,12.1,12.1,999,99,99
2025,04,06,01,59,350,2.1,99,99,99,99,999,1024.1,12.3,12.1,999,99,99
2025,04,06,02,59,320,7.2,99,99,99,99,999,1024.1,11.7,12,999,99,99
2025,04,06,03,59,70,7.2,99,99,99,99,999,1024.1,11.5,11.9,999,99,99
2025,04,06,04,59,120,6.2,99,99,99,99,999,1024.7,11.4,11.9,999,99,99
2025,04,06,05,59,100,6.2,99,99,99,99,999,1024.8,11.3,11.9,999,99,99
2025,04,06,06,59,140,3.6,99,99,99,99,999,1024.7,11.5,11.9,999,99,99
2025,04,06,07,59,140,2.6,99,99,99,99,999,1024.5,11.5,11.9,999,99,99
2025,04,06,08,59,140,2.1,99,99,99,99,999,1024.5,10.9,11.9,999,99,99
2025,04,06,09,59,170,3.6,99,99,99,99,999,1024.3,10.6,11.9,999,99,99
2025,04,06,10,59,150,1.5,99,99,99,99,999,1024,9.9,11.9,999,99,99
2025,04,06,11,59,0,0,99,99,99,99,999,1023.7,9.8,11.9,999,99,99
2025,04,06,12,59,120,0.5,99,99,99,99,999,1023.6,8.8,11.9,999,99,99
2025,04,06,13,59,0,0,99,99,99,99,999,1023.8,9.6,11.9,999,99,99
2025,04,06,14,59,140,2.1,99,99,99,99,999,1024.4,10.3,11.9,999,99,99
2025,04,06,15,59,170,2.1,99,99,99,99,999,1025.1,10,11.9,999,99,99
2025,04,06,16,59,190,2.6,99,99,99,99,999,1024.1,10.8,12,999,99,99
2025,04,06,17,59,180,2.6,99,99,99,99,999,1023.9,11.2,12.1,999,99,99
2025,04,06,19,09,110,5.1,99,99,99,99,999,1023.5,11.6,12.2,999,99,99
2025,04,06,19,59,110,5.1,99,99,99,99,999,1023.2,11.8,12.3,999,99,99
2025,04,06,20,59,100,7.2,99,99,99,99,999,1023.3,12.1,12.3,999,99,99
2025,04,06,21,59,280,3.6,99,99,99,99,999,1022.6,11.9,12.3,999,99,99
2025,04,06,22,59,110,5.7,99,99,99,99,999,1022.3,11.8,12.3,999,99,99
2025,04,06,23,59,280,4.6,99,99,99,99,999,1021.7,11.8,12.2,999,99,99
2025,04,07,00,59,290,4.1,99,99,99,99,999,1021.6,11.9,12.2,999,99,99
2025,04,07,01,59,280,4.6,99,99,99,99,999,1021.6,11.8,12.2,999,99,99
2025,04,07,02,59,250,3.6,99,99,99,99,999,1021.3,11.4,12.1,999,99,99
2025,04,07,03,59,260,2.6,99,99,99,99,999,1021.8,11.5,12.1,999,99,99
2025,04,07,04,59,240,2.6,99,99,99,99,999,1021.9,11.2,12,999,99,99
2025,04,07,05,59,270,1.5,99,99,99,99,999,1021.9,11.4,12,999,99,99
2025,04,07,06,59,290,2.1,99,99,99,99,999,1022.4,11.4,12.2,999,99,99
2025,04,07,07,59,0,0,99,99,99,99,999,1022.2,11.4,12.3,999,99,99
2025,04,07,08,59,0,0,99,99,99,99,999,1022,11.3,12.3,999,99,99
2025,04,07,09,59,0,0,99,99,99,99,999,1021.4,11,12.2,999,99,99
2025,04,07,10,59,0,0,99,99,99,99,999,1021.3,11.2,12.2,999,99,99
2025,04,07,11,59,0,0,99,99,99,99,999,1020.6,11.1,12.2,999,99,99
2025,04,07,12,59,0,0,99,99,99,99,999,1020.4,11.3,12.3,999,99,99
2025,04,07,13,59,40,2.1,99,99,99,99,999,1020.5,11.2,12.3,999,99,99
2025,04,07,14,59,0,0,99,99,99,99,999,1021.2,11.5,12.3,999,99,99
2025,04,07,15,59,50,2.6,99,99,99,99,999,1021.2,11,12.3,999,99,99
2025,04,07,16,59,30,1.5,99,99,99,99,999,1021.7,11.4,12.4,999,99,99
2025,04,07,17,59,0,0,99,99,99,99,999,1022.1,11.9,12.4,999,99,99
2025,04,07,18,59,0,0,99,99,99,99,999,1022.1,13.5,12.5,999,99,99
2025,04,07,19,59,360,1.5,99,99,99,99,999,1021.8,13.6,12.5,999,99,99
2025,04,07,20,59,320,3.6,99,99,99,99,999,1021.5,12.2,13,999,99,99
2025,04,07,21,59,320,4.1,99,99,99,99,999,1021.1,11.9,12.5,999,99,99
2025,04,07,22,59,320,3.6,99,99,99,99,999,1020.7,11.4,12.4,999,99,99
2025,04,07,23,58,320,5.7,99,99,99,99,999,1020.2,11.3,12.2,999,99,99
2025,04,08,00,58,320,6.2,99,99,99,99,999,1019.8,11.3,12.1,999,99,99
2025,04,08,01,58,350,6.2,99,99,99,99,999,1019.5,10.9,12,999,99,99
2025,04,08,02,58,70,6.7,99,99,99,99,999,1019.7,11,12,999,99,99
2025,04,08,03,58,90,5.7,99,99,99,99,999,1020.3,11.2,11.9,999,99,99
2025,04,08,04,58,120,3.6,99,99,99,99,999,1021.1,10.8,11.9,999,99,99
2025,04,08,05,58,110,0.5,99,99,99,99,999,1021.6,11.3,11.9,999,99,99
2025,04,08,06,58,150,1.5,99,99,99,99,999,1021.2,10.7,11.9,999,99,99
2025,04,08,07,58,130,1,99,99,99,99,999,1021.6,11.3,11.9,999,99,99
2025,04,08,08,58,160,2.1,99,99,99,99,999,1021.3,11.1,11.9,999,99,99
2025,04,08,09,58,130,1,99,99,99,99,999,1021.1,11.2,12,999,99,99
2025,04,08,10,58,100,5.1,99,99,99,99,999,1020.5,10.7,12.1,999,99,99
2025,04,08,11,58,80,5.1,99,99,99,99,999,1020.2,10.5,12.1,999,99,99
2025,04,08,12,58,120,1,99,99,99,99,999,1020.4,10.8,12.1,999,99,99
2025,04,08,13,58,0,0,99,99,99,99,999,1020.9,10.9,12.1,999,99,99
2025,04,08,14,58,0,0,99,99,99,99,999,1021.2,10.5,12.1,999,99,99
2025,04,08,15,58,150,1,99,99,99,99,999,1022.1,10.6,12.2,999,99,99
2025,04,08,16,58,0,0,99,99,99,99,999,1021.7,11.9,12.4,999,99,99
2025,04,08,17,58,0,0,99,99,99,99,999,1021.8,10.7,12.7,999,99,99
2025,04,08,18,58,10,1,99,99,99,99,999,1021.7,12,13,999,99,99
2025,04,08,19,58,120,2.1,99,99,99,99,999,1021.3,13.1,13.2,999,99,99
2025,04,08,20,58,110,6.7,99,99,99,99,999,1020.8,13,12.6,999,99,99
2025,04,08,21,58,120,6.7,99,99,99,99,999,1020.1,12.8,12.2,999,99,99
2025,04,08,22,58,130,7.7,99,99,99,99,999,1019.1,12.5,12,999,99,99
2025,04,08,23,58,170,6.7,99,99,99,99,999,1018.9,12.7,12,999,99,99
2025,04,09,00,58,340,7.2,99,99,99,99,999,1018.5,12.7,11.9,999,99,99
2025,04,09,01,58,200,7.7,99,99,99,99,999,1018,12.4,11.8,999,99,99
2025,04,09,02,58,140,8.8,99,99,99,99,999,1018,12.3,11.7,999,99,99
2025,04,09,03,58,150,8.2,99,99,99,99,999,1018.3,12.1,11.6,999,99,99
2025,04,09,04,58,200,7.7,99,99,99,99,999,1019.2,12,11.6,999,99,99
2025,04,09,05,58,210,4.1,99,99,99,99,999,1019.4,11.8,11.6,999,99,99
2025,04,09,06,58,0,0,99,99,99,99,999,1019.5,11.6,11.5,999,99,99
2025,04,09,07,58,0,0,99,99,99,99,999,1019.9,11.5,11.5,999,99,99
2025,04,09,08,58,220,0.5,99,99,99,99,999,1019.9,11.4,11.5,999,99,99
2025,04,09,09,58,230,0.5,99,99,99,99,999,1019.8,11.3,11.6,999,99,99
2025,04,09,10,58,0,0,99,99,99,99,999,1019.7,11.4,11.6,999,99,99
2025,04,09,11,58,0,0,99,99,99,99,999,1019.4,11.5,11.7,999,99,99
2025,04,09,12,58,0,0,99,99,99,99,999,1019.2,11.8,12.1,999,99,99
2025,04,09,13,58,0,0,99,99,99,99,999,1019.6,11.2,12.2,999,99,99
2025,04,09,14,58,0,0,99,99,99,99,999,1020.2,11.8,12.3,999,99,99
2025,04,09,16,58,0,0,99,99,99,99,999,1020.7,11.6,12.2,999,99,99
2025,04,09,17,58,0,0,99,99,99,99,999,1021.1,11.7,12.1,999,99,99
2025,04,09,18,58,210,5.1,99,99,99,99,999,1020.8,12,11.9,999,99,99
2025,04,09,19,58,210,5.1,99,99,99,99,999,1020.2,12.2,11.8,999,99,99
2025,04,09,20,58,220,6.2,99,99,99,99,999,1020,12.3,11.8,999,99,99
2025,04,09,21,58,270,5.7,99,99,99,99,999,1019.7,12.6,11.7,999,99,99
2025,04,09,22,58,350,7.7,99,99,99,99,999,1018.9,12.7,11.7,999,99,99
2025,04,09,23,58,100,6.7,99,99,99,99,999,1018.5,12.9,11.8,999,99,99
2025,04,10,00,58,140,7.2,99,99,99,99,999,1018.2,12.9,11.6,999,99,99
2025,04,10,01,58,180,7.2,99,99,99,99,999,1018.1,12.6,11.6,999,99,99
2025,04,10,02,58,300,6.2,99,99,99,99,999,1018.6,12.1,11.5,999,99,99
2025,04,10,03,58,80,8.8,99,99,99,99,999,1019,11.9,11.4,999,99,99
2025,04,10,04,58,310,7.2,99,99,99,99,999,1019.4,11.8,11.3,999,99,99
2025,04,10,05,58,10,4.1,99,99,99,99,999,1019.3,11.8,11.3,999,99,99
2025,04,10,06,58,340,6.2,99,99,99,99,999,1020,11.5,11.3,999,99,99
2025,04,10,07,58,10,4.1,99,99,99,99,999,1020.4,11.4,11.4,999,99,99
2025,04,10,08,58,0,0,99,99,99,99,999,1020.7,11.4,11.4,999,99,99
2025,04,10,09,59,10,2.1,99,99,99,99,999,1020.5,11.3,11.5,999,99,99
2025,04,10,10,58,360,1.5,99,99,99,99,999,1020.3,11.4,11.5,999,99,99
2025,04,10,11,58,350,5.1,99,99,99,99,999,1020.7,11.1,11.5,999,99,99
2025,04,10,12,58,360,5.7,99,99,99,99,999,1021.2,9.8,11.5,999,99,99
2025,04,10,13,58,110,6.7,99,99,99,99,999,1021.5,9.9,11.4,999,99,99
2025,04,10,14,58,140,8.2,99,99,99,99,999,1022.4,10.2,11.2,999,99,99
2025,04,10,15,58,180,7.7,99,99,99,99,999,1023.1,9.8,11.3,999,99,99
2025,04,10,16,58,190,7.2,99,99,99,99,999,1023.7,10.8,11.2,999,99,99
2025,04,10,17,58,200,2.6,99,99,99,99,999,1024.4,10.7,11.3,999,99,99
2025,04,10,18,58,0,0,99,99,99,99,999,1023.5,11.2,11.4,999,99,99
2025,04,10,19,58,240,3.6,99,99,99,99,999,1023,11,11.6,999,99,99
2025,04,10,20,58,230,4.6,99,99,99,99,999,1022.6,11.8,11.6,999,99,99
2025,04,10,21,58,330,8.2,99,99,99,99,999,1022.2,12.5,11.5,999,99,99
2025,04,10,22,58,50,8.8,99,99,99,99,999,1021.5,12.4,11.4,999,99,99
2025,04,11,00,58,300,8.8,99,99,99,99,999,1020.6,13.1,11.3,999,99,99
2025,04,11,01,58,30,10.8,99,99,99,99,999,1020,13.3,11.3,999,99,99
2025,04,11,02,58,160,11.8,99,99,99,99,999,1019.8,12.9,11.3,999,99,99
2025,04,11,03,58,310,7.7,99,99,99,99,999,1020.6,12.4,11.3,999,99,99
2025,04,11,04,58,340,5.7,99,99,99,99,999,1021.1,12.3,11.2,999,99,99
2025,04,11,05,58,350,6.7,99,99,99,99,999,1021.3,11.8,11.1,999,99,99
2025,04,11,06,58,350,3.6,99,99,99,99,999,1020.8,11.4,11.1,999,99,99
2025,04,11,07,58,360,1,99,99,99,99,999,1020.9,11.2,11.1,999,99,99
2025,04,11,08,58,360,3.1,99,99,99,99,999,1020.8,11.2,11.2,999,99,99
2025,04,11,09,58,40,9.3,99,99,99,99,999,1020.9,10.9,11.2,999,99,99
2025,04,11,10,58,0,0,99,99,99,99,999,1020.5,11.2,11.2,999,99,99
2025,04,11,11,58,0,0,99,99,99,99,999,1019.2,11,11.2,999,99,99
2025,04,11,12,58,0,0,99,99,99,99,999,1019.3,10.5,11.1,999,99,99
2025,04,11,13,58,0,0,99,99,99,99,999,1020.4,11.3,11.1,999,99,99
2025,04,11,14,58,0,0,99,99,99,99,999,1021.2,11.3,11.1,999,99,99
2025,04,11,15,58,0,0,99,99,99,99,999,1020.8,11.1,11,999,99,99
2025,04,11,16,58,0,0,99,99,99,99,999,1019.8,11.3,11.1,999,99,99
2025,04,11,17,58,0,0,99,99,99,99,999,1020.5,11,11.1,999,99,99
2025,04,11,18,58,0,0,99,99,99,99,999,1020.5,11.1,11.2,999,99,99
2025,04,11,19,58,0,0,99,99,99,99,999,1019.5,11.4,11,999,99,99
2025,04,11,20,58,0,0,99,99,99,99,999,1018.6,12,11.1,999,99,99
2025,04,11,21,58,0,0,99,99,99,99,999,1018,12,11.1,999,99,99
2025,04,11,22,58,40,0.5,99,99,99,99,999,1017.6,11.9,11.1,999,99,99
2025,04,11,23,58,80,2.1,99,99,99,99,999,1016.8,11.9,11,999,99,99
2025,04,12,00,58,330,3.6,99,99,99,99,999,1016.3,11.7,10.9,999,99,99
2025,04,12,01,58,130,1,99,99,99,99,999,1016.3,11.6,10.8,999,99,99
2025,04,12,02,58,270,2.1,99,99,99,99,999,1016.3,11.4,10.9,999,99,99
2025,04,12,03,58,120,1.5,99,99,99,99,999,1016.8,11.5,10.9,999,99,99
2025,04,12,04,58,170,1,99,99,99,99,999,1017.7,11.4,10.8,999,99,99
2025,04,12,05,58,200,0.5,99,99,99,99,999,1018,11.2,10.8,999,99,99
2025,04,12,06,58,160,0.5,99,99,99,99,999,1017.9,11.2,10.7,999,99,99
2025,04,12,07,58,0,0,99,99,99,99,999,1018.1,10.8,10.7,999,99,99
2025,04,12,08,58,320,0.5,99,99,99,99,999,1017.8,10.6,10.7,999,99,99
2025,04,12,09,58,240,0.5,99,99,99,99,999,1017.3,10.6,10.8,999,99,99
2025,04,12,10,58,320,0.5,99,99,99,99,999,1017.2,10.7,10.8,999,99,99
2025,04,12,11,58,0,0,99,99,99,99,999,1017.2,10.4,10.8,999,99,99
2025,04,12,12,58,0,0,99,99,99,99,999,1017.2,10.4,10.8,999,99,99
2025,04,12,13,58,0,0,99,99,99,99,999,1017.4,10,10.7,999,99,99
2025,04,12,14,58,110,1,99,99,99,99,999,1017.8,10.1,10.7,999,99,99
2025,04,12,15,58,120,0.5,99,99,99,99,999,1018,10.3,10.7,999,99,99
2025,04,12,16,58,0,0,99,99,99,99,999,1018.1,10.2,10.8,999,99,99
2025,04,12,17,58,100,0.5,99,99,99,99,999,1018.2,10.5,10.8,999,99,99
2025,04,12,18,58,0,0,99,99,99,99,999,1018.2,10.4,10.9,999,99,99
2025,04,12,19,58,0,0,99,99,99,99,999,1017.9,10.7,11.1,999,99,99
2025,04,12,20,58,0,0,99,99,99,99,999,1017.5,10.8,11.5,999,99,99
2025,04,12,21,58,0,0,99,99,99,99,999,1016.9,11,11.7,999,99,99
2025,04,12,22,58,120,0.5,99,99,99,99,999,1016.1,11,11.8,999,99,99
2025,04,12,23,58,100,1,99,99,99,99,999,1015.5,11.1,11.9,999,99,99
2025,04,13,00,58,90,0.5,99,99,99,99,999,1015.1,11.1,11.9,999,99,99
2025,04,13,01,58,120,0.5,99,99,99,99,999,1014.8,10.8,12,999,99,99
2025,04,13,02,58,160,0.5,99,99,99,99,999,1014.6,10.5,11.5,999,99,99
2025,04,13,03,58,0,0,99,99,99,99,999,1015,10.3,11,999,99,99
2025,04,13,04,58,0,0,99,99,99,99,999,1015.2,10.2,10.7,999,99,99
2025,04,13,05,58,0,0,99,99,99,99,999,1015.5,10.1,10.6,999,99,99
2025,04,13,06,58,0,0,99,99,99,99,999,1015.4,10.1,10.5,999,99,99
2025,04,13,07,58,0,0,99,99,99,99,999,1015.4,9.9,10.4,999,99,99
2025,04,13,08,58,0,0,99,99,99,99,999,1015.1,9.7,10.7,999,99,99
2025,04,13,09,58,0,0,99,99,99,99,999,1014.8,9.6,10.8,999,99,99
2025,04,13,10,58,0,0,99,99,99,99,999,1014.7,9.6,10.8,999,99,99
2025,04,13,11,58,0,0,99,99,99,99,999,1014.6,9.2,10.7,999,99,99
2025,04,13,12,58,0,0,99,99,99,99,999,1014.4,8.8,10.7,999,99,99
2025,04,13,13,58,0,0,99,99,99,99,999,1014.8,9,10.6,999,99,99
2025,04,13,14,58,0,0,99,99,99,99,999,1015,9.2,10.6,999,99,99
2025,04,13,15,58,0,0,99,99,99,99,999,1015.1,8.8,11,999,99,99
2025,04,13,16,58,0,0,99,99,99,99,999,1015.4,7.8,11.1,999,99,99
2025,04,13,17,58,0,0,99,99,99,99,999,1015.4,9.2,11.1,999,99,99
2025,04,13,18,58,0,0,99,99,99,99,999,1015.1,9.8,11.3,999,99,99
2025,04,13,19,58,0,0,99,99,99,99,999,1014.5,8.9,11.4,999,99,99
2025,04,13,20,58,0,0,99,99,99,99,999,1014.4,8.8,11.2,999,99,99
2025,04,13,21,58,0,0,99,99,99,99,999,1014.1,9.3,11.1,999,99,99
2025,04,13,22,58,0,0,99,99,99,99,999,1013.7,10.9,11.2,999,99,99
2025,04,13,23,58,0,0,99,99,99,99,999,1013.5,10.2,11.2,999,99,99
2025,04,14,00,58,0,0,99,99,99,99,999,1013.4,9.8,11.4,999,99,99
2025,04,14,01,58,0,0,99,99,99,99,999,1013.3,10.1,11.2,999,99,99
2025,04,14,02,58,0,0,99,99,99,99,999,1013.7,10.4,11.3,999,99,99
2025,04,14,03,58,0,0,99,99,99,99,999,1014.1,10.6,11.2,999,99,99
2025,04,14,04,58,0,0,99,99,99,99,999,1014.5,10.6,11.1,999,99,99
2025,04,14,05,58,0,0,99,99,99,99,999,1014.3,10.4,11,999,99,99
2025,04,14,06,58,0,0,99,99,99,99,999,1014.1,10,11,999,99,99
2025,04,14,07,58,0,0,99,99,99,99,999,1014.3,9.5,11.1,999,99,99
2025,04,14,08,58,0,0,99,99,99,99,999,1014.2,9.5,11,999,99,99
2025,04,14,09,58,0,0,99,99,99,99,999,1013.8,9.1,11,999,99,99
2025,04,14,10,58,0,0,99,99,99,99,999,1013.9,9.3,11.1,999,99,99
2025,04,14,11,58,0,0,99,99,99,99,999,1013.8,8.8,11.1,999,99,99
2025,04,14,12,58,0,0,99,99,99,99,999,1013.5,8.5,11.2,999,99,99
2025,04,14,13,58,0,0,99,99,99,99,999,1013.7,8.5,11.3,999,99,99
2025,04,14,14,58,0,0,99,99,99,99,999,1014.2,8.6,11.2,999,99,99
2025,04,14,15,58,0,0,99,99,99,99,999,1014.5,8.8,10.9,999,99,99
2025,04,14,16,58,0,0,99,99,99,99,999,1015.2,8.9,10.8,999,99,99
2025,04,14,17,58,0,0,99,99,99,99,999,1015.9,9.2,10.8,999,99,99
2025,04,14,18,58,0,0,99,99,99,99,999,1016.2,9.9,10.7,999,99,99
2025,04,14,19,58,0,0,99,99,99,99,999,1016.1,10.1,10.6,999,99,99
2025,04,14,20,58,0,0,99,99,99,99,999,1016.3,10.6,10.7,999,99,99
2025,04,14,21,58,0,0,99,99,99,99,999,1016.3,10.7,10.7,999,99,99
2025,04,14,22,58,0,0,99,99,99,99,999,1015,10.7,10.6,999,99,99
2025,04,14,23,58,0,0,99,99,99,99,999,1014.8,10.7,10.6,999,99,99
2025,04,15,00,58,0,0,99,99,99,99,999,1014.8,11,10.9,999,99,99
2025,04,15,01,58,0,0,99,99,99,99,999,1015,11.2,10.8,999,99,99
2025,04,15,02,58,0,0,99,99,99,99,999,1015.1,11.3,10.5,999,99,99
2025,04,15,03,58,0,0,99,99,99,99,999,1015.5,11,10.6,999,99,99
2025,04,15,04,58,0,0,99,99,99,99,999,1015.8,11.3,10.6,999,99,99
2025,04,15,05,58,0,0,99,99,99,99,999,1016,10.9,10.7,999,99,99
2025,04,15,06,58,0,0,99,99,99,99,999,1016.3,10.9,10.7,999,99,99
2025,04,15,07,58,0,0,99,99,99,99,999,1015.9,10.9,10.9,999,99,99
2025,04,15,08,58,0,0,99,99,99,99,999,1015.7,10.8,11,999,99,99
2025,04,15,09,58,0,0,99,99,99,99,999,1015.1,10.7,11.2,999,99,99
2025,04,15,10,58,0,0,99,99,99,99,999,1015.4,10.6,11,999,99,99
2025,04,15,11,58,0,0,99,99,99,99,999,1015.4,10.6,11.1,999,99,99
2025,04,15,12,58,0,0,99,99,99,99,999,1015.5,10.8,10.9,999,99,99
2025,04,15,13,58,0,0,99,99,99,99,999,1015.8,10.9,10.9,999,99,99
2025,04,15,14,58,0,0,99,99,99,99,999,1016.6,11.4,11,999,99,99
2025,04,15,15,58,0,0,99,99,99,99,999,1017,11.4,11.4,999,99,99
2025,04,15,16,58,0,0,99,99,99,99,999,1017.4,11.7,11.4,999,99,99
2025,04,15,17,58,0,0,99,99,99,99,999,1017.7,11.8,11.5,999,99,99
2025,04,15,18,58,0,0,99,99,99,99,999,1017.5,11.9,11.5,999,99,99
2025,04,15,19,58,0,0,99,99,99,99,999,1017.3,12.6,11.9,999,99,99
2025,04,15,20,58,0,0,99,99,99,99,999,1017.1,12.5,11.8,999,99,99
2025,04,15,21,58,0,0,99,99,99,99,999,1016.6,12.8,12,999,99,99
2025,04,15,22,58,0,0,99,99,99,99,999,1016,12.6,12.2,999,99,99
2025,04,15,23,58,0,0,99,99,99,99,999,1015.6,12.8,12.1,999,99,99
2025,04,16,00,58,0,0,99,99,99,99,999,1015.4,12.5,12.1,999,99,99
2025,04,16,01,58,0,0,99,99,99,99,999,1015,12.3,12.2,999,99,99
2025,04,16,02,58,0,0,99,99,99,99,999,1014.7,12.3,12,999,99,99
2025,04,16,03,58,0,0,99,99,99,99,999,1015,11.9,11.9,999,99,99
2025,04,16,04,58,0,0,99,99,99,99,999,1015.4,12.3,12.4,999,99,99
2025,04,16,05,58,0,0,99,99,99,99,999,1015.5,12,12.3,999,99,99
2025,04,16,06,58,0,0,99,99,99,99,999,1015,12,12.1,999,99,99
2025,04,16,07,58,0,0,99,99,99,99,999,1015.1,11.5,12.1,999,99,99
2025,04,16,08,58,0,0,99,99,99,99,999,1014.6,11.2,11.9,999,99,99
2025,04,16,09,58,0,0,99,99,99,99,999,1014,11.2,11.8,999,99,99
2025,04,16,10,58,0,0,99,99,99,99,999,1013.8,11,11.8,999,99,99
2025,04,16,11,58,0,0,99,99,99,99,999,1013.7,10.8,11.7,999,99,99
2025,04,16,12,58,0,0,99,99,99,99,999,1013.8,10.8,11.7,999,99,99
2025,04,16,13,58,0,0,99,99,99,99,999,1013.9,10.8,11.7,999,99,99
2025,04,16,14,58,0,0,99,99,99,99,999,1014.3,11.4,11.6,999,99,99
2025,04,16,15,58,0,0,99,99,99,99,999,1014.5,11.6,11.7,999,99,99
2025,04,16,16,58,0,0,99,99,99,99,999,1014.6,11.7,11.8,999,99,99
2025,04,16,17,58,0,0,99,99,99,99,999,1014.9,11.4,11.2,999,99,99
2025,04,16,18,58,0,0,99,99,99,99,999,1015.1,12.2,11.9,999,99,99
2025,04,16,19,58,0,0,99,99,99,99,999,1014.7,12.9,12.4,999,99,99
2025,04,16,20,58,0,0,99,99,99,99,999,1014.5,13,12.9,999,99,99
2025,04,16,21,58,0,0,99,99,99,99,999,1014.4,13.1,13.3,999,99,99
2025,04,16,22,58,0,0,99,99,99,99,999,1014,13.1,13.4,999,99,99
2025,04,16,23,58,0,0,99,99,99,99,999,1014.2,13.5,13.3,999,99,99
2025,04,17,00,58,0,0,99,99,99,99,999,1014,13.2,13.1,999,99,99
2025,04,17,01,58,0,0,99,99,99,99,999,1013.8,13,13.1,999,99,99
2025,04,17,02,58,0,0,99,99,99,99,999,1013.9,12.8,13.1,999,99,99
2025,04,17,03,58,0,0,99,99,99,99,999,1014.1,12.7,12.9,999,99,99
2025,04,17,04,58,0,0,99,99,99,99,999,1014.5,12.5,12.7,999,99,99
2025,04,17,05,58,0,0,99,99,99,99,999,1014.4,12.5,12.6,999,99,99
2025,04,17,06,58,0,0,99,99,99,99,999,1014.4,12.4,12.4,999,99,99
2025,04,17,07,58,0,0,99,99,99,99,999,1014.5,12.4,12.8,999,99,99
2025,04,17,08,58,0,0,99,99,99,99,999,1014,12.4,12.8,999,99,99
2025,04,17,09,58,0,0,99,99,99,99,999,1013.6,12.3,12.6,999,99,99
2025,04,17,10,58,0,0,99,99,99,99,999,1013.7,12.2,12.5,999,99,99
2025,04,17,11,58,0,0,99,99,99,99,999,1013.4,12.3,12.5,999,99,99
2025,04,17,12,58,0,0,99,99,99,99,999,1013.6,12.5,12.5,999,99,99
2025,04,17,13,58,0,0,99,99,99,99,999,1013.9,11.9,12.4,999,99,99
2025,04,17,14,58,0,0,99,99,99,99,999,1014.3,12.2,12.4,999,99,99
2025,04,17,15,58,0,0,99,99,99,99,999,1014.7,11.4,12.3,999,99,99
2025,04,17,16,58,0,0,99,99,99,99,999,1015.6,11.4,12.3,999,99,99
2025,04,17,17,58,0,0,99,99,99,99,999,1016.4,11.7,12.5,999,99,99
2025,04,17,18,58,0,0,99,99,99,99,999,1016.3,11.4,12.6,999,99,99
2025,04,17,19,58,0,0,99,99,99,99,999,1016.4,10.9,12.6,999,99,99
2025,04,17,20,58,0,0,99,99,99,99,999,1016.3,11.1,12.6,999,99,99
2025,04,17,21,58,0,0,99,99,99,99,999,1015.4,11.7,12.7,999,99,99
2025,04,17,22,58,0,0,99,99,99,99,999,1015.1,11.9,12.8,999,99,99
2025,04,17,23,58,0,0,99,99,99,99,999,1014.8,12.1,12.8,999,99,99
2025,04,18,00,58,0,0,99,99,99,99,999,1014.7,12.2,12.7,999,99,99
2025,04,18,01,58,0,0,99,99,99,99,999,1014.5,11.8,12.6,999,99,99
2025,04,18,02,58,0,0,99,99,99,99,999,1014.4,11.8,12.5,999,99,99
2025,04,18,03,58,0,0,99,99,99,99,999,1014.9,11.8,12.5,999,99,99
2025,04,18,04,58,0,0,99,99,99,99,999,1015.1,11.6,12.2,999,99,99
2025,04,18,05,58,0,0,99,99,99,99,999,1015.2,11.8,12.2,999,99,99
2025,04,18,06,58,0,0,99,99,99,99,999,1015.2,11.6,12.1,999,99,99
2025,04,18,07,58,0,0,99,99,99,99,999,1015.5,11.3,12.2,999,99,99
2025,04,18,08,58,0,0,99,99,99,99,999,1015.2,11.3,12.3,999,99,99
2025,04,18,09,58,0,0,99,99,99,99,999,1015.3,11,12.2,999,99,99
2025,04,18,10,58,0,0,99,99,99,99,999,1015,11.3,12.3,999,99,99
2025,04,18,11,58,0,0,99,99,99,99,999,1014.8,11.2,12.3,999,99,99
2025,04,18,12,58,0,0,99,99,99,99,999,1015.2,11.2,12.5,999,99,99
2025,04,18,13,58,0,0,99,99,99,99,999,1015.7,11.2,12.6,999,99,99
2025,04,18,14,58,0,0,99,99,99,99,999,1016.3,11.3,12.6,999,99,99
2025,04,18,15,58,0,0,99,99,99,99,999,1016.8,11.3,12.6,999,99,99
2025,04,18,16,58,0,0,99,99,99,99,999,1017.1,11.4,12.6,999,99,99
2025,04,18,17,58,0,0,99,99,99,99,999,1017.4,11.4,12.6,999,99,99
2025,04,18,18,58,0,0,99,99,99,99,999,1017.4,12.8,12.8,999,99,99
2025,04,18,19,58,0,0,99,99,99,99,999,1017.1,12.5,13,999,99,99
2025,04,18,20,58,0,0,99,99,99,99,999,1016.7,12.2,13.4,999,99,99
2025,04,18,21,58,0,0,99,99,99,99,999,1016.3,12.6,13.2,999,99,99
2025,04,18,22,58,0,0,99,99,99,99,999,1015.9,12.4,13.2,999,99,99
2025,04,18,23,58,0,0,99,99,99,99,999,1015.6,12.6,13.4,999,99,99
2025,04,19,00,58,0,0,99,99,99,99,999,1015.8,12,13.3,999,99,99
2025,04,19,01,58,0,0,99,99,99,99,999,1015.4,11.8,13.2,999,99,99
2025,04,19,02,58,0,0,99,99,99,99,999,1015.7,11.4,13,999,99,99
2025,04,19,03,58,0,0,99,99,99,99,999,1016.8,11,13,999,99,99
2025,04,19,04,58,0,0,99,99,99,99,999,1016.8,11,12.8,999,99,99
2025,04,19,05,58,0,0,99,99,99,99,999,1017.1,11.2,12.7,999,99,99
2025,04,19,06,58,0,0,99,99,99,99,999,1017.3,11.4,12.6,999,99,99
2025,04,19,07,58,0,0,99,99,99,99,999,1017.5,11.4,12.5,999,99,99
2025,04,19,08,58,0,0,99,99,99,99,999,1017.5,10.8,12.5,999,99,99
2025,04,19,09,58,0,0,99,99,99,99,999,1017.5,10.3,12.5,999,99,99
2025,04,19,10,58,0,0,99,99,99,99,999,1017.7,10.2,12.5,999,99,99
2025,04,19,11,58,0,0,99,99,99,99,999,1018.1,9.9,12.5,999,99,99
2025,04,19,12,58,0,0,99,99,99,99,999,1018.7,9.9,12.5,999,99,99
2025,04,19,13,58,0,0,99,99,99,99,999,1019.6,10.3,12.4,999,99,99
2025,04,19,14,58,0,0,99,99,99,99,999,1020.2,10.6,12.4,999,99,99
2025,04,19,15,58,0,0,99,99,99,99,999,1021,11,12.4,999,99,99
2025,04,19,16,58,0,0,99,99,99,99,999,1021.3,10.9,12.6,999,99,99
2025,04,19,17,58,0,0,99,99,99,99,999,1021.6,11,12.6,999,99,99
2025,04,19,18,58,0,0,99,99,99,99,999,1021.8,11.2,12.7,999,99,99
2025,04,19,19,58,0,0,99,99,99,99,999,1021.5,11.9,13,999,99,99
2025,04,19,20,58,0,0,99,99,99,99,999,1021.6,12.1,13,999,99,99
2025,04,19,21,58,0,0,99,99,99,99,999,1021.4,12.1,12.9,999,99,99
2025,04,19,22,58,0,0,99,99,99,99,999,1020.9,12.2,13.1,999,99,99
2025,04,19,23,58,0,0,99,99,99,99,999,1020.4,12.2,13.4,999,99,99
2025,04,20,00,58,0,0,99,99,99,99,999,1020.2,12.2,13.4,999,99,99
2025,04,20,01,58,0,0,99,99,99,99,999,1020,12.1,13.4,999,99,99
2025,04,20,02,58,0,0,99,99,99,99,999,1020,12.1,13.5,999,99,99
2025,04,20,03,58,0,0,99,99,99,99,999,1020.4,11.9,13.5,999,99,99
2025,04,20,04,58,0,0,99,99,99,99,999,1020.7,11.5,13.4,999,99,99
2025,04,20,05,58,0,0,99,99,99,99,999,1020.5,11.4,13.4,999,99,99
2025,04,20,06,58,0,0,99,99,99,99,999,1020.3,11.2,13.3,999,99,99
2025,04,20,07,58,0,0,99,99,99,99,999,1020,11,13.2,999,99,99
2025,04,20,08,58,0,0,99,99,99,99,999,1019.4,10.8,13.2,999,99,99
2025,04,20,09,58,0,0,99,99,99,99,999,1018.7,10.6,13.3,999,99,99
2025,04,20,10,58,0,0,99,99,99,99,999,1018.6,10.8,13.3,999,99,99
2025,04,20,11,58,0,0,99,99,99,99,999,1018.5,10.7,13.3,999,99,99
2025,04,20,12,58,0,0,99,99,99,99,999,1018.4,10.4,13.2,999,99,99
2025,04,20,13,58,0,0,99,99,99,99,999,1018.8,10.3,13.2,999,99,99
2025,04,20,14,58,0,0,99,99,99,99,999,1019,10.4,13.2,999,99,99
2025,04,20,15,58,0,0,99,99,99,99,999,1019.2,10.4,13.2,999,99,99
2025,04,20,16,58,0,0,99,99,99,99,999,1019.4,10.7,13.2,999,99,99
2025,04,20,19,08,0,0,99,99,99,99,999,1019.3,11.3,13.5,999,99,99
2025,04,20,19,58,0,0,99,99,99,99,999,1019.1,10.9,13.4,999,99,99
2025,04,20,20,58,0,0,99,99,99,99,999,1018.8,11.2,13.5,999,99,99
2025,04,20,21,58,0,0,99,99,99,99,999,1018.5,11.6,13.7,999,99,99
2025,04,20,22,58,0,0,99,99,99,99,999,1017.9,11.7,13.7,999,99,99
2025,04,20,23,58,0,0,99,99,99,99,999,1017.7,11.7,13.8,999,99,99
2025,04,21,00,58,0,0,99,99,99,99,999,1017.5,11.2,13.8,999,99,99
2025,04,21,01,58,0,0,99,99,99,99,999,1017,11.3,13.8,999,99,99
2025,04,21,02,58,0,0,99,99,99,99,999,1017,11,13.7,999,99,99
2025,04,21,03,58,0,0,99,99,99,99,999,1017.4,10.8,13.6,999,99,99
2025,04,21,04,58,0,0,99,99,99,99,999,1017.5,10.7,13.6,999,99,99
2025,04,21,05,58,0,0,99,99,99,99,999,1017.3,10.4,13.4,999,99,99
2025,04,21,06,58,0,0,99,99,99,99,999,1017.1,10.5,13.4,999,99,99
2025,04,21,07,58,0,0,99,99,99,99,999,1016.9,10,13.4,999,99,99
2025,04,21,08,58,0,0,99,99,99,99,999,1016.5,10,13.3,999,99,99
2025,04,21,09,58,0,0,99,99,99,99,999,1016.3,9.7,13.4,999,99,99
2025,04,21,10,58,0,0,99,99,99,99,999,1015.9,9.6,13.4,999,99,99
2025,04,21,11,58,0,0,99,99,99,99,999,1015.7,9.9,13.5,999,99,99
2025,04,21,12,58,0,0,99,99,99,99,999,1015.5,9.9,13.4,999,99,99
2025,04,21,13,58,0,0,99,99,99,99,999,1015.7,10,13.5,999,99,99
2025,04,21,14,58,0,0,99,99,99,99,999,1016,10,13.5,999,99,99
2025,04,21,15,58,0,0,99,99,99,99,999,1016.3,9.8,13.5,999,99,99
2025,04,21,16,58,0,0,99,99,99,99,999,1016.5,10,13.6,999,99,99
2025,04,21,17,58,0,0,99,99,99,99,999,1016.6,10,13.7,999,99,99
2025,04,21,18,58,0,0,99,99,99,99,999,1016.4,10.1,13.8,999,99,99
2025,04,21,19,58,0,0,99,99,99,99,999,1015.9,10.6,14.1,999,99,99
2025,04,21,20,58,0,0,99,99,99,99,999,1015.4,11.3,14,999,99,99
2025,04,21,21,58,0,0,99,99,99,99,999,1014.9,11.4,14,999,99,99
2025,04,21,22,58,0,0,99,99,99,99,999,1014.6,11.1,13.7,999,99,99
2025,04,21,23,58,0,0,99,99,99,99,999,1014.2,11,13.4,999,99,99
2025,04,22,00,58,0,0,99,99,99,99,999,1014,10.9,13.2,999,99,99
2025,04,22,01,58,0,0,99,99,99,99,999,1013.9,10.5,13.1,999,99,99
2025,04,22,02,58,0,0,99,99,99,99,999,1014,10.3,12.9,999,99,99
2025,04,22,03,58,0,0,99,99,99,99,999,1014.3,10.1,12.8,999,99,99
2025,04,22,04,58,0,0,99,99,99,99,999,1014.6,10.2,12.7,999,99,99
2025,04,22,05,58,0,0,99,99,99,99,999,1014.6,9.9,12.7,999,99,99
2025,04,22,06,58,0,0,99,99,99,99,999,1014.7,10,12.8,999,99,99
2025,04,22,07,58,0,0,99,99,99,99,999,1014.6,9.9,12.8,999,99,99
2025,04,22,08,58,0,0,99,99,99,99,999,1014.2,9.8,12.8,999,99,99
2025,04,22,09,58,0,0,99,99,99,99,999,1013.9,9.7,12.8,999,99,99
2025,04,22,10,58,0,0,99,99,99,99,999,1013.7,9.5,12.8,999,99,99
2025,04,22,11,58,0,0,99,99,99,99,999,1013.5,9.8,12.7,999,99,99
2025,04,22,12,58,0,0,99,99,99,99,999,1013.4,9.7,12.6,999,99,99
2025,04,22,13,58,0,0,99,99,99,99,999,1013.9,9.6,12.6,999,99,99
2025,04,22,14,58,0,0,99,99,99,99,999,1014.3,9.4,12.6,999,99,99
2025,04,22,15,58,0,0,99,99,99,99,999,1014.9,9.7,12.7,999,99,99
2025,04,22,16,58,0,0,99,99,99,99,999,1015.4,10.4,12.7,999,99,99
2025,04,22,17,58,0,0,99,99,99,99,999,1015.8,10.6,12.8,999,99,99
2025,04,22,18,58,0,0,99,99,99,99,999,1015.9,11.2,12.9,999,99,99
2025,04,22,19,58,0,0,99,99,99,99,999,1015.9,11.5,13,999,99,99
2025,04,22,20,58,0,0,99,99,99,99,999,1014.9,11.9,13,999,99,99
2025,04,22,21,58,0,0,99,99,99,99,999,1014.5,11.9,13,999,99,99
2025,04,22,22,58,0,0,99,99,99,99,999,1014,12.2,13,999,99,99
2025,04,22,23,58,0,0,99,99,99,99,999,1013.6,12.2,13.1,999,99,99
2025,04,23,00,58,0,0,99,99,99,99,999,1013.4,11.9,13.1,999,99,99
2025,04,23,01,58,0,0,99,99,99,99,999,1013,11.7,13.4,999,99,99
2025,04,23,02,58,0,0,99,99,99,99,999,1013.1,11.4,13.4,999,99,99
2025,04,23,03,58,0,0,99,99,99,99,999,1013.5,11,13.3,999,99,99
2025,04,23,04,58,0,0,99,99,99,99,999,1014,10.5,13.3,999,99,99
2025,04,23,05,58,0,0,99,99,99,99,999,1014.1,11.2,13.3,999,99,99
2025,04,23,06,58,0,0,99,99,99,99,999,1013.9,11.3,13.3,999,99,99
2025,04,23,07,58,0,0,99,99,99,99,999,1014.1,11.2,13.2,999,99,99
2025,04,23,08,58,0,0,99,99,99,99,999,1013.8,11.1,13.1,999,99,99
2025,04,23,09,58,0,0,99,99,99,99,999,1013.5,10.9,13,999,99,99
2025,04,23,10,58,0,0,99,99,99,99,999,1013.4,11,13,999,99,99
2025,04,23,11,58,0,0,99,99,99,99,999,1013.3,10.8,12.9,999,99,99
2025,04,23,12,58,0,0,99,99,99,99,999,1013.4,10.8,12.9,999,99,99
2025,04,23,13,58,0,0,99,99,99,99,999,1013.9,10.7,12.9,999,99,99
2025,04,23,14,58,0,0,99,99,99,99,999,1014.3,10.7,12.9,999,99,99
2025,04,23,15,58,0,0,99,99,99,99,999,1014.8,10.6,12.9,999,99,99
2025,04,23,16,58,0,0,99,99,99,99,999,1015.4,10.7,12.8,999,99,99
2025,04,23,17,58,0,0,99,99,99,99,999,1015.7,11.1,12.8,999,99,99
2025,04,23,18,58,0,0,99,99,99,99,999,1015.9,11.2,12.9,999,99,99
2025,04,23,19,58,0,0,99,99,99,99,999,1016,11.5,12.9,999,99,99
2025,04,23,20,58,0,0,99,99,99,99,999,1015.9,11.7,13,999,99,99
2025,04,23,21,58,0,0,99,99,99,99,999,1015.7,11.8,13.1,999,99,99
2025,04,23,22,58,0,0,99,99,99,99,999,1015.6,11.9,13.1,999,99,99
2025,04,23,23,58,0,0,99,99,99,99,999,1015.1,12,13.2,999,99,99
2025,04,24,00,58,0,0,99,99,99,99,999,1015.2,11.7,13.2,999,99,99
2025,04,24,01,58,0,0,99,99,99,99,999,1015.1,11.8,13.2,999,99,99
2025,04,24,02,58,0,0,99,99,99,99,999,1014.9,11.7,13.1,999,99,99
2025,04,24,03,58,0,0,99,99,99,99,999,1015.4,11.6,13,999,99,99
2025,04,24,04,58,0,0,99,99,99,99,999,1016.1,11.5,13,999,99,99
2025,04,24,05,58,0,0,99,99,99,99,999,1016.4,11.3,12.8,999,99,99
2025,04,24,06,58,0,0,99,99,99,99,999,1016.1,11.2,12.6,999,99,99
2025,04,24,07,58,0,0,99,99,99,99,999,1016.3,11.1,12.5,999,99,99
2025,04,24,08,58,0,0,99,99,99,99,999,1016,10.9,12.3,999,99,99
2025,04,24,09,58,0,0,99,99,99,99,999,1015.8,10.8,12.3,999,99,99
2025,04,24,10,58,0,0,99,99,99,99,999,1015.8,10.9,12.3,999,99,99
2025,04,24,11,58,0,0,99,99,99,99,999,1015.5,10.7,12.3,999,99,99
2025,04,24,12,58,0,0,99,99,99,99,999,1015.5,10.6,12.2,999,99,99
2025,04,24,13,58,0,0,99,99,99,99,999,1015.7,10.6,12.2,999,99,99
2025,04,24,14,58,0,0,99,99,99,99,999,1016.1,10.7,12.1,999,99,99
2025,04,24,15,58,0,0,99,99,99,99,999,1016.5,10.8,12.2,999,99,99
2025,04,24,16,58,0,0,99,99,99,99,999,1016.8,10.6,12.3,999,99,99
2025,04,24,17,58,0,0,99,99,99,99,999,1017.3,11,12.5,999,99,99
2025,04,24,18,58,0,0,99,99,99,99,999,1017.1,11,12.5,999,99,99
2025,04,24,19,58,0,0,99,99,99,99,999,1016.7,10.9,12.5,999,99,99
2025,04,24,20,58,0,0,99,99,99,99,999,1016.4,11.2,12.4,999,99,99
2025,04,24,21,58,0,0,99,99,99,99,999,1015.8,11.4,12.4,999,99,99
2025,04,24,22,58,0,0,99,99,99,99,999,1015.2,11.6,12.5,999,99,99
2025,04,24,23,58,0,0,99,99,99,99,999,1014.5,11.6,12.6,999,99,99
2025,04,25,00,58,0,0,99,99,99,99,999,1014.2,11.7,12.5,999,99,99
2025,04,25,01,58,0,0,99,99,99,99,999,1013.7,11.5,12.2,999,99,99
2025,04,25,02,58,0,0,99,99,99,99,999,1014,11.4,12.2,999,99,99
2025,04,25,03,58,0,0,99,99,99,99,999,1013.9,11.3,12.1,999,99,99
2025,04,25,04,58,0,0,99,99,99,99,999,1014.3,11.2,12.1,999,99,99
2025,04,25,05,58,0,0,99,99,99,99,999,1014.5,11.4,12.1,999,99,99
2025,04,25,06,58,0,0,99,99,99,99,999,1014.5,11.3,12.1,999,99,99
2025,04,25,07,58,0,0,99,99,99,99,999,1014.5,11.1,12.1,999,99,99
2025,04,25,08,58,0,0,99,99,99,99,999,1014.1,11.2,12.1,999,99,99
2025,04,25,09,58,0,0,99,99,99,99,999,1013.8,10.9,12.1,999,99,99
2025,04,25,10,58,0,0,99,99,99,99,999,1013.8,11.1,12,999,99,99
2025,04,25,11,58,0,0,99,99,99,99,999,1013.7,10.7,12,999,99,99
2025,04,25,12,58,0,0,99,99,99,99,999,1013.7,11,12,999,99,99
2025,04,25,13,58,0,0,99,99,99,99,999,1013.8,10.7,12,999,99,99
2025,04,25,14,58,0,0,99,99,99,99,999,1014.2,11,12,999,99,99
2025,04,25,15,58,0,0,99,99,99,99,999,1014.4,11.2,12.1,999,99,99
2025,04,25,16,58,0,0,99,99,99,99,999,1014.7,11.2,12.1,999,99,99
2025,04,25,17,58,0,0,99,99,99,99,999,1015.2,10.6,12.1,999,99,99
2025,04,25,18,58,0,0,99,99,99,99,999,1015.4,11.2,12.1,999,99,99
2025,04,25,19,58,0,0,99,99,99,99,999,1015.4,11.6,12.3,999,99,99
2025,04,25,20,58,0,0,99,99,99,99,999,1015.4,11.7,12.4,999,99,99
2025,04,25,21,58,0,0,99,99,99,99,999,1015.5,12.1,12.7,999,99,99
2025,04,25,22,58,0,0,99,99,99,99,999,1014.7,12.4,12.9,999,99,99
2025,04,25,23,58,0,0,99,99,99,99,999,1014.1,12.4,13.1,999,99,99
2025,04,26,00,58,0,0,99,99,99,99,999,1014,11.9,13.2,999,99,99
2025,04,26,01,58,0,0,99,99,99,99,999,1013.6,11.9,13.3,999,99,99
2025,04,26,02,58,0,0,99,99,99,99,999,1013.1,11.6,13.4,999,99,99
2025,04,26,03,58,0,0,99,99,99,99,999,1013.2,11.6,13.1,999,99,99
2025,04,26,04,58,0,0,99,99,99,99,999,1013.4,11.6,12.9,999,99,99
2025,04,26,05,58,0,0,99,99,99,99,999,1013.3,11.6,12.9,999,99,99
2025,04,26,06,58,0,0,99,99,99,99,999,1013,11.6,12.9,999,99,99
2025,04,26,07,58,0,0,99,99,99,99,999,1012.8,11.4,12.8,999,99,99
2025,04,26,08,58,0,0,99,99,99,99,999,1012.4,10.9,12.7,999,99,99
2025,04,26,09,58,0,0,99,99,99,99,999,1011.7,10.5,12.6,999,99,99
2025,04,26,10,58,0,0,99,99,99,99,999,1011.4,11,12.5,999,99,99
2025,04,26,11,58,0,0,99,99,99,99,999,1011.4,10.6,12.4,999,99,99
2025,04,26,12,58,0,0,99,99,99,99,999,1011.4,10.7,12.4,999,99,99
2025,04,26,13,58,0,0,99,99,99,99,999,1011.6,10.5,12.4,999,99,99
2025,04,26,14,58,0,0,99,99,99,99,999,1011.9,10.8,12.4,999,99,99
2025,04,26,15,58,0,0,99,99,99,99,999,1012,10.4,12.5,999,99,99
2025,04,26,16,58,0,0,99,99,99,99,999,1012.2,11,12.6,999,99,99
2025,04,26,17,58,0,0,99,99,99,99,999,1012.5,11.2,12.6,999,99,99
2025,04,26,18,58,0,0,99,99,99,99,999,1012.7,11.4,12.8,999,99,99
2025,04,26,19,58,0,0,99,99,99,99,999,1012.7,11.5,12.9,999,99,99
2025,04,26,20,58,0,0,99,99,99,99,999,1012.9,11.7,13,999,99,99
2025,04,26,21,58,0,0,99,99,99,99,999,1013,11.9,13.1,999,99,99
2025,04,26,22,58,0,0,99,99,99,99,999,1013,12.1,13.1,999,99,99
2025,04,26,23,58,0,0,99,99,99,99,999,1012.9,12.3,13.1,999,99,99
2025,04,27,00,58,0,0,99,99,99,99,999,1013.1,11.9,13,999,99,99
2025,04,27,01,58,0,0,99,99,99,99,999,1013.2,11.7,13,999,99,99
2025,04,27,02,58,0,0,99,99,99,99,999,1013.4,11.6,13,999,99,99
2025,04,27,03,58,0,0,99,99,99,99,999,1013.8,11.2,12.9,999,99,99
2025,04,27,04,58,0,0,99,99,99,99,999,1015.1,10.8,12.8,999,99,99
2025,04,27,05,58,0,0,99,99,99,99,999,1015.2,10.7,12.8,999,99,99
2025,04,27,06,58,0,0,99,99,99,99,999,1015.4,10.7,12.7,999,99,99
2025,04,27,07,58,0,0,99,99,99,99,999,1015.4,10.8,12.7,999,99,99
2025,04,27,08,58,0,0,99,99,99,99,999,1015.5,10.9,12.7,999,99,99
2025,04,27,09,58,0,0,99,99,99,99,999,1015.1,11.2,12.7,999,99,99
2025,04,27,10,58,0,0,99,99,99,99,999,1015,10.5,12.7,999,99,99
2025,04,27,11,58,0,0,99,99,99,99,999,1015.1,11.1,12.7,999,99,99
2025,04,27,12,58,0,0,99,99,99,99,999,1015.3,10.9,12.7,999,99,99
2025,04,27,13,58,0,0,99,99,99,99,999,1015.8,10.8,12.7,999,99,99
2025,04,27,14,58,0,0,99,99,99,99,999,1016.5,10.6,12.8,999,99,99
2025,04,27,15,58,0,0,99,99,99,99,999,1017,11.3,12.8,999,99,99
2025,04,27,16,58,0,0,99,99,99,99,999,1017.1,11.2,12.7,999,99,99
2025,04,27,17,58,0,0,99,99,99,99,999,1017.8,11,12.6,999,99,99
2025,04,27,19,08,0,0,99,99,99,99,999,1018.2,11.1,12.7,999,99,99
2025,04,27,19,58,0,0,99,99,99,99,999,1018.2,11,12.7,999,99,99
2025,04,27,20,58,0,0,99,99,99,99,999,1018.7,11,12.6,999,99,99
2025,04,27,21,58,0,0,99,99,99,99,999,1019.1,11,12.5,999,99,99
2025,04,27,22,58,0,0,99,99,99,99,999,1018.9,11.2,12.4,999,99,99
2025,04,27,23,58,0,0,99,99,99,99,999,1018.9,11.1,12.3,999,99,99
2025,04,28,00,58,0,0,99,99,99,99,999,1019.1,11.3,12.2,999,99,99
2025,04,28,01,58,0,0,99,99,99,99,999,1019,10.9,12.2,999,99,99
2025,04,28,02,58,0,0,99,99,99,99,999,1019.3,11,12.1,999,99,99
2025,04,28,03,58,0,0,99,99,99,99,999,1019.8,10.9,12.2,999,99,99
2025,04,28,04,58,0,0,99,99,99,99,999,1020.2,11,12.2,999,99,99
2025,04,28,05,58,0,0,99,99,99,99,999,1020.1,11,12.2,999,99,99
2025,04,28,06,58,0,0,99,99,99,99,999,1020.1,10.9,12.2,999,99,99
2025,04,28,07,58,0,0,99,99,99,99,999,1020.5,10.8,12.2,999,99,99
2025,04,28,08,58,0,0,99,99,99,99,999,1020.4,10.6,12.2,999,99,99
2025,04,28,09,58,0,0,99,99,99,99,999,1020.2,10.5,12.2,999,99,99
2025,04,28,10,58,0,0,99,99,99,99,999,1020.5,10.6,12.2,999,99,99
2025,04,28,11,58,0,0,99,99,99,99,999,1020.4,10.2,12.2,999,99,99
2025,04,28,12,58,0,0,99,99,99,99,999,1020.5,10.3,12.2,999,99,99
2025,04,28,13,58,0,0,99,99,99,99,999,1020.8,10,12.3,999,99,99
2025,04,28,14,58,0,0,99,99,99,99,999,1021.2,10.4,12.4,999,99,99
2025,04,28,15,58,0,0,99,99,99,99,999,1021.5,10.1,12.4,999,99,99
2025,04,28,16,58,0,0,99,99,99,99,999,1021.6,10.7,12.4,999,99,99
2025,04,28,17,58,0,0,99,99,99,99,999,1021.9,10.7,12.5,999,99,99
2025,04,28,18,58,0,0,99,99,99,99,999,1021.7,11,12.5,999,99,99
2025,04,28,19,58,0,0,99,99,99,99,999,1021.1,10.6,12.3,999,99,99
2025,04,28,20,58,0,0,99,99,99,99,999,1021,10.8,12.3,999,99,99
2025,04,28,21,58,0,0,99,99,99,99,999,1020.3,11,12.3,999,99,99
2025,04,28,22,58,0,0,99,99,99,99,999,1019.7,11.1,12.3,999,99,99
2025,04,28,23,58,0,0,99,99,99,99,999,1019.1,11.2,12.2,999,99,99
2025,04,29,00,58,0,0,99,99,99,99,999,1018.7,11.2,12.2,999,99,99
2025,04,29,01,58,0,0,99,99,99,99,999,1018.6,10.7,12.1,999,99,99
2025,04,29,02,58,0,0,99,99,99,99,999,1018.6,10.3,12.1,999,99,99
2025,04,29,03,58,100,0.5,99,99,99,99,999,1018.8,10.4,12,999,99,99
2025,04,29,04,58,0,0,99,99,99,99,999,1019.5,10.7,11.9,999,99,99
2025,04,29,05,58,0,0,99,99,99,99,999,1019.7,11.6,11.8,999,99,99
2025,04,29,06,58,0,0,99,99,99,99,999,1019.9,11.3,11.9,999,99,99
2025,04,29,07,58,0,0,99,99,99,99,999,1019.9,11,11.9,999,99,99
2025,04,29,08,58,0,0,99,99,99,99,999,1019.8,10.5,12,999,99,99
2025,04,29,09,58,0,0,99,99,99,99,999,1019.6,10,12,999,99,99
2025,04,29,10,58,0,0,99,99,99,99,999,1019.2,9.3,12,999,99,99
2025,04,29,11,58,0,0,99,99,99,99,999,1019,9.1,12,999,99,99
2025,04,29,12,58,0,0,99,99,99,99,999,1018.8,8.8,12,999,99,99
2025,04,29,13,58,0,0,99,99,99,99,999,1019.2,8.9,12,999,99,99
2025,04,29,14,58,0,0,99,99,99,99,999,1019.4,8.7,12,999,99,99
2025,04,29,15,58,0,0,99,99,99,99,999,1019.4,9.1,12,999,99,99
2025,04,29,16,58,0,0,99,99,99,99,999,1019.6,9.2,12.1,999,99,99
2025,04,29,17,58,0,0,99,99,99,99,999,1020.4,8.9,11.9,999,99,99
2025,04,29,18,58,0,0,99,99,99,99,999,1020.5,9.5,11.6,999,99,99
2025,04,29,19,58,0,0,99,99,99,99,999,1018.9,10.4,11.9,999,99,99
2025,04,29,20,58,0,0,99,99,99,99,999,1018.5,10.7,11.9,999,99,99
2025,04,29,21,58,0,0,99,99,99,99,999,1018.1,10.7,12,999,99,99
2025,04,29,22,58,0,0,99,99,99,99,999,1017.5,10.9,12,999,99,99
2025,04,29,23,58,0,0,99,99,99,99,999,1017,10.7,11.9,999,99,99
2025,04,30,00,58,0,0,99,99,99,99,999,1016.8,10.4,11.6,999,99,99
2025,04,30,01,58,0,0,99,99,99,99,999,1016.6,10.1,11.8,999,99,99
2025,04,30,02,58,0,0,99,99,99,99,999,1016.5,10.4,11.8,999,99,99
2025,04,30,03,58,0,0,99,99,99,99,999,1016.5,10.7,11.8,999,99,99
2025,04,30,04,58,0,0,99,99,99,99,999,1016.3,10.6,11.8,999,99,99
2025,04,30,05,58,0,0,99,99,99,99,999,1016.2,10.4,11.9,999,99,99
2025,04,30,06,58,0,0,99,99,99,99,999,1015.8,10.6,11.9,999,99,99
2025,04,30,07,58,0,0,99,99,99,99,999,1015.8,10.7,12.2,999,99,99
2025,04,30,08,58,0,0,99,99,99,99,999,1015.6,10.8,12.3,999,99,99
2025,04,30,09,58,0,0,99,99,99,99,999,1015.3,10.9,12.4,999,99,99
2025,04,30,10,58,0,0,99,99,99,99,999,1014.9,10.7,12.5,999,99,99
2025,04,30,11,58,0,0,99,99,99,99,999,1014.8,10.4,12.4,999,99,99
2025,04,30,12,58,0,0,99,99,99,99,999,1014.9,10.4,12.4,999,99,99
2025,04,30,13,58,0,0,99,99,99,99,999,1015.1,10.3,12.4,999,99,99
2025,04,30,14,58,0,0,99,99,99,99,999,1015.7,10.1,12.3,999,99,99
2025,04,30,15,58,0,0,99,99,99,99,999,1015.8,10.2,12.3,999,99,99
2025,04,30,16,58,0,0,99,99,99,99,999,1015.8,10.2,12.3,999,99,99
2025,04,30,17,58,0,0,99,99,99,99,999,1016,10.6,12.1,999,99,99
2025,04,30,18,58,0,0,99,99,99,99,999,1016,10.8,12.2,999,99,99
2025,04,30,19,58,0,0,99,99,99,99,999,1015.4,11.1,12.3,999,99,99
2025,04,30,20,58,0,0,99,99,99,99,999,1015,11,12.4,999,99,99
2025,04,30,21,58,0,0,99,99,99,99,999,1014.8,11.5,12.6,999,99,99
2025,04,30,22,58,0,0,99,99,99,99,999,1014.4,11.9,12.8,999,99,99
2025,05,01,00,58,0,0,99,99,99,99,999,1014.3,12,12.9,999,99,99
2025,05,01,01,58,0,0,99,99,99,99,999,1014,12.2,12.8,999,99,99
2025,05,01,02,58,0,0,99,99,99,99,999,1014,12.1,13,999,99,99
2025,05,01,03,58,0,0,99,99,99,99,999,1014.4,12.2,12.8,999,99,99
2025,05,01,04,58,0,0,99,99,99,99,999,1014.9,12,12.7,999,99,99
2025,05,01,05,58,0,0,99,99,99,99,999,1014.7,12,12.6,999,99,99
2025,05,01,06,58,0,0,99,99,99,99,999,1014.8,11.7,12.5,999,99,99
2025,05,01,07,58,0,0,99,99,99,99,999,1014.9,11.7,12.5,999,99,99
2025,05,01,08,58,0,0,99,99,99,99,999,1014.5,11.6,12.5,999,99,99
2025,05,01,09,58,0,0,99,99,99,99,999,1014.3,11.6,12.5,999,99,99
2025,05,01,10,58,0,0,99,99,99,99,999,1014.4,11.7,12.6,999,99,99
2025,05,01,11,58,0,0,99,99,99,99,999,1014.2,11.4,12.8,999,99,99
2025,05,01,12,58,0,0,99,99,99,99,999,1014.1,11.4,12.5,999,99,99
2025,05,01,13,58,0,0,99,99,99,99,999,1014.3,11.2,12.2,999,99,99
2025,05,01,14,58,0,0,99,99,99,99,999,1014.7,11.3,12.2,999,99,99
2025,05,01,15,58,0,0,99,99,99,99,999,1014.9,11.3,12.2,999,99,99
2025,05,01,16,58,0,0,99,99,99,99,999,1015.3,11.4,12.1,999,99,99
2025,05,01,17,58,0,0,99,99,99,99,999,1015.6,11.3,12,999,99,99
2025,05,01,18,58,0,0,99,99,99,99,999,1015.7,11.9,11.9,999,99,99
2025,05,01,19,58,0,0,99,99,99,99,999,1015.4,12.4,12.1,999,99,99
2025,05,01,20,58,0,0,99,99,99,99,999,1015.2,12.3,12.2,999,99,99
2025,05,01,21,58,0,0,99,99,99,99,999,1015.1,12.2,12.3,999,99,99
2025,05,01,22,58,0,0,99,99,99,99,999,1014.8,11.9,12.2,999,99,99
2025,05,01,23,58,0,0,99,99,99,99,999,1014.3,11.5,12.3,999,99,99
2025,05,02,00,58,0,0,99,99,99,99,999,1014.3,11.2,12.2,999,99,99
2025,05,02,01,58,0,0,99,99,99,99,999,1014,11.3,12.1,999,99,99
2025,05,02,02,58,0,0,99,99,99,99,999,1014.3,11.3,11.9,999,99,99
2025,05,02,03,58,0,0,99,99,99,99,999,1014.9,11.1,12,999,99,99
2025,05,02,04,58,0,0,99,99,99,99,999,1015.3,11,11.9,999,99,99
2025,05,02,05,58,0,0,99,99,99,99,999,1015.5,11,11.8,999,99,99
2025,05,02,06,58,0,0,99,99,99,99,999,1015.6,10.9,11.9,999,99,99
2025,05,02,07,58,0,0,99,99,99,99,999,1015.7,10.8,11.9,999,99,99
2025,05,02,08,58,0,0,99,99,99,99,999,1015.4,10.8,12.5,999,99,99
2025,05,02,09,58,0,0,99,99,99,99,999,1015.2,10.5,12.1,999,99,99
2025,05,02,10,58,0,0,99,99,99,99,999,1015.2,10,12.2,999,99,99
2025,05,02,11,58,0,0,99,99,99,99,999,1015.2,10,12.6,999,99,99
2025,05,02,12,58,0,0,99,99,99,99,999,1015,10.3,12.7,999,99,99
2025,05,02,13,58,0,0,99,99,99,99,999,1015.6,10.4,12.6,999,99,99
2025,05,02,14,58,0,0,99,99,99,99,999,1015.9,10.9,12.6,999,99,99
2025,05,02,15,58,0,0,99,99,99,99,999,1016.7,10.9,12.7,999,99,99
2025,05,02,16,58,0,0,99,99,99,99,999,1017.1,11.2,12.8,999,99,99
2025,05,02,17,58,0,0,99,99,99,99,999,1017.7,11.2,12.8,999,99,99
2025,05,02,18,58,0,0,99,99,99,99,999,1017.3,11.7,13.1,999,99,99
2025,05,02,19,58,0,0,99,99,99,99,999,1016.9,11.7,13.3,999,99,99
2025,05,02,20,58,0,0,99,99,99,99,999,1016.5,11.8,13.5,999,99,99
2025,05,02,21,58,0,0,99,99,99,99,999,1016,12.2,13.1,999,99,99
2025,05,02,22,58,0,0,99,99,99,99,999,1015.2,11.8,13.6,999,99,99
2025,05,02,23,58,340,2.1,99,99,99,99,999,1014.3,12.2,13.3,999,99,99
2025,05,03,00,58,340,2.1,99,99,99,99,999,1013.9,12.2,13.3,999,99,99
2025,05,03,01,58,360,5.7,99,99,99,99,999,1013.6,12.1,13,999,99,99
2025,05,03,02,58,250,4.1,99,99,99,99,999,1014.2,12.1,13,999,99,99
2025,05,03,03,58,140,1,99,99,99,99,999,1014.8,11.9,12.5,999,99,99
2025,05,03,04,58,250,1.5,99,99,99,99,999,1015.3,12.1,12.3,999,99,99
2025,05,03,07,58,0,0,99,99,99,99,999,1015,11.7,12.3,999,99,99
2025,05,03,08,58,0,0,99,99,99,99,999,1015.1,11.6,12.3,999,99,99
2025,05,03,09,58,0,0,99,99,99,99,999,1014.8,11.5,12.4,999,99,99
2025,05,03,10,58,0,0,99,99,99,99,999,1015.2,11.3,12.4,999,99,99
2025,05,03,11,58,0,0,99,99,99,99,999,1015.1,11,12.4,999,99,99
2025,05,03,12,58,0,0,99,99,99,99,999,1015.1,10.8,12.3,999,99,99
2025,05,03,13,58,160,0.5,99,99,99,99,999,1015.2,10.7,12.3,999,99,99
2025,05,03,14,58,0,0,99,99,99,99,999,1015.7,10.6,12.3,999,99,99
2025,05,03,15,58,90,0.5,99,99,99,99,999,1015.8,10.5,12.3,999,99,99
2025,05,03,16,58,90,1,99,99,99,99,999,1016,10.9,12.3,999,99,99
2025,05,03,17,58,260,0.5,99,99,99,99,999,1016.4,11.2,12.2,999,99,99
2025,05,03,18,58,80,3.6,99,99,99,99,999,1016.3,11.2,12.2,999,99,99
2025,05,03,19,58,260,1.5,99,99,99,99,999,1016.2,11.1,12.1,999,99,99
2025,05,03,20,58,120,1.5,99,99,99,99,999,1015.8,11.1,12.1,999,99,99
2025,05,03,21,58,100,3.6,99,99,99,99,999,1015.7,11.3,12.1,999,99,99
2025,05,03,22,58,120,0.5,99,99,99,99,999,1015.4,11.2,11.9,999,99,99
2025,05,03,23,58,200,4.1,99,99,99,99,999,1015.1,11.2,11.9,999,99,99
2025,05,04,00,58,100,2.1,99,99,99,99,999,1014.8,11.1,12,999,99,99
2025,05,04,01,58,210,2.1,99,99,99,99,999,1014.6,11,12,999,99,99
2025,05,04,02,58,120,1,99,99,99,99,999,1014.2,10.9,12,999,99,99
2025,05,04,03,58,110,9.8,99,99,99,99,999,1013.9,10.9,12,999,99,99
2025,05,04,04,58,10,8.2,99,99,99,99,999,1013.6,10.7,11.9,999,99,99
2025,05,04,05,58,350,0.5,99,99,99,99,999,1013.1,10.5,11.9,999,99,99
2025,05,04,06,58,80,2.1,99,99,99,99,999,1012.1,10.5,11.8,999,99,99
2025,05,04,07,58,0,0,99,99,99,99,999,1011.8,10.2,11.8,999,99,99
2025,05,04,08,58,140,0.5,99,99,99,99,999,1011,10.1,11.7,999,99,99
2025,05,04,09,58,20,0.5,99,99,99,99,999,1010.5,10.2,11.7,999,99,99
2025,05,04,10,58,0,0,99,99,99,99,999,1010.5,10.1,11.7,999,99,99
2025,05,04,11,58,0,0,99,99,99,99,999,1010.3,9.9,11.7,999,99,99
2025,05,04,12,58,0,0,99,99,99,99,999,1010.2,9.8,11.6,999,99,99
2025,05,04,13,58,0,0,99,99,99,99,999,1010.7,9.8,11.6,999,99,99
2025,05,04,15,08,0,0,99,99,99,99,999,1011.2,9.9,11.6,999,99,99
2025,05,04,16,08,0,0,99,99,99,99,999,1010.7,10.2,11.6,999,99,99
2025,05,04,16,58,0,0,99,99,99,99,999,1010.4,10.1,11.6,999,99,99
2025,05,04,17,58,120,0.5,99,99,99,99,999,1010.5,10.1,11.6,999,99,99
2025,05,04,19,08,0,0,99,99,99,99,999,1010.5,10.1,11.6,999,99,99
2025,05,04,19,58,0,0,99,99,99,99,999,1009.7,10.2,11.6,999,99,99
2025,05,04,20,58,0,0,99,99,99,99,999,1009.3,10.2,11.5,999,99,99
2025,05,04,21,58,0,0,99,99,99,99,999,1008.8,10.4,11.4,999,99,99
2025,05,04,22,58,0,0,99,99,99,99,999,1008.3,10.2,11.3,999,99,99
2025,05,05,00,08,0,0,99,99,99,99,999,1007.5,10.6,11.3,999,99,99
2025,05,05,00,58,0,0,99,99,99,99,999,1007.4,10.5,11.4,999,99,99
2025,05,05,02,08,0,0,99,99,99,99,999,1007,10.6,11.3,999,99,99
2025,05,05,03,08,0,0,99,99,99,99,999,1007.4,10.9,11.3,999,99,99
2025,05,05,03,58,0,0,99,99,99,99,999,1008,11,11.3,999,99,99
2025,05,05,05,08,0,0,99,99,99,99,999,1008.3,10.8,11.4,999,99,99
2025,05,05,06,08,0,0,99,99,99,99,999,1008.1,10.5,11.5,999,99,99
2025,05,05,07,08,0,0,99,99,99,99,999,1008.1,10.6,11.6,999,99,99
2025,05,05,08,08,0,0,99,99,99,99,999,1008,10.3,11.7,999,99,99
2025,05,05,09,08,0,0,99,99,99,99,999,1007.8,10.3,11.7,999,99,99
2025,05,05,10,08,0,0,99,99,99,99,999,1007.7,10.4,11.7,999,99,99
2025,05,05,11,08,0,0,99,99,99,99,999,1007.7,10,11.7,999,99,99
2025,05,05,12,08,0,0,99,99,99,99,999,1007.8,10.2,11.7,999,99,99
2025,05,05,13,08,0,0,99,99,99,99,999,1008,9.9,11.6,999,99,99
2025,05,05,14,08,0,0,99,99,99,99,999,1008.4,10.2,11.6,999,99,99
2025,05,05,15,08,0,0,99,99,99,99,999,1008.8,10,11.5,999,99,99
2025,05,05,16,08,0,0,99,99,99,99,999,1008.7,9.4,11.5,999,99,99
2025,05,05,17,08,0,0,99,99,99,99,999,1009,9.5,11.4,999,99,99
2025,05,05,18,08,0,0,99,99,99,99,999,1008.7,9.5,11.8,999,99,99
2025,05,05,19,08,0,0,99,99,99,99,999,1008.6,11.7,12,999,99,99
2025,05,05,20,08,0,0,99,99,99,99,999,1008.4,12.5,12,999,99,99
2025,05,05,21,08,0,0,99,99,99,99,999,1008.3,13.2,12.1,999,99,99
2025,05,05,22,08,0,0,99,99,99,99,999,1008,13.1,12.5,999,99,99
2025,05,05,23,08,0,0,99,99,99,99,999,1007.9,12.6,12,999,99,99
2025,05,06,00,08,0,0,99,99,99,99,999,1008.1,12.9,11.9,999,99,99
2025,05,06,01,08,0,0,99,99,99,99,999,1007.9,12,11.9,999,99,99
2025,05,06,02,08,0,0,99,99,99,99,999,1007.9,12,11.6,999,99,99
2025,05,06,03,08,0,0,99,99,99,99,999,1008.8,11.6,11.6,999,99,99
2025,05,06,04,08,0,0,99,99,99,99,999,1009.8,11.7,11.5,999,99,99
2025,05,06,05,08,0,0,99,99,99,99,999,1010.5,11.5,11.5,999,99,99
2025,05,06,06,08,0,0,99,99,99,99,999,1010.7,11.4,11.4,999,99,99
2025,05,06,07,08,0,0,99,99,99,99,999,1010.8,11.3,11.4,999,99,99
2025,05,06,08,08,0,0,99,99,99,99,999,1011,11.2,11.3,999,99,99
2025,05,06,09,08,0,0,99,99,99,99,999,1011,11.4,11.2,999,99,99
2025,05,06,10,08,0,0,99,99,99,99,999,1010.9,11.3,11.2,999,99,99
2025,05,06,11,08,0,0,99,99,99,99,999,1011.4,11.2,11.4,999,99,99
2025,05,06,12,08,0,0,99,99,99,99,999,1011.6,11.2,11.3,999,99,99
2025,05,06,13,08,0,0,99,99,99,99,999,1012.1,11.1,11.3,999,99,99
2025,05,06,14,08,0,0,99,99,99,99,999,1012.6,11.1,11.4,999,99,99
2025,05,06,15,08,0,0,99,99,99,99,999,1012.9,11.3,11.5,999,99,99
2025,05,06,16,08,0,0,99,99,99,99,999,1013.1,11.7,11.6,999,99,99
2025,05,06,17,08,0,0,99,99,99,99,999,1013.4,12,11.8,999,99,99
2025,05,06,18,08,0,0,99,99,99,99,999,1014,12.2,11.8,999,99,99
2025,05,06,19,08,0,0,99,99,99,99,999,1013.8,12.2,11.9,999,99,99
2025,05,06,20,08,0,0,99,99,99,99,999,1013.7,12.2,11.9,999,99,99
2025,05,06,21,08,0,0,99,99,99,99,999,1013.6,12.2,11.9,999,99,99
2025,05,06,22,08,0,0,99,99,99,99,999,1013.5,12.1,11.9,999,99,99
2025,05,06,23,08,0,0,99,99,99,99,999,1013.4,12.1,11.7,999,99,99
2025,05,07,00,08,0,0,99,99,99,99,999,1013.2,11.9,11.7,999,99,99
2025,05,07,01,08,0,0,99,99,99,99,999,1013.3,12.1,11.8,999,99,99
2025,05,07,02,08,0,0,99,99,99,99,999,1013.5,11.6,11.7,999,99,99
2025,05,07,03,08,0,0,99,99,99,99,999,1013.8,11.5,11.8,999,99,99
2025,05,07,04,08,0,0,99,99,99,99,999,1014.2,12,11.7,999,99,99
2025,05,07,05,08,0,0,99,99,99,99,999,1015.2,12,11.7,999,99,99
2025,05,07,06,08,0,0,99,99,99,99,999,1015.4,11.9,11.8,999,99,99
2025,05,07,07,08,0,0,99,99,99,99,999,1015.6,12,11.7,999,99,99
2025,05,07,08,08,0,0,99,99,99,99,999,1015.4,11.9,11.6,999,99,99
2025,05,07,09,08,0,0,99,99,99,99,999,1015.2,11.9,11.5,999,99,99
2025,05,07,10,08,0,0,99,99,99,99,999,1015.2,11.8,11.5,999,99,99
2025,05,07,11,08,0,0,99,99,99,99,999,1015.4,11.8,11.5,999,99,99
2025,05,07,12,08,0,0,99,99,99,99,999,1015.5,11.7,11.6,999,99,99
2025,05,07,13,08,0,0,99,99,99,99,999,1016.1,11.9,11.7,999,99,99
2025,05,07,14,08,0,0,99,99,99,99,999,1016.6,12.1,11.7,999,99,99
2025,05,07,15,08,0,0,99,99,99,99,999,1017.5,12.1,11.8,999,99,99
2025,05,07,16,08,0,0,99,99,99,99,999,1018.3,11.9,11.8,999,99,99
2025,05,07,17,08,0,0,99,99,99,99,999,1019,12,11.7,999,99,99
2025,05,07,18,08,50,12.4,99,99,99,99,999,1019.6,11.9,11.8,999,99,99
2025,05,07,19,08,0,0,99,99,99,99,999,1019.8,12.4,12,999,99,99
2025,05,07,20,08,0,0,99,99,99,99,999,1019.6,12.8,12.2,999,99,99
2025,05,07,21,08,0,0,99,99,99,99,999,1019.4,12.9,12.4,999,99,99
2025,05,07,22,08,0,0,99,99,99,99,999,1019,12.9,12.7,999,99,99
2025,05,07,23,08,0,0,99,99,99,99,999,1018.5,13.1,13.3,999,99,99
2025,05,08,00,08,0,0,99,99,99,99,999,1018.3,12.4,13,999,99,99
2025,05,08,01,08,0,0,99,99,99,99,999,1017.8,12.2,12.7,999,99,99
2025,05,08,02,08,0,0,99,99,99,99,999,1017.7,11.8,12.2,999,99,99
2025,05,08,03,08,0,0,99,99,99,99,999,1017.6,11.4,12.3,999,99,99
2025,05,08,04,08,0,0,99,99,99,99,999,1018.1,11,12.4,999,99,99
2025,05,08,05,08,0,0,99,99,99,99,999,1018.6,10.8,12.4,999,99,99
2025,05,08,06,08,0,0,99,99,99,99,999,1018.7,10.8,12.2,999,99,99
2025,05,08,07,08,0,0,99,99,99,99,999,1018.8,10.5,12.4,999,99,99
2025,05,08,08,08,0,0,99,99,99,99,999,1019,10.3,12.4,999,99,99
2025,05,08,09,08,0,0,99,99,99,99,999,1018.7,10.4,12.4,999,99,99
2025,05,08,10,08,0,0,99,99,99,99,999,1018.6,10.2,12.4,999,99,99
2025,05,08,11,08,0,0,99,99,99,99,999,1018.8,9.8,12.4,999,99,99
2025,05,08,12,08,0,0,99,99,99,99,999,1018.9,9.9,12.3,999,99,99
2025,05,08,13,08,0,0,99,99,99,99,999,1019,9.9,12.2,999,99,99
2025,05,08,14,08,0,0,99,99,99,99,999,1019.4,9.8,12.1,999,99,99
2025,05,08,15,08,0,0,99,99,99,99,999,1019.6,10.2,12.1,999,99,99
2025,05,08,16,08,0,0,99,99,99,99,999,1020.2,10.5,12.2,999,99,99
2025,05,08,17,08,0,0,99,99,99,99,999,1020.3,10.2,12.2,999,99,99
2025,05,08,18,08,0,0,99,99,99,99,999,1020.4,10.2,12.3,999,99,99
2025,05,08,19,08,0,0,99,99,99,99,999,1020.1,10,12.4,999,99,99
2025,05,08,20,08,0,0,99,99,99,99,999,1019.4,9.8,12.3,999,99,99
2025,05,08,21,08,0,0,99,99,99,99,999,1018.8,10.2,12.4,999,99,99
2025,05,08,22,08,0,0,99,99,99,99,999,1018.5,10.3,12.5,999,99,99
2025,05,08,23,08,0,0,99,99,99,99,999,1017.8,10.7,12.5,999,99,99
2025,05,09,00,08,0,0,99,99,99,99,999,1017.3,11.4,12.4,999,99,99
2025,05,09,01,08,0,0,99,99,99,99,999,1017.2,12,12.4,999,99,99
2025,05,09,02,08,0,0,99,99,99,99,999,1016.6,12.2,12.3,999,99,99
2025,05,09,03,08,0,0,99,99,99,99,999,1016.6,12.2,12.3,999,99,99
2025,05,09,04,08,0,0,99,99,99,99,999,1017.2,12.3,12.2,999,99,99
2025,05,09,05,08,0,0,99,99,99,99,999,1017.9,12,12.2,999,99,99
2025,05,09,06,08,0,0,99,99,99,99,999,1018.4,12.1,12.1,999,99,99
2025,05,09,07,08,0,0,99,99,99,99,999,1018.5,11.5,12.1,999,99,99
2025,05,09,07,58,0,0,99,99,99,99,999,1018.5,11.6,12.1,999,99,99
2025,05,09,08,58,0,0,99,99,99,99,999,1018.4,11.6,12.2,999,99,99
2025,05,09,09,58,0,0,99,99,99,99,999,1018,11.4,12.1,999,99,99
2025,05,09,10,58,0,0,99,99,99,99,999,1017.8,11.3,12.1,999,99,99
2025,05,09,11,58,0,0,99,99,99,99,999,1017.6,11.1,12.1,999,99,99
2025,05,09,12,58,0,0,99,99,99,99,999,1017.4,11.2,12.1,999,99,99
2025,05,09,13,58,0,0,99,99,99,99,999,1017.6,11,12.1,999,99,99
2025,05,09,14,58,0,0,99,99,99,99,999,1018.2,10.2,12.1,999,99,99
2025,05,09,15,58,0,0,99,99,99,99,999,1018.4,10.1,12.1,999,99,99
2025,05,09,16,58,0,0,99,99,99,99,999,1018.5,10.5,12.2,999,99,99
2025,05,09,17,58,0,0,99,99,99,99,999,1018.4,10.6,12.3,999,99,99
2025,05,09,18,58,0,0,99,99,99,99,999,1018.2,10.7,12.4,999,99,99
2025,05,09,20,08,0,0,99,99,99,99,999,1017.9,10.8,12.4,999,99,99
2025,05,09,21,08,0,0,99,99,99,99,999,1017.4,10.8,12.5,999,99,99
2025,05,09,22,08,0,0,99,99,99,99,999,1015.4,11.2,12.4,999,99,99
2025,05,09,23,08,0,0,99,99,99,99,999,1014.9,11.4,12.4,999,99,99
2025,05,10,00,08,0,0,99,99,99,99,999,1014.4,11.8,12.3,999,99,99
2025,05,10,01,08,0,0,99,99,99,99,999,1014.5,12.6,12.4,999,99,99
2025,05,10,02,08,0,0,99,99,99,99,999,1014.4,12.9,12.3,999,99,99
2025,05,10,03,08,0,0,99,99,99,99,999,1014.2,12.3,12.2,999,99,99
2025,05,10,04,08,0,0,99,99,99,99,999,1014.4,12,12.2,999,99,99
2025,05,10,05,08,0,0,99,99,99,99,999,1015.1,10.8,12.3,999,99,99
2025,05,10,06,08,0,0,99,99,99,99,999,1015.5,11.1,12.3,999,99,99
2025,05,10,07,08,0,0,99,99,99,99,999,1015.5,11.9,12.6,999,99,99
2025,05,10,08,08,0,0,99,99,99,99,999,1015.3,11.8,13.3,999,99,99
2025,05,10,09,08,0,0,99,99,99,99,999,1014.7,12.3,13.3,999,99,99
2025,05,10,10,08,0,0,99,99,99,99,999,1014.4,11.6,13.3,999,99,99
2025,05,10,11,08,0,0,99,99,99,99,999,1014.5,11.3,13.2,999,99,99
2025,05,10,12,08,0,0,99,99,99,99,999,1014.3,11.4,13.1,999,99,99
2025,05,10,13,08,0,0,99,99,99,99,999,1014,11.5,12.9,999,99,99
2025,05,10,14,08,0,0,99,99,99,99,999,1014.4,11.6,12.7,999,99,99
2025,05,10,15,08,0,0,99,99,99,99,999,1014.4,11.3,12.6,999,99,99
2025,05,10,16,08,0,0,99,99,99,99,999,1014.5,11.2,12.7,999,99,99
2025,05,10,17,08,0,0,99,99,99,99,999,1014.8,11.5,12.5,999,99,99
2025,05,10,18,08,0,0,99,99,99,99,999,1014.8,11.4,12.5,999,99,99
2025,05,10,19,08,0,0,99,99,99,99,999,1014.5,11,12.4,999,99,99
2025,05,10,20,08,0,0,99,99,99,99,999,1014.2,11.4,12.4,999,99,99
2025,05,10,21,08,0,0,99,99,99,99,999,1013.5,11.6,12.5,999,99,99
2025,05,10,22,08,0,0,99,99,99,99,999,1013,11.8,12.7,999,99,99
2025,05,10,23,08,190,0.5,99,99,99,99,999,1012,12.1,13.2,999,99,99
2025,05,11,00,08,340,1,99,99,99,99,999,1011.7,12.5,13.1,999,99,99
2025,05,11,01,08,210,2.1,99,99,99,99,999,1011.9,12.8,12.9,999,99,99
2025,05,11,02,08,80,1,99,99,99,99,999,1012.2,12.6,12.9,999,99,99
2025,05,11,03,08,180,0.5,99,99,99,99,999,1012.5,12.3,12.7,999,99,99
2025,05,11,04,08,0,0,99,99,99,99,999,1013.3,12.2,12.6,999,99,99
2025,05,11,05,08,0,0,99,99,99,99,999,1014.2,12,12.5,999,99,99
2025,05,11,06,08,0,0,99,99,99,99,999,1014.3,12,12.5,999,99,99
2025,05,11,07,08,0,0,99,99,99,99,999,1014.7,12,12.4,999,99,99
2025,05,11,07,58,0,0,99,99,99,99,999,1014.5,12,12.5,999,99,99
2025,05,11,08,58,0,0,99,99,99,99,999,1014.8,11.9,12.7,999,99,99
2025,05,11,09,58,0,0,99,99,99,99,999,1014.4,11.6,12.8,999,99,99
2025,05,11,10,58,0,0,99,99,99,99,999,1014.5,11.6,12.8,999,99,99
2025,05,11,11,58,0,0,99,99,99,99,999,1014.7,12,12.7,999,99,99
2025,05,11,12,58,0,0,99,99,99,99,999,1014.6,11.6,12.5,999,99,99
2025,05,11,13,58,0,0,99,99,99,99,999,1015,11.2,12.4,999,99,99
2025,05,11,14,58,0,0,99,99,99,99,999,1015.2,11.1,12.3,999,99,99
2025,05,11,15,58,0,0,99,99,99,99,999,1015.8,11.1,12.3,999,99,99
2025,05,11,16,58,0,0,99,99,99,99,999,1016,11.2,12.3,999,99,99
2025,05,11,17,58,240,1,99,99,99,99,999,1016.2,10.5,12.4,999,99,99
2025,05,11,18,58,0,0,99,99,99,99,999,1016.5,10.8,12.4,999,99,99
2025,05,11,20,08,0,0,99,99,99,99,999,1016.3,11.7,12.5,999,99,99
2025,05,11,21,08,0,0,99,99,99,99,999,1016.3,11.7,12.4,999,99,99
2025,05,11,22,08,0,0,99,99,99,99,999,1016,11.9,12.6,999,99,99
2025,05,11,23,08,0,0,99,99,99,99,999,1015.2,11.7,12.6,999,99,99
2025,05,12,00,08,0,0,99,99,99,99,999,1015,11.9,12.4,999,99,99
2025,05,12,01,08,0,0,99,99,99,99,999,1014.2,11.8,12.3,999,99,99
2025,05,12,02,08,0,0,99,99,99,99,999,1013.7,11.7,12.1,999,99,99
2025,05,12,03,08,0,0,99,99,99,99,999,1013.8,11.6,11.9,999,99,99
2025,05,12,04,08,0,0,99,99,99,99,999,1014.1,11.5,12.1,999,99,99
2025,05,12,05,08,0,0,99,99,99,99,999,1014.8,11.4,12,999,99,99
2025,05,12,06,08,0,0,99,99,99,99,999,1015.3,11.3,12,999,99,99
2025,05,12,07,08,0,0,99,99,99,99,999,1015.6,11.2,12,999,99,99
2025,05,12,08,08,0,0,99,99,99,99,999,1015.8,11.1,12.1,999,99,99
2025,05,12,09,08,0,0,99,99,99,99,999,1015.4,11.2,12.5,999,99,99
2025,05,12,10,08,0,0,99,99,99,99,999,1014.7,11.5,12.5,999,99,99
2025,05,12,11,08,0,0,99,99,99,99,999,1014.3,11.6,12.5,999,99,99
2025,05,12,12,08,0,0,99,99,99,99,999,1013.7,11.7,12.3,999,99,99
2025,05,12,13,08,0,0,99,99,99,99,999,1013.9,11.9,12.1,999,99,99
2025,05,12,14,08,0,0,99,99,99,99,999,1014.2,12,12.2,999,99,99
2025,05,12,15,08,0,0,99,99,99,99,999,1014.4,11.7,12.1,999,99,99
2025,05,12,16,08,0,0,99,99,99,99,999,1015.1,11.5,12.1,999,99,99
2025,05,12,17,08,0,0,99,99,99,99,999,1015.9,11.7,12.2,999,99,99
2025,05,12,18,08,0,0,99,99,99,99,999,1016.2,11.9,12.4,999,99,99
2025,05,12,19,08,0,0,99,99,99,99,999,1015.6,12.4,12.3,999,99,99
2025,05,12,20,08,0,0,99,99,99,99,999,1015.2,12.3,12.6,999,99,99
2025,05,12,21,08,0,0,99,99,99,99,999,1015.1,13,13.1,999,99,99
2025,05,12,22,08,0,0,99,99,99,99,999,1014.9,13,13.4,999,99,99
2025,05,12,23,08,0,0,99,99,99,99,999,1014.9,12.9,13.3,999,99,99
2025,05,13,00,08,0,0,99,99,99,99,999,1014.8,13,13.2,999,99,99
2025,05,13,01,08,0,0,99,99,99,99,999,1014.5,13.1,13,999,99,99
2025,05,13,02,08,0,0,99,99,99,99,999,1014.3,12.9,12.8,999,99,99
2025,05,13,03,08,0,0,99,99,99,99,999,1014.5,12.5,12.6,999,99,99
2025,05,13,04,08,0,0,99,99,99,99,999,1014.7,11.9,12.7,999,99,99
2025,05,13,05,08,0,0,99,99,99,99,999,1015,12.3,12.7,999,99,99
2025,05,13,06,08,0,0,99,99,99,99,999,1015.4,12.1,12.7,999,99,99
2025,05,13,07,08,0,0,99,99,99,99,999,1015.5,12.1,12.6,999,99,99
2025,05,13,08,08,0,0,99,99,99,99,999,1015.5,11.9,12.6,999,99,99
2025,05,13,09,08,0,0,99,99,99,99,999,1015.6,11.6,12.5,999,99,99
2025,05,13,10,08,0,0,99,99,99,99,999,1015.6,11.6,12.5,999,99,99
2025,05,13,11,08,0,0,99,99,99,99,999,1015.7,11.3,12.5,999,99,99
2025,05,13,12,08,0,0,99,99,99,99,999,1015.8,11.2,12.5,999,99,99
2025,05,13,13,08,0,0,99,99,99,99,999,1016.1,10.9,12.4,999,99,99
2025,05,13,14,08,0,0,99,99,99,99,999,1016.6,11.5,12.4,999,99,99
2025,05,13,15,08,0,0,99,99,99,99,999,1017.1,11.7,12.3,999,99,99
2025,05,13,16,08,0,0,99,99,99,99,999,1018,11.4,12.2,999,99,99
2025,05,13,17,08,0,0,99,99,99,99,999,1018.3,11,12.3,999,99,99
2025,05,13,18,08,0,0,99,99,99,99,999,1018.7,11.4,12.4,999,99,99
2025,05,13,19,08,0,0,99,99,99,99,999,1018.7,11.5,12.4,999,99,99
2025,05,13,20,08,0,0,99,99,99,99,999,1018.8,11.5,12.4,999,99,99
2025,05,13,21,08,0,0,99,99,99,99,999,1018.6,11.7,12.4,999,99,99
2025,05,13,22,08,0,0,99,99,99,99,999,1018.1,11.7,12.3,999,99,99
2025,05,13,23,08,90,0.5,99,99,99,99,999,1017.6,11.8,12.3,999,99,99
2025,05,14,00,08,0,0,99,99,99,99,999,1017.3,11.8,12.2,999,99,99
2025,05,14,01,08,0,0,99,99,99,99,999,1017,11.9,12.2,999,99,99
2025,05,14,02,08,230,3.6,99,99,99,99,999,1016.4,11.7,12.2,999,99,99
2025,05,14,03,08,140,1,99,99,99,99,999,1016.9,11.5,12.1,999,99,99
2025,05,14,04,08,350,1.5,99,99,99,99,999,1017.2,11.3,12.1,999,99,99
2025,05,14,05,08,200,1.5,99,99,99,99,999,1017.8,11.4,12,999,99,99
2025,05,14,06,08,0,0,99,99,99,99,999,1018.1,11.3,11.9,999,99,99
2025,05,14,07,08,0,0,99,99,99,99,999,1018.3,11.1,11.8,999,99,99
2025,05,14,08,08,0,0,99,99,99,99,999,1018.2,11,12.3,999,99,99
2025,05,14,09,08,0,0,99,99,99,99,999,1017.9,10.9,12.5,999,99,99
2025,05,14,10,08,0,0,99,99,99,99,999,1017.8,10.7,12.5,999,99,99
2025,05,14,11,08,0,0,99,99,99,99,999,1017.7,10.8,12.6,999,99,99
2025,05,14,12,08,0,0,99,99,99,99,999,1017.9,10.8,12.7,999,99,99
2025,05,14,13,08,0,0,99,99,99,99,999,1018.2,10.8,12.7,999,99,99
2025,05,14,14,08,0,0,99,99,99,99,999,1018.6,10.8,12.7,999,99,99
2025,05,14,15,08,0,0,99,99,99,99,999,1019.2,10.7,12.9,999,99,99
2025,05,14,16,08,0,0,99,99,99,99,999,1019.7,10.8,12.9,999,99,99
2025,05,14,17,08,0,0,99,99,99,99,999,1019.8,10.8,13,999,99,99
2025,05,14,18,08,0,0,99,99,99,99,999,1019.8,11.1,13.1,999,99,99
2025,05,14,20,08,0,0,99,99,99,99,999,1019,11.2,13.5,999,99,99
2025,05,14,21,08,0,0,99,99,99,99,999,1018.9,11.4,13.5,999,99,99
2025,05,14,22,08,0,0,99,99,99,99,999,1018.5,11.3,13.3,999,99,99
2025,05,14,23,08,0,0,99,99,99,99,999,1018.1,11.2,13.3,999,99,99
2025,05,15,00,08,0,0,99,99,99,99,999,1017.7,11.5,13.2,999,99,99
2025,05,15,01,08,0,0,99,99,99,99,999,1017.1,11.6,12.9,999,99,99
2025,05,15,02,08,200,0.5,99,99,99,99,999,1016.2,11.5,12.1,999,99,99
2025,05,15,03,08,80,0.5,99,99,99,99,999,1016.3,11.3,12.1,999,99,99
2025,05,15,04,08,0,0,99,99,99,99,999,1016.5,11.1,12.1,999,99,99
2025,05,15,05,08,0,0,99,99,99,99,999,1016.9,11,12,999,99,99
2025,05,15,06,08,0,0,99,99,99,99,999,1016.8,11,11.9,999,99,99
2025,05,15,10,08,0,0,99,99,99,99,999,1015.8,10.7,12.8,999,99,99
2025,05,15,11,08,0,0,99,99,99,99,999,1015.8,10.6,12.8,999,99,99
2025,05,15,12,08,0,0,99,99,99,99,999,1015.9,10.5,12.8,999,99,99
2025,05,15,13,08,0,0,99,99,99,99,999,1016.1,10.1,12.8,999,99,99
2025,05,15,14,08,0,0,99,99,99,99,999,1016.5,9.9,12.8,999,99,99
2025,05,15,15,08,0,0,99,99,99,99,999,1017.2,10.2,12.5,999,99,99
2025,05,15,16,08,0,0,99,99,99,99,999,1017.6,10.1,12.4,999,99,99
2025,05,15,17,08,0,0,99,99,99,99,999,1017.2,10.1,12.3,999,99,99
2025,05,15,18,08,0,0,99,99,99,99,999,1017.3,10.6,12.4,999,99,99
2025,05,15,19,08,0,0,99,99,99,99,999,1017.2,10.1,12.2,999,99,99
2025,05,15,20,08,0,0,99,99,99,99,999,1017.1,10.7,11.9,999,99,99
2025,05,15,21,08,0,0,99,99,99,99,999,1016.9,10.9,11.6,999,99,99
2025,05,15,22,08,0,0,99,99,99,99,999,1016.7,11.1,11.6,999,99,99
2025,05,15,23,08,0,0,99,99,99,99,999,1016.3,11.3,11.9,999,99,99
2025,05,16,00,08,0,0,99,99,99,99,999,1015.8,11.8,12.2,999,99,99
2025,05,16,01,08,0,0,99,99,99,99,999,1015.7,12,12.1,999,99,99
2025,05,16,02,08,0,0,99,99,99,99,999,1015,11.5,12.4,999,99,99
2025,05,16,03,08,0,0,99,99,99,99,999,1014.1,11.3,12.6,999,99,99
2025,05,16,04,08,170,0.5,99,99,99,99,999,1014.7,11.1,12.3,999,99,99
2025,05,16,05,08,0,0,99,99,99,99,999,1015,11.1,12.3,999,99,99
2025,05,16,06,08,0,0,99,99,99,99,999,1014.9,11,12.4,999,99,99
2025,05,16,07,08,0,0,99,99,99,99,999,1014.6,11.2,12.4,999,99,99
2025,05,16,08,08,0,0,99,99,99,99,999,1014.4,10.9,12.4,999,99,99
2025,05,16,09,08,0,0,99,99,99,99,999,1014.2,10.7,12.5,999,99,99
2025,05,16,10,08,0,0,99,99,99,99,999,1014.3,10.7,12.4,999,99,99
2025,05,16,11,08,0,0,99,99,99,99,999,1013.8,10.8,12.3,999,99,99
2025,05,16,12,08,0,0,99,99,99,99,999,1013.7,11,12.2,999,99,99
2025,05,16,13,08,0,0,99,99,99,99,999,1013.6,10.8,12.1,999,99,99
2025,05,16,14,08,0,0,99,99,99,99,999,1014,10.7,12.1,999,99,99
2025,05,16,15,08,0,0,99,99,99,99,999,1014.5,10.8,12.1,999,99,99
2025,05,16,16,08,0,0,99,99,99,99,999,1014.4,11.1,12.2,999,99,99
2025,05,16,17,08,0,0,99,99,99,99,999,1014.6,11.2,12.3,999,99,99
2025,05,16,18,08,0,0,99,99,99,99,999,1014.5,11.1,12.5,999,99,99
2025,05,16,19,08,0,0,99,99,99,99,999,1014.4,11.1,12.6,999,99,99
2025,05,16,20,08,0,0,99,99,99,99,999,1014.4,11.3,12.6,999,99,99
2025,05,16,21,08,240,0.5,99,99,99,99,999,1013.9,11.4,12.4,999,99,99
2025,05,16,22,08,0,0,99,99,99,99,999,1013.5,11.3,12.3,999,99,99
2025,05,16,23,08,0,0,99,99,99,99,999,1013,11.2,12.2,999,99,99
2025,05,17,00,08,240,1,99,99,99,99,999,1012.9,11.4,12.2,999,99,99
2025,05,17,01,08,70,1.5,99,99,99,99,999,1012.7,11.3,12,999,99,99
2025,05,17,02,08,120,1,99,99,99,99,999,1012.1,11.2,12,999,99,99
2025,05,17,03,08,0,0,99,99,99,99,999,1012.6,11,11.9,999,99,99
2025,05,17,04,08,0,0,99,99,99,99,999,1013.1,11.1,11.8,999,99,99
2025,05,17,05,08,0,0,99,99,99,99,999,1013.8,11,11.8,999,99,99
2025,05,17,06,08,0,0,99,99,99,99,999,1014.2,11.2,11.8,999,99,99
2025,05,17,07,08,0,0,99,99,99,99,999,1014.6,11.4,12.4,999,99,99
2025,05,17,08,08,0,0,99,99,99,99,999,1014.4,11.3,12.2,999,99,99
2025,05,17,09,08,0,0,99,99,99,99,999,1014.4,11,12.2,999,99,99
2025,05,17,10,08,0,0,99,99,99,99,999,1014.6,10.7,12.2,999,99,99
2025,05,17,11,08,0,0,99,99,99,99,999,1014.6,10.7,12.2,999,99,99
2025,05,17,12,08,0,0,99,99,99,99,999,1014.9,10.7,12.2,999,99,99
2025,05,17,13,08,0,0,99,99,99,99,999,1015,10.6,12.2,999,99,99
2025,05,17,14,08,0,0,99,99,99,99,999,1015.9,10.7,12.2,999,99,99
2025,05,17,15,08,0,0,99,99,99,99,999,1016.6,11,12,999,99,99
2025,05,17,16,08,0,0,99,99,99,99,999,1016.8,11.6,12,999,99,99
2025,05,17,17,08,0,0,99,99,99,99,999,1016.7,11.6,12,999,99,99
2025,05,17,18,08,0,0,99,99,99,99,999,1015.7,11.8,12,999,99,99
2025,05,17,19,08,0,0,99,99,99,99,999,1016.5,11.8,12,999,99,99
2025,05,17,20,08,0,0,99,99,99,99,999,1016.1,11.9,12.2,999,99,99
2025,05,17,21,08,0,0,99,99,99,99,999,1016,11.9,12.3,999,99,99
2025,05,17,22,08,0,0,99,99,99,99,999,1016.2,11.9,12.3,999,99,99
2025,05,17,23,08,0,0,99,99,99,99,999,1015.9,12,12.1,999,99,99
2025,05,18,00,08,0,0,99,99,99,99,999,1016.1,11.8,12.1,999,99,99
2025,05,18,01,08,0,0,99,99,99,99,999,1015.7,12,12.1,999,99,99
2025,05,18,02,08,0,0,99,99,99,99,999,1014.7,11.8,12,999,99,99
2025,05,18,03,08,0,0,99,99,99,99,999,1015,11.5,11.8,999,99,99
2025,05,18,04,08,0,0,99,99,99,99,999,1015.9,11.5,12.2,999,99,99
2025,05,18,05,08,0,0,99,99,99,99,999,1016.3,11.6,12.2,999,99,99
2025,05,18,06,08,0,0,99,99,99,99,999,1016.3,11.6,12.1,999,99,99
2025,05,18,07,08,0,0,99,99,99,99,999,1016,11.4,12.1,999,99,99
2025,05,18,08,08,0,0,99,99,99,99,999,1016.2,11.3,12.1,999,99,99
2025,05,18,09,08,0,0,99,99,99,99,999,1015.8,11.4,12.2,999,99,99
2025,05,18,10,08,0,0,99,99,99,99,999,1015.4,11.2,12.1,999,99,99
2025,05,18,11,08,0,0,99,99,99,99,999,1015.6,11,12.1,999,99,99
2025,05,18,12,08,0,0,99,99,99,99,999,1016.2,10.6,12.1,999,99,99
2025,05,18,13,08,0,0,99,99,99,99,999,1015.9,10.4,12.1,999,99,99
2025,05,18,14,08,0,0,99,99,99,99,999,1016.6,10.4,12.1,999,99,99
2025,05,18,15,08,0,0,99,99,99,99,999,1017.5,10.3,12.1,999,99,99
2025,05,18,16,08,0,0,99,99,99,99,999,1017.9,10.7,12.2,999,99,99
2025,05,18,17,08,0,0,99,99,99,99,999,1018.3,10.8,12.4,999,99,99
2025,05,18,18,08,0,0,99,99,99,99,999,1018.3,11,12.4,999,99,99
2025,05,18,19,08,0,0,99,99,99,99,999,1017.8,11.1,12.4,999,99,99
2025,05,18,20,08,110,0.5,99,99,99,99,999,1016.8,11.4,12.3,999,99,99
2025,05,18,21,08,270,3.6,99,99,99,99,999,1016.6,11.5,12.2,999,99,99
2025,05,18,22,08,100,1,99,99,99,99,999,1016.4,11.5,11.9,999,99,99
2025,05,18,23,08,250,2.6,99,99,99,99,999,1015.5,11.4,11.7,999,99,99
2025,05,19,00,08,180,2.6,99,99,99,99,999,1015,11.6,11.4,999,99,99
2025,05,19,01,08,250,6.7,99,99,99,99,999,1014.8,11.5,11.3,999,99,99
2025,05,19,02,08,180,4.1,99,99,99,99,999,1015.2,11.4,11.2,999,99,99
2025,05,19,03,08,100,2.1,99,99,99,99,999,1015.6,11.3,11.1,999,99,99
2025,05,19,04,08,180,1,99,99,99,99,999,1016.3,11.2,11.1,999,99,99
2025,05,19,05,08,0,0,99,99,99,99,999,1016.7,11,11.1,999,99,99
2025,05,19,06,08,0,0,99,99,99,99,999,1017.4,10.9,11,999,99,99
2025,05,19,07,08,0,0,99,99,99,99,999,1017.3,11,10.9,999,99,99
2025,05,19,08,08,0,0,99,99,99,99,999,1017.1,10.9,11.1,999,99,99
2025,05,19,09,08,0,0,99,99,99,99,999,1017.4,11,11.2,999,99,99
2025,05,19,10,08,0,0,99,99,99,99,999,1017.3,10.7,11.2,999,99,99
2025,05,19,11,08,0,0,99,99,99,99,999,1017.5,10.4,11.3,999,99,99
2025,05,19,12,08,0,0,99,99,99,99,999,1017.7,10.4,11.4,999,99,99
2025,05,19,13,08,0,0,99,99,99,99,999,1017.9,10.3,11.5,999,99,99
2025,05,19,14,08,0,0,99,99,99,99,999,1018.5,10.6,11.5,999,99,99
2025,05,19,15,08,0,0,99,99,99,99,999,1019.2,11.4,11.5,999,99,99
2025,05,19,16,08,0,0,99,99,99,99,999,1019.6,10.8,11.6,999,99,99
2025,05,19,17,08,0,0,99,99,99,99,999,1019.5,10.7,11.6,999,99,99
2025,05,19,18,08,0,0,99,99,99,99,999,1019.5,10.8,11.5,999,99,99
2025,05,19,19,08,0,0,99,99,99,99,999,1019.9,11.1,11.5,999,99,99
2025,05,19,20,08,350,0.5,99,99,99,99,999,1019,11.4,11.2,999,99,99
2025,05,19,21,08,150,3.6,99,99,99,99,999,1018.6,11.5,11.1,999,99,99
2025,05,19,22,08,260,1.5,99,99,99,99,999,1018.5,11.6,11.1,999,99,99
2025,05,19,23,08,50,2.6,99,99,99,99,999,1017.4,11.6,11,999,99,99
2025,05,20,00,08,220,2.1,99,99,99,99,999,1017,11.8,10.9,999,99,99
2025,05,20,01,08,90,1.5,99,99,99,99,999,1017,12.1,10.8,999,99,99
2025,05,20,02,08,250,1.5,99,99,99,99,999,1017.2,11.6,10.7,999,99,99
2025,05,20,03,08,100,1.5,99,99,99,99,999,1017.1,11.7,10.6,999,99,99
2025,05,20,04,08,220,0.5,99,99,99,99,999,1017.6,11.8,10.5,999,99,99
2025,05,20,05,08,0,0,99,99,99,99,999,1018.2,10.9,10.5,999,99,99
2025,05,20,06,08,120,1.5,99,99,99,99,999,1018.8,10.7,10.5,999,99,99
2025,05,20,07,08,0,0,99,99,99,99,999,1018.6,10.7,10.6,999,99,99
2025,05,20,08,08,0,0,99,99,99,99,999,1018.5,10.6,10.6,999,99,99
2025,05,20,09,08,0,0,99,99,99,99,999,1018,10.6,10.6,999,99,99
2025,05,20,10,08,0,0,99,99,99,99,999,1017.6,10.2,10.6,999,99,99
2025,05,20,11,08,0,0,99,99,99,99,999,1017.7,9.9,10.6,999,99,99
2025,05,20,12,08,0,0,99,99,99,99,999,1017.8,10.2,10.7,999,99,99
2025,05,20,13,08,0,0,99,99,99,99,999,1018.2,10.4,10.7,999,99,99
2025,05,20,14,08,0,0,99,99,99,99,999,1018.5,10.3,10.7,999,99,99
2025,05,20,15,08,0,0,99,99,99,99,999,1019.2,10.3,10.7,999,99,99
2025,05,20,16,08,0,0,99,99,99,99,999,1019.5,10,10.8,999,99,99
2025,05,20,17,08,0,0,99,99,99,99,999,1019.8,9.7,10.7,999,99,99
2025,05,20,18,08,0,0,99,99,99,99,999,1019.6,10.1,10.8,999,99,99
2025,05,20,19,08,0,0,99,99,99,99,999,1019.1,10.4,10.8,999,99,99
2025,05,20,20,08,360,0.5,99,99,99,99,999,1018,10.6,10.7,999,99,99
2025,05,20,21,08,120,1.5,99,99,99,99,999,1017,10.7,10.6,999,99,99
2025,05,20,22,08,340,1.5,99,99,99,99,999,1016.7,11,10.7,999,99,99
2025,05,20,23,08,190,2.1,99,99,99,99,999,1016.2,11.1,10.6,999,99,99
2025,05,21,00,08,100,1.5,99,99,99,99,999,1015.6,11.1,10.5,999,99,99
2025,05,21,01,08,350,1.5,99,99,99,99,999,1015.2,11.1,10.5,999,99,99
2025,05,21,02,08,240,1,99,99,99,99,999,1015.2,11.1,10.4,999,99,99
2025,05,21,03,08,0,0,99,99,99,99,999,1015.4,10.9,10.4,999,99,99
2025,05,21,04,08,0,0,99,99,99,99,999,1015.7,10.7,10.4,999,99,99
2025,05,21,05,08,0,0,99,99,99,99,999,1016.2,10.4,10.6,999,99,99
2025,05,21,06,08,0,0,99,99,99,99,999,1016.2,10.4,10.9,999,99,99
2025,05,21,07,08,0,0,99,99,99,99,999,1015.7,10.2,10.9,999,99,99
2025,05,21,08,08,0,0,99,99,99,99,999,1015.6,10.2,11,999,99,99
2025,05,21,09,08,0,0,99,99,99,99,999,1015.3,10,11.2,999,99,99
2025,05,21,10,08,0,0,99,99,99,99,999,1015,10.2,11.2,999,99,99
2025,05,21,11,08,0,0,99,99,99,99,999,1014.9,10,11.2,999,99,99
2025,05,21,12,08,0,0,99,99,99,99,999,1015,10.4,11.2,999,99,99
2025,05,21,13,08,0,0,99,99,99,99,999,1015,10,11.3,999,99,99
2025,05,21,14,08,0,0,99,99,99,99,999,1015.5,9,11.3,999,99,99
2025,05,21,15,08,0,0,99,99,99,99,999,1016.6,8.8,11.3,999,99,99
2025,05,21,16,08,0,0,99,99,99,99,999,1016.9,9.1,11.3,999,99,99
2025,05,21,17,08,0,0,99,99,99,99,999,1017,9.2,11.4,999,99,99
2025,05,21,18,08,0,0,99,99,99,99,999,1017.3,9,11.6,999,99,99
2025,05,21,19,08,0,0,99,99,99,99,999,1015.9,10.5,11.6,999,99,99
2025,05,21,20,08,0,0,99,99,99,99,999,1015.5,10.6,11.6,999,99,99
2025,05,21,21,08,0,0,99,99,99,99,999,1015.3,10.8,11.5,999,99,99
2025,05,21,22,08,0,0,99,99,99,99,999,1014.6,10.9,10.9,999,99,99
2025,05,21,23,08,80,0.5,99,99,99,99,999,1013.8,11.1,10.9,999,99,99
2025,05,22,00,08,0,0,99,99,99,99,999,1013.5,11.3,10.9,999,99,99
2025,05,22,01,08,0,0,99,99,99,99,999,1013.7,11.2,10.6,999,99,99
2025,05,22,02,08,190,0.5,99,99,99,99,999,1013.7,11.2,10.5,999,99,99
2025,05,22,03,08,320,1,99,99,99,99,999,1013.7,11,10.5,999,99,99
2025,05,22,04,08,0,0,99,99,99,99,999,1014.3,10.9,10.4,999,99,99
2025,05,22,05,08,150,0.5,99,99,99,99,999,1015,10.8,10.5,999,99,99
2025,05,22,06,08,150,1,99,99,99,99,999,1015.3,10.8,10.6,999,99,99
2025,05,22,07,08,0,0,99,99,99,99,999,1015,10.9,10.6,999,99,99
2025,05,22,08,08,0,0,99,99,99,99,999,1015.3,10.6,10.7,999,99,99
2025,05,22,09,08,0,0,99,99,99,99,999,1015.3,10.5,10.7,999,99,99
2025,05,22,10,08,220,0.5,99,99,99,99,999,1014.6,10.6,10.6,999,99,99
2025,05,22,11,08,290,1,99,99,99,99,999,1015,10.5,10.6,999,99,99
2025,05,22,12,08,0,0,99,99,99,99,999,1015.4,10.6,10.6,999,99,99
2025,05,22,13,08,0,0,99,99,99,99,999,1016.3,9.7,10.6,999,99,99
2025,05,22,14,08,0,0,99,99,99,99,999,1016.9,9.3,10.6,999,99,99
2025,05,22,15,08,0,0,99,99,99,99,999,1017.7,10.2,10.6,999,99,99
2025,05,22,16,08,0,0,99,99,99,99,999,1018.4,10.2,10.7,999,99,99
2025,05,22,17,08,0,0,99,99,99,99,999,1017.1,10.6,10.7,999,99,99
2025,05,22,18,08,230,0.5,99,99,99,99,999,1017.2,10.8,10.7,999,99,99
2025,05,22,19,08,0,0,99,99,99,99,999,1017,10.8,10.7,999,99,99
2025,05,22,20,08,210,1,99,99,99,99,999,1016.6,11,10.5,999,99,99
2025,05,22,21,08,120,1.5,99,99,99,99,999,1016.6,11.2,10.4,999,99,99
2025,05,22,22,08,350,1.5,99,99,99,99,999,1016.5,11.3,10.6,999,99,99
2025,05,22,23,08,320,3.1,99,99,99,99,999,1015.7,11.2,10.6,999,99,99
2025,05,23,00,08,150,2.1,99,99,99,99,999,1015.6,11.3,10.6,999,99,99
2025,05,23,01,08,260,2.1,99,99,99,99,999,1015.5,11.3,10.5,999,99,99
2025,05,23,02,08,90,1.5,99,99,99,99,999,1015.5,11.3,10.4,999,99,99
2025,05,23,03,08,0,0,99,99,99,99,999,1015.9,11.5,10.7,999,99,99
2025,05,23,04,08,250,1,99,99,99,99,999,1016.3,11.3,10.7,999,99,99
2025,05,23,05,08,310,1.5,99,99,99,99,999,1016.7,10.9,10.7,999,99,99
2025,05,23,06,08,70,0.5,99,99,99,99,999,1017,10.9,10.6,999,99,99
2025,05,23,07,08,0,0,99,99,99,99,999,1016.9,10.8,10.7,999,99,99
2025,05,23,08,08,0,0,99,99,99,99,999,1016.7,10.7,10.8,999,99,99
2025,05,23,09,08,0,0,99,99,99,99,999,1016.7,10.6,10.8,999,99,99
2025,05,23,10,08,0,0,99,99,99,99,999,1016.3,10.5,10.8,999,99,99
2025,05,23,11,08,0,0,99,99,99,99,999,1016.3,10.5,10.7,999,99,99
2025,05,23,12,08,0,0,99,99,99,99,999,1016.2,10.4,10.7,999,99,99
2025,05,23,13,08,0,0,99,99,99,99,999,1016.2,10.5,10.7,999,99,99
2025,05,23,14,08,0,0,99,99,99,99,999,1016.3,10.6,10.7,999,99,99
2025,05,23,15,08,0,0,99,99,99,99,999,1016.4,10.8,10.7,999,99,99
2025,05,23,16,08,80,1.5,99,99,99,99,999,1016.8,10.8,10.8,999,99,99
2025,05,23,17,08,100,1,99,99,99,99,999,1017.3,10.6,10.8,999,99,99
2025,05,23,18,08,0,0,99,99,99,99,999,1017.3,10.7,10.7,999,99,99
2025,05,23,19,08,140,1,99,99,99,99,999,1017.3,10.9,10.8,999,99,99
2025,05,23,20,08,0,0,99,99,99,99,999,1016.9,11.1,10.8,999,99,99
2025,05,23,21,08,0,0,99,99,99,99,999,1016.2,11.2,11.3,999,99,99
2025,05,23,22,08,220,2.1,99,99,99,99,999,1015.8,11.2,11.6,999,99,99
2025,05,23,23,08,280,1,99,99,99,99,999,1015.1,11.3,11.7,999,99,99
2025,05,24,00,08,50,2.1,99,99,99,99,999,1014.6,11.3,11.9,999,99,99
2025,05,24,01,08,130,4.6,99,99,99,99,999,1014.4,11.2,11.9,999,99,99
2025,05,24,02,08,200,4.6,99,99,99,99,999,1013.9,11.1,11.5,999,99,99
2025,05,24,03,08,320,1.5,99,99,99,99,999,1014.1,10.9,11.2,999,99,99
2025,05,24,04,08,40,6.7,99,99,99,99,999,1014.7,10.7,11,999,99,99
2025,05,24,05,08,100,1,99,99,99,99,999,1015.3,10.6,10.9,999,99,99
2025,05,24,06,08,110,0.5,99,99,99,99,999,1015.7,10.5,10.8,999,99,99
2025,05,24,07,08,0,0,99,99,99,99,999,1015.7,10.4,10.8,999,99,99
2025,05,24,08,08,0,0,99,99,99,99,999,1015.4,10.5,11.2,999,99,99
2025,05,24,09,08,0,0,99,99,99,99,999,1015.2,10.6,11.1,999,99,99
2025,05,24,10,08,0,0,99,99,99,99,999,1015.2,10.6,11.2,999,99,99
2025,05,24,11,08,0,0,99,99,99,99,999,1015.2,10.4,11.2,999,99,99
2025,05,24,12,08,0,0,99,99,99,99,999,1015.2,10.2,10.4,999,99,99
2025,05,24,13,08,0,0,99,99,99,99,999,1015.2,10,10.4,999,99,99
2025,05,24,14,08,0,0,99,99,99,99,999,1015.9,10,10.3,999,99,99
2025,05,24,15,08,0,0,99,99,99,99,999,1016.4,10.2,10.4,999,99,99
2025,05,24,16,08,0,0,99,99,99,99,999,1016.9,10.4,10.5,999,99,99
2025,05,24,17,08,0,0,99,99,99,99,999,1017.1,10.3,10.5,999,99,99
2025,05,24,18,08,0,0,99,99,99,99,999,1017.4,10.3,10.7,999,99,99
2025,05,24,19,08,150,1,99,99,99,99,999,1017.4,10.5,10.8,999,99,99
2025,05,24,20,08,0,0,99,99,99,99,999,1017.6,10.6,11,999,99,99
2025,05,24,21,08,0,0,99,99,99,99,999,1017.3,10.9,11.2,999,99,99
2025,05,24,22,08,170,1,99,99,99,99,999,1017.1,11.2,11.3,999,99,99
2025,05,24,23,08,0,0,99,99,99,99,999,1016.6,11.4,11.4,999,99,99
2025,05,25,00,08,0,0,99,99,99,99,999,1016.2,11.4,11.3,999,99,99
2025,05,25,01,08,0,0,99,99,99,99,999,1015.9,11.3,11,999,99,99
2025,05,25,02,08,80,0.5,99,99,99,99,999,1016,11.3,11,999,99,99
2025,05,25,03,08,150,0.5,99,99,99,99,999,1016.3,11.2,10.8,999,99,99
2025,05,25,04,08,240,0.5,99,99,99,99,999,1016.6,11.1,10.7,999,99,99
2025,05,25,05,08,0,0,99,99,99,99,999,1017.2,11,10.6,999,99,99
2025,05,25,06,08,0,0,99,99,99,99,999,1017.8,10.9,10.5,999,99,99
2025,05,25,07,08,0,0,99,99,99,99,999,1017.9,10.9,10.4,999,99,99
2025,05,25,07,58,0,0,99,99,99,99,999,1017.8,10.9,10.4,999,99,99
2025,05,25,08,58,320,1,99,99,99,99,999,1017.5,10.7,10.3,999,99,99
2025,05,25,09,58,330,0.5,99,99,99,99,999,1017.5,10.6,10.2,999,99,99
2025,05,25,10,58,300,0.5,99,99,99,99,999,1017.5,10.6,10.2,999,99,99
2025,05,25,11,58,0,0,99,99,99,99,999,1017.4,10.2,10.2,999,99,99
2025,05,25,12,58,0,0,99,99,99,99,999,1017.6,10.2,10.2,999,99,99
2025,05,25,13,58,0,0,99,99,99,99,999,1017.9,10.2,10.3,999,99,99
2025,05,25,14,58,0,0,99,99,99,99,999,1018.4,10.5,10.5,999,99,99
2025,05,25,15,58,0,0,99,99,99,99,999,1018.9,11.1,10.6,999,99,99
2025,05,25,16,58,0,0,99,99,99,99,999,1019,11.3,10.7,999,99,99
2025,05,25,17,58,0,0,99,99,99,99,999,1018.8,11.4,11,999,99,99
2025,05,25,18,58,350,0.5,99,99,99,99,999,1018.5,11.7,11.3,999,99,99
2025,05,25,20,08,350,1.5,99,99,99,99,999,1018.3,11.9,11.2,999,99,99
2025,05,25,21,08,350,1,99,99,99,99,999,1017.8,12.2,11.3,999,99,99
2025,05,25,22,08,60,1,99,99,99,99,999,1017.7,12.3,11.3,999,99,99
2025,05,25,23,08,100,2.1,99,99,99,99,999,1017.2,12.5,11.5,999,99,99
2025,05,26,00,08,160,1,99,99,99,99,999,1017,12.8,11.9,999,99,99
2025,05,26,01,08,250,1.5,99,99,99,99,999,1016.8,12.8,11.8,999,99,99
2025,05,26,02,08,340,0.5,99,99,99,99,999,1016.6,12.8,12.6,999,99,99
2025,05,26,03,08,360,0.5,99,99,99,99,999,1016.9,12.6,12.6,999,99,99
2025,05,26,04,08,340,1,99,99,99,99,999,1017.3,12.2,12.5,999,99,99
2025,05,26,05,08,30,1,99,99,99,99,999,1018,12.2,12.3,999,99,99
2025,05,26,06,08,50,1.5,99,99,99,99,999,1018.3,12.3,11.9,999,99,99
2025,05,26,07,08,60,1,99,99,99,99,999,1018.6,11.9,11.6,999,99,99
2025,05,26,08,08,0,0,99,99,99,99,999,1018.9,11.6,11.4,999,99,99
2025,05,26,09,08,0,0,99,99,99,99,999,1019,11.5,11.3,999,99,99
2025,05,26,10,08,0,0,99,99,99,99,999,1018.7,11.6,11.2,999,99,99
2025,05,26,11,08,0,0,99,99,99,99,999,1018.7,11,11.1,999,99,99
2025,05,26,12,08,0,0,99,99,99,99,999,1018.4,11,10.9,999,99,99
2025,05,26,13,08,0,0,99,99,99,99,999,1018.5,10.9,10.9,999,99,99
2025,05,26,14,08,0,0,99,99,99,99,999,1018.8,10.6,10.8,999,99,99
2025,05,26,15,08,0,0,99,99,99,99,999,1018.8,11.3,12.2,999,99,99
2025,05,26,16,08,0,0,99,99,99,99,999,1019,12,13.2,999,99,99
2025,05,26,17,08,0,0,99,99,99,99,999,1019,11.9,13.7,999,99,99
2025,05,26,18,08,60,0.5,99,99,99,99,999,1018.9,12.6,13.7,999,99,99
2025,05,26,19,08,0,0,99,99,99,99,999,1018.7,12.8,13.8,999,99,99
2025,05,26,20,08,0,0,99,99,99,99,999,1018.4,13,13.4,999,99,99
2025,05,26,21,08,0,0,99,99,99,99,999,1017.8,13,13.3,999,99,99
2025,05,26,22,08,70,2.1,99,99,99,99,999,1017.5,12.3,14.3,999,99,99
2025,05,26,23,08,80,1,99,99,99,99,999,1016.7,12.4,14.3,999,99,99
2025,05,27,00,08,130,3.6,99,99,99,99,999,1016.1,12.2,14.2,999,99,99
2025,05,27,01,08,230,3.1,99,99,99,99,999,1015.6,12,14.1,999,99,99
2025,05,27,02,08,10,3.1,99,99,99,99,999,1015.7,12.2,14,999,99,99
2025,05,27,03,08,110,2.6,99,99,99,99,999,1015.7,12.5,14,999,99,99
2025,05,27,04,08,180,3.6,99,99,99,99,999,1016.2,12.1,13.7,999,99,99
2025,05,27,05,08,290,3.6,99,99,99,99,999,1016.7,11.8,13.4,999,99,99
2025,05,27,06,08,0,0,99,99,99,99,999,1016.9,11.5,13.1,999,99,99
2025,05,27,07,08,0,0,99,99,99,99,999,1016.8,11.3,12.6,999,99,99
2025,05,27,08,08,0,0,99,99,99,99,999,1016.4,11.1,12.2,999,99,99
2025,05,27,09,08,0,0,99,99,99,99,999,1016.2,11.1,12,999,99,99
2025,05,27,10,08,0,0,99,99,99,99,999,1016,11,11.7,999,99,99
2025,05,27,11,08,0,0,99,99,99,99,999,1015.7,10.9,11.5,999,99,99
2025,05,27,12,08,0,0,99,99,99,99,999,1015.7,10.8,11.5,999,99,99
2025,05,27,13,08,0,0,99,99,99,99,999,1016,10.7,11.4,999,99,99
2025,05,27,14,08,0,0,99,99,99,99,999,1016.3,10.4,11.4,999,99,99
2025,05,27,15,08,0,0,99,99,99,99,999,1016.5,10.4,11.6,999,99,99
2025,05,27,16,08,0,0,99,99,99,99,999,1016.7,10.5,11.7,999,99,99
2025,05,27,17,08,0,0,99,99,99,99,999,1016.6,10.5,12.1,999,99,99
2025,05,27,18,08,0,0,99,99,99,99,999,1016.6,10.6,12.2,999,99,99
2025,05,27,19,08,0,0,99,99,99,99,999,1016.3,11,12.5,999,99,99
2025,05,27,20,08,0,0,99,99,99,99,999,1016,11.3,12.7,999,99,99
2025,05,27,21,08,0,0,99,99,99,99,999,1015.8,11.5,12.7,999,99,99
2025,05,27,22,08,0,0,99,99,99,99,999,1015.5,12,13.5,999,99,99
2025,05,27,23,08,50,3.6,99,99,99,99,999,1015.2,12.2,13.7,999,99,99
2025,05,28,00,08,50,5.1,99,99,99,99,999,1015.2,12.4,13.9,999,99,99
2025,05,28,01,08,60,4.6,99,99,99,99,999,1015.2,12,13.9,999,99,99
2025,05,28,02,08,70,4.6,99,99,99,99,999,1015.2,11.7,13.9,999,99,99
2025,05,28,03,08,80,2.6,99,99,99,99,999,1015.3,11.7,13.9,999,99,99
2025,05,28,04,08,80,5.1,99,99,99,99,999,1015.6,11.8,13.9,999,99,99
2025,05,28,05,08,90,5.1,99,99,99,99,999,1016,12,13.8,999,99,99
2025,05,28,06,08,110,4.6,99,99,99,99,999,1016.1,11.7,13.7,999,99,99
2025,05,28,07,08,120,1.5,99,99,99,99,999,1015.9,11.4,13.6,999,99,99
2025,05,28,08,08,0,0,99,99,99,99,999,1015.7,11.2,13.5,999,99,99
2025,05,28,09,08,140,2.6,99,99,99,99,999,1015.5,11.6,13.4,999,99,99
2025,05,28,10,08,130,2.6,99,99,99,99,999,1015.5,11,13.3,999,99,99
2025,05,28,11,08,140,3.1,99,99,99,99,999,1015.4,10.6,13,999,99,99
2025,05,28,12,08,140,5.1,99,99,99,99,999,1015.5,10.8,12.9,999,99,99
2025,05,28,13,08,140,3.1,99,99,99,99,999,1015.6,10.9,12.8,999,99,99
2025,05,28,14,08,0,0,99,99,99,99,999,1015.6,11.3,12.7,999,99,99
2025,05,28,15,08,0,0,99,99,99,99,999,1015.7,11.1,12.7,999,99,99
2025,05,28,16,08,160,1,99,99,99,99,999,1016.1,11.1,12.8,999,99,99
2025,05,28,17,08,0,0,99,99,99,99,999,1016.1,11.5,13,999,99,99
2025,05,28,19,08,150,2.1,99,99,99,99,999,1016.9,11.8,13.2,999,99,99
2025,05,28,20,08,160,2.1,99,99,99,99,999,1016.3,12,13.2,999,99,99
2025,05,28,21,08,200,6.7,99,99,99,99,999,1016.1,12,13.1,999,99,99
2025,05,28,22,08,260,4.6,99,99,99,99,999,1015.8,12.4,13,999,99,99
2025,05,28,23,08,350,2.6,99,99,99,99,999,1015.4,12.4,12.9,999,99,99
2025,05,29,00,08,70,2.6,99,99,99,99,999,1015.2,12.8,13,999,99,99
2025,05,29,01,08,190,12.9,99,99,99,99,999,1014.8,12.7,13.3,999,99,99
2025,05,29,02,08,320,5.1,99,99,99,99,999,1015,12.7,13,999,99,99
2025,05,29,03,08,130,2.1,99,99,99,99,999,1015.8,12.7,12.8,999,99,99
2025,05,29,04,08,230,10.3,99,99,99,99,999,1016.1,12.5,12.6,999,99,99
2025,05,29,05,08,310,1,99,99,99,99,999,1016.6,12.5,12.5,999,99,99
2025,05,29,06,08,320,1,99,99,99,99,999,1017.1,12.1,12.4,999,99,99
2025,05,29,07,08,330,99,99,99,99,99,999,1017.1,11.9,12.2,999,99,99
2025,05,29,08,08,340,6.7,99,99,99,99,999,1017.2,11.7,11.9,999,99,99
2025,05,29,09,08,350,2.1,99,99,99,99,999,1017,11.5,11.8,999,99,99
2025,05,29,10,08,10,0.5,99,99,99,99,999,1017.1,11.3,11.6,999,99,99
2025,05,29,11,08,20,1,99,99,99,99,999,1016.8,11.3,11.5,999,99,99
2025,05,29,12,08,0,0,99,99,99,99,999,1017.1,11.3,11.3,999,99,99
2025,05,29,13,08,0,0,99,99,99,99,999,1017.2,11,11.3,999,99,99
2025,05,29,14,08,0,0,99,99,99,99,999,1017.5,11.3,11.5,999,99,99
2025,05,29,15,08,0,0,99,99,99,99,999,1017.9,10.9,11.3,999,99,99
2025,05,29,16,08,0,0,99,99,99,99,999,1017.8,11.5,12.4,999,99,99
2025,05,29,17,08,0,0,99,99,99,99,999,1017.9,12.1,13,999,99,99
2025,05,29,18,08,50,2.6,99,99,99,99,999,1017.8,12.2,13.4,999,99,99
2025,05,29,19,08,50,5.7,99,99,99,99,999,1017.7,12.4,13.7,999,99,99
2025,05,29,20,08,50,4.1,99,99,99,99,999,1017.4,12.8,13.6,999,99,99
2025,05,29,21,08,60,3.1,99,99,99,99,999,1016.5,12.7,13.5,999,99,99
2025,05,29,22,08,70,1,99,99,99,99,999,1015.9,12.6,12.8,999,99,99
2025,05,29,23,08,100,1,99,99,99,99,999,1015.1,12.4,12.4,999,99,99
2025,05,30,00,08,110,1,99,99,99,99,999,1014.6,12.3,11.8,999,99,99
2025,05,30,01,08,130,1.5,99,99,99,99,999,1014.2,12.5,11.7,999,99,99
2025,05,30,02,08,190,2.1,99,99,99,99,999,1014.3,12.2,12.1,999,99,99
2025,05,30,03,08,280,2.1,99,99,99,99,999,1014.7,11.8,12.2,999,99,99
2025,05,30,04,08,40,1,99,99,99,99,999,1014.9,11.4,12.1,999,99,99
2025,05,30,05,08,130,1.5,99,99,99,99,999,1015.7,11.2,12.1,999,99,99
2025,05,30,06,08,150,1,99,99,99,99,999,1016,11,11.8,999,99,99
2025,05,30,07,08,160,2.1,99,99,99,99,999,1016,10.9,11.7,999,99,99
2025,05,30,08,08,170,1,99,99,99,99,999,1015.9,11,11.4,999,99,99
2025,05,30,09,08,170,1.5,99,99,99,99,999,1015.5,10.7,11.3,999,99,99
2025,05,30,10,08,180,0.5,99,99,99,99,999,1015.2,10.4,11.3,999,99,99
2025,05,30,11,08,180,1,99,99,99,99,999,1015.2,10,11,999,99,99
2025,05,30,12,08,180,1,99,99,99,99,999,1015.3,10.2,11.2,999,99,99
2025,05,30,13,08,170,1,99,99,99,99,999,1015.5,10.2,11.1,999,99,99
2025,05,30,14,08,0,0,99,99,99,99,999,1015.8,10.3,11.1,999,99,99
2025,05,30,15,08,0,0,99,99,99,99,999,1016.1,10.2,11.1,999,99,99
2025,05,30,16,08,0,0,99,99,99,99,999,1016.5,9.8,11.1,999,99,99
2025,05,30,17,08,0,0,99,99,99,99,999,1016.3,10,11.2,999,99,99
2025,05,30,18,08,0,0,99,99,99,99,999,1016.5,10.1,11.7,999,99,99
2025,05,30,19,08,0,0,99,99,99,99,999,1016.2,10.5,11.7,999,99,99
2025,05,30,20,08,0,0,99,99,99,99,999,1016.3,10.7,11.5,999,99,99
2025,05,30,21,08,0,0,99,99,99,99,999,1015.9,11.6,12.1,999,99,99
2025,05,30,22,08,0,0,99,99,99,99,999,1014.5,12.1,11.8,999,99,99
2025,05,30,23,08,0,0,99,99,99,99,999,1014.3,12.3,11.9,999,99,99
2025,05,31,00,08,0,0,99,99,99,99,999,1014.1,11.9,12,999,99,99
2025,05,31,01,08,0,0,99,99,99,99,999,1013.7,11.1,11.5,999,99,99
2025,05,31,02,08,0,0,99,99,99,99,999,1013.9,10.9,11.8,999,99,99
2025,05,31,03,08,0,0,99,99,99,99,999,1013.9,10.7,11.5,999,99,99
2025,05,31,04,08,0,0,99,99,99,99,999,1013.7,10.4,11.1,999,99,99
2025,05,31,05,08,0,0,99,99,99,99,999,1014.3,10.7,10.9,999,99,99
2025,05,31,06,08,0,0,99,99,99,99,999,1014.4,10.8,11,999,99,99
2025,05,31,07,08,0,0,99,99,99,99,999,1014,10.4,11.2,999,99,99
2025,05,31,08,08,0,0,99,99,99,99,999,1013.6,10.6,11.5,999,99,99
2025,05,31,09,08,0,0,99,99,99,99,999,1013.3,10.3,11.5,999,99,99
2025,05,31,10,08,0,0,99,99,99,99,999,1013.2,10.1,11.4,999,99,99
2025,05,31,11,08,0,0,99,99,99,99,999,1013.3,10.6,11.4,999,99,99
2025,05,31,12,08,0,0,99,99,99,99,999,1013.2,10.6,11.4,999,99,99
2025,05,31,13,08,0,0,99,99,99,99,999,1013.2,10.4,11.4,999,99,99
2025,05,31,14,08,0,0,99,99,99,99,999,1013.6,9.9,11.4,999,99,99
2025,05,31,15,08,0,0,99,99,99,99,999,1014.2,10,11.4,999,99,99
2025,05,31,16,08,0,0,99,99,99,99,999,1015,10.6,11.1,999,99,99
2025,05,31,17,08,0,0,99,99,99,99,999,1015.3,10.2,11.1,999,99,99
2025,05,31,18,08,0,0,99,99,99,99,999,1015.6,10,11.2,999,99,99
2025,05,31,19,08,0,0,99,99,99,99,999,1015.5,11.4,12.1,999,99,99
2025,05,31,20,08,0,0,99,99,99,99,999,1014.2,12.1,11.9,999,99,99
2025,05,31,21,08,0,0,99,99,99,99,999,1013.9,12.6,12.2,999,99,99
2025,05,31,22,08,0,0,99,99,99,99,999,1013.5,12.7,12.2,999,99,99
2025,05,31,23,08,0,0,99,99,99,99,999,1013.2,12.7,11.6,999,99,99
2025,06,01,00,08,0,0,99,99,99,99,999,1012.7,13,11.9,999,99,99
2025,06,01,01,08,0,0,99,99,99,99,999,1012.4,13.2,11.8,999,99,99
2025,06,01,02,08,0,0,99,99,99,99,999,1012,13,11.5,999,99,99
2025,06,01,03,08,0,0,99,99,99,99,999,1012.2,12.6,11.6,999,99,99
2025,06,01,04,08,0,0,99,99,99,99,999,1012.1,12.6,11.4,999,99,99
2025,06,01,05,08,0,0,99,99,99,99,999,1012.5,12.5,11.9,999,99,99
2025,06,01,06,08,0,0,99,99,99,99,999,1012.8,12.7,12.1,999,99,99
2025,06,01,07,08,0,0,99,99,99,99,999,1012.7,12.6,11.9,999,99,99
2025,06,01,08,08,0,0,99,99,99,99,999,1012.2,12.4,12,999,99,99
2025,06,01,09,08,0,0,99,99,99,99,999,1012.1,12.3,12.1,999,99,99
2025,06,01,10,08,0,0,99,99,99,99,999,1012.2,12,11.9,999,99,99
2025,06,01,11,08,0,0,99,99,99,99,999,1012.3,11.7,11.7,999,99,99
2025,06,01,12,08,0,0,99,99,99,99,999,1012.6,11.9,11.4,999,99,99
2025,06,01,13,08,0,0,99,99,99,99,999,1012.7,11.7,11.4,999,99,99
2025,06,01,14,08,0,0,99,99,99,99,999,1013.2,11.6,11.5,999,99,99
2025,06,01,15,08,0,0,99,99,99,99,999,1013.6,11.6,11.6,999,99,99
2025,06,01,16,08,0,0,99,99,99,99,999,1014.1,11.8,11.5,999,99,99
2025,06,01,17,08,0,0,99,99,99,99,999,1014.1,11.8,11.5,999,99,99
2025,06,01,18,08,0,0,99,99,99,99,999,1014.3,11.7,11.5,999,99,99
2025,06,01,19,08,0,0,99,99,99,99,999,1014.2,11.8,12.6,999,99,99
2025,06,01,20,08,0,0,99,99,99,99,999,1014,12.2,12.9,999,99,99
2025,06,01,21,08,0,0,99,99,99,99,999,1013.7,12.2,12.6,999,99,99
2025,06,01,22,08,0,0,99,99,99,99,999,1013.1,12.4,12.6,999,99,99
2025,06,01,23,08,0,0,99,99,99,99,999,1012.7,12.4,12.2,999,99,99
2025,06,02,00,08,0,0,99,99,99,99,999,1012.3,12.4,12.2,999,99,99
2025,06,02,01,08,0,0,99,99,99,99,999,1011.9,12.6,12.1,999,99,99
2025,06,02,02,08,0,0,99,99,99,99,999,1011.7,12.5,12.2,999,99,99
2025,06,02,03,08,0,0,99,99,99,99,999,1011.8,12,12.1,999,99,99
2025,06,02,04,08,0,0,99,99,99,99,999,1011.8,12.1,12.1,999,99,99
2025,06,02,05,08,0,0,99,99,99,99,999,1012.1,12,11.9,999,99,99
2025,06,02,06,08,0,0,99,99,99,99,999,1012.2,12.1,12.3,999,99,99
2025,06,02,07,08,0,0,99,99,99,99,999,1012,12.2,12,999,99,99
2025,06,02,08,08,0,0,99,99,99,99,999,1011.8,12.4,12.2,999,99,99
2025,06,02,09,08,0,0,99,99,99,99,999,1011.6,12.7,13.2,999,99,99
2025,06,02,10,08,0,0,99,99,99,99,999,1011.3,13,14,999,99,99
2025,06,02,11,08,0,0,99,99,99,99,999,1011.3,13,14.1,999,99,99
2025,06,02,12,08,0,0,99,99,99,99,999,1011.4,12.6,13.6,999,99,99
2025,06,02,13,08,0,0,99,99,99,99,999,1012.1,12.5,13.5,999,99,99
2025,06,02,14,08,0,0,99,99,99,99,999,1012.7,12.4,13.5,999,99,99
2025,06,02,15,08,0,0,99,99,99,99,999,1013.3,12.7,14.1,999,99,99
2025,06,02,16,08,0,0,99,99,99,99,999,1014.2,13,13.7,999,99,99
2025,06,02,17,08,0,0,99,99,99,99,999,1014.1,13.2,14.1,999,99,99
2025,06,02,18,08,0,0,99,99,99,99,999,1014.6,13.4,14.1,999,99,99
2025,06,02,19,08,0,0,99,99,99,99,999,1014.5,13.4,14.3,999,99,99
2025,06,02,20,08,0,0,99,99,99,99,999,1014.7,13.7,14.4,999,99,99
2025,06,02,21,08,350,1,99,99,99,99,999,1014.8,13.8,14.6,999,99,99
2025,06,02,22,08,0,0,99,99,99,99,999,1014.7,14.2,14.8,999,99,99
2025,06,02,23,08,0,0,99,99,99,99,999,1014.5,14.5,14.8,999,99,99
2025,06,03,00,08,0,0,99,99,99,99,999,1014.2,14.2,14.6,999,99,99
2025,06,03,01,08,0,0,99,99,99,99,999,1014,14.4,14.9,999,99,99
2025,06,03,02,08,0,0,99,99,99,99,999,1014.1,14.4,14.8,999,99,99
2025,06,03,03,08,0,0,99,99,99,99,999,1014.3,14.2,14.7,999,99,99
2025,06,03,04,08,0,0,99,99,99,99,999,1014.6,13.9,14.5,999,99,99
2025,06,03,05,08,0,0,99,99,99,99,999,1015.3,13.4,14.5,999,99,99
2025,06,03,06,08,0,0,99,99,99,99,999,1015.6,13.4,14.2,999,99,99
2025,06,03,07,08,0,0,99,99,99,99,999,1015.6,13.2,14.1,999,99,99
2025,06,03,08,08,0,0,99,99,99,99,999,1015.2,12.8,14.3,999,99,99
2025,06,03,09,08,0,0,99,99,99,99,999,1015.1,13.1,14.5,999,99,99
2025,06,03,10,08,0,0,99,99,99,99,999,1015.1,13.1,14.4,999,99,99
2025,06,03,11,08,0,0,99,99,99,99,999,1015,12.9,14,999,99,99
2025,06,03,12,08,0,0,99,99,99,99,999,1015.3,12.9,13.8,999,99,99
2025,06,03,13,08,0,0,99,99,99,99,999,1015.6,12.7,13.6,999,99,99
2025,06,03,14,08,0,0,99,99,99,99,999,1015.8,13,13.5,999,99,99
2025,06,03,15,08,0,0,99,99,99,99,999,1015.9,13.4,13.5,999,99,99
2025,06,03,16,08,0,0,99,99,99,99,999,1016.3,13.2,13.6,999,99,99
2025,06,03,17,08,0,0,99,99,99,99,999,1016.5,13.5,13.7,999,99,99
2025,06,03,18,08,0,0,99,99,99,99,999,1016.5,13.2,13.5,999,99,99
2025,06,03,19,08,0,0,99,99,99,99,999,1016.3,13.4,13.7,999,99,99
2025,06,03,20,08,0,0,99,99,99,99,999,1015.8,13.7,14,999,99,99
2025,06,03,21,08,0,0,99,99,99,99,999,1015.2,14,14.7,999,99,99
2025,06,03,22,08,0,0,99,99,99,99,999,1014.9,14,14.8,999,99,99
2025,06,03,23,08,0,0,99,99,99,99,999,1014.3,14.2,14.4,999,99,99
2025,06,04,00,08,0,0,99,99,99,99,999,1013.8,14.1,14.3,999,99,99
2025,06,04,01,08,0,0,99,99,99,99,999,1013.2,13.9,14.3,999,99,99
2025,06,04,02,08,0,0,99,99,99,99,999,1012.7,13.6,14.3,999,99,99
2025,06,04,03,08,0,0,99,99,99,99,999,1012.6,13.4,14.5,999,99,99
2025,06,04,04,08,0,0,99,99,99,99,999,1012.6,13.2,14.1,999,99,99
2025,06,04,05,08,0,0,99,99,99,99,999,1013,13,13.8,999,99,99
2025,06,04,06,08,0,0,99,99,99,99,999,1012.9,12.8,13.7,999,99,99
2025,06,04,07,08,0,0,99,99,99,99,999,1012.6,12.6,13.5,999,99,99
2025,06,04,08,08,0,0,99,99,99,99,999,1012.2,12.5,13.5,999,99,99
2025,06,04,09,08,0,0,99,99,99,99,999,1012,12.3,13.5,999,99,99
2025,06,04,10,08,0,0,99,99,99,99,999,1011.8,12.1,13.4,999,99,99
2025,06,04,11,08,0,0,99,99,99,99,999,1011.7,12.3,13.3,999,99,99
2025,06,04,12,08,0,0,99,99,99,99,999,1011.5,12.3,13.4,999,99,99
2025,06,04,13,08,0,0,99,99,99,99,999,1011.7,12.3,13.4,999,99,99
2025,06,04,14,08,0,0,99,99,99,99,999,1012,12.2,13.6,999,99,99
2025,06,04,15,08,0,0,99,99,99,99,999,1012.1,12.1,13.7,999,99,99
2025,06,04,16,08,0,0,99,99,99,99,999,1012.2,12.1,13.7,999,99,99
2025,06,04,17,08,0,0,99,99,99,99,999,1012.3,12.2,13.9,999,99,99
2025,06,04,18,08,0,0,99,99,99,99,999,1012.4,12.7,14,999,99,99
2025,06,04,19,08,0,0,99,99,99,99,999,1012.7,13.1,14.1,999,99,99
2025,06,04,20,08,0,0,99,99,99,99,999,1012.7,13.4,14.3,999,99,99
2025,06,04,21,08,0,0,99,99,99,99,999,1012.4,13.4,14.6,999,99,99
2025,06,04,22,08,0,0,99,99,99,99,999,1012,13.6,14.8,999,99,99
2025,06,04,23,08,0,0,99,99,99,99,999,1011.9,13.6,14.8,999,99,99
2025,06,05,00,08,0,0,99,99,99,99,999,1011.6,13.9,14.9,999,99,99
2025,06,05,01,08,0,0,99,99,99,99,999,1011.5,13.7,14.7,999,99,99
2025,06,05,02,08,0,0,99,99,99,99,999,1011.4,13.6,14.9,999,99,99
2025,06,05,03,08,0,0,99,99,99,99,999,1011.5,13.4,14.9,999,99,99
2025,06,05,04,08,0,0,99,99,99,99,999,1011.6,13.4,15,999,99,99
2025,06,05,05,08,0,0,99,99,99,99,999,1011.9,13.4,14.8,999,99,99
2025,06,05,06,08,0,0,99,99,99,99,999,1011.9,13.4,14.6,999,99,99
2025,06,05,07,08,0,0,99,99,99,99,999,1011.9,13.4,14.6,999,99,99
2025,06,05,08,08,0,0,99,99,99,99,999,1011.6,13.4,14.6,999,99,99
2025,06,05,09,08,0,0,99,99,99,99,999,1011.6,13.4,14.6,999,99,99
2025,06,05,10,08,0,0,99,99,99,99,999,1011.4,13.3,14.6,999,99,99
2025,06,05,11,08,0,0,99,99,99,99,999,1011.4,13.2,14.6,999,99,99
2025,06,05,12,08,0,0,99,99,99,99,999,1011.5,13.1,14.6,999,99,99
2025,06,05,13,08,0,0,99,99,99,99,999,1011.7,13.1,14.5,999,99,99
2025,06,05,14,08,0,0,99,99,99,99,999,1012.3,13.2,14.7,999,99,99
2025,06,05,15,08,0,0,99,99,99,99,999,1012.5,13.2,14.6,999,99,99
2025,06,05,16,08,0,0,99,99,99,99,999,1013,13,14.7,999,99,99
2025,06,05,17,08,0,0,99,99,99,99,999,1013.1,13.2,14.8,999,99,99
2025,06,05,18,08,0,0,99,99,99,99,999,1013.3,13.5,14.7,999,99,99
2025,06,05,19,08,0,0,99,99,99,99,999,1013.4,13.6,14.8,999,99,99
2025,06,05,20,08,0,0,99,99,99,99,999,1013.4,13.5,14.6,999,99,99
2025,06,05,21,08,0,0,99,99,99,99,999,1013.3,13.9,14.7,999,99,99
2025,06,05,22,08,0,0,99,99,99,99,999,1012.9,13.7,14.9,999,99,99
2025,06,05,23,08,0,0,99,99,99,99,999,1012.7,13.8,15,999,99,99
2025,06,06,00,08,0,0,99,99,99,99,999,1012.3,14,14.9,999,99,99
2025,06,06,01,08,0,0,99,99,99,99,999,1011.9,14,15,999,99,99
2025,06,06,02,08,0,0,99,99,99,99,999,1011.8,13.9,15,999,99,99
2025,06,06,03,08,0,0,99,99,99,99,999,1011.9,13.9,14.9,999,99,99
2025,06,06,04,08,0,0,99,99,99,99,999,1012,14,14.8,999,99,99
2025,06,06,05,08,0,0,99,99,99,99,999,1012.6,13.9,15,999,99,99
2025,06,06,06,08,0,0,99,99,99,99,999,1012.8,13.8,14.9,999,99,99
2025,06,06,07,08,0,0,99,99,99,99,999,1012.5,13.7,14.8,999,99,99
2025,06,06,08,08,0,0,99,99,99,99,999,1012.4,13.6,14.8,999,99,99
2025,06,06,09,08,0,0,99,99,99,99,999,1012.2,13.5,14.7,999,99,99
2025,06,06,10,08,0,0,99,99,99,99,999,1012.1,13.4,14.6,999,99,99
2025,06,06,11,08,0,0,99,99,99,99,999,1012.3,13.2,14.5,999,99,99
2025,06,06,12,08,0,0,99,99,99,99,999,1012.4,13.3,14.5,999,99,99
2025,06,06,13,08,0,0,99,99,99,99,999,1012.7,13.1,14.5,999,99,99
2025,06,06,14,08,0,0,99,99,99,99,999,1013.2,13.1,14.5,999,99,99
2025,06,06,15,08,0,0,99,99,99,99,999,1013.5,13.2,14.5,999,99,99
2025,06,06,16,08,0,0,99,99,99,99,999,1014,13.3,14.6,999,99,99
2025,06,06,17,08,0,0,99,99,99,99,999,1014.4,13.4,14.6,999,99,99
2025,06,06,18,08,0,0,99,99,99,99,999,1014.5,13.6,14.8,999,99,99
2025,06,06,19,08,0,0,99,99,99,99,999,1014.6,13.8,14.9,999,99,99
2025,06,06,20,08,0,0,99,99,99,99,999,1014.6,14,15,999,99,99
2025,06,06,21,08,0,0,99,99,99,99,999,1014.4,14.1,15,999,99,99
2025,06,06,22,08,0,0,99,99,99,99,999,1014,14.2,15,999,99,99
2025,06,06,23,08,0,0,99,99,99,99,999,1013.8,14.2,15.1,999,99,99
2025,06,07,00,08,0,0,99,99,99,99,999,1013.5,14.4,15.1,999,99,99
2025,06,07,01,08,0,0,99,99,99,99,999,1013.2,14.3,15.1,999,99,99
2025,06,07,02,08,0,0,99,99,99,99,999,1013.2,14.2,15,999,99,99
2025,06,07,03,08,0,0,99,99,99,99,999,1013.4,14.1,15,999,99,99
2025,06,07,04,08,0,0,99,99,99,99,999,1013.8,14,14.9,999,99,99
2025,06,07,05,08,0,0,99,99,99,99,999,1014.2,14.1,14.9,999,99,99
2025,06,07,06,08,0,0,99,99,99,99,999,1014.2,13.9,14.8,999,99,99
2025,06,07,07,08,0,0,99,99,99,99,999,1014.3,13.8,14.8,999,99,99
2025,06,07,08,08,0,0,99,99,99,99,999,1014.4,13.7,14.7,999,99,99
2025,06,07,09,08,0,0,99,99,99,99,999,1014.1,13.4,14.7,999,99,99
2025,06,07,10,08,0,0,99,99,99,99,999,1014,13.5,14.6,999,99,99
2025,06,07,11,08,0,0,99,99,99,99,999,1014.1,13.3,14.5,999,99,99
2025,06,07,12,08,0,0,99,99,99,99,999,1014.5,13.3,14.5,999,99,99
2025,06,07,13,08,0,0,99,99,99,99,999,1014.9,13.4,14.5,999,99,99
2025,06,07,14,08,0,0,99,99,99,99,999,1015.6,13.3,14.5,999,99,99
2025,06,07,15,08,0,0,99,99,99,99,999,1015.9,13.3,14.6,999,99,99
2025,06,07,16,08,0,0,99,99,99,99,999,1016.3,13.5,14.7,999,99,99
2025,06,07,17,08,0,0,99,99,99,99,999,1016.2,13.5,14.7,999,99,99
2025,06,07,18,08,0,0,99,99,99,99,999,1016.2,13.7,14.6,999,99,99
2025,06,07,19,08,0,0,99,99,99,99,999,1016.3,13.8,14.6,999,99,99
2025,06,07,20,08,0,0,99,99,99,99,999,1016.1,13.8,14.6,999,99,99
2025,06,07,21,08,0,0,99,99,99,99,999,1015.9,13.9,14.8,999,99,99
2025,06,07,22,08,0,0,99,99,99,99,999,1015.6,13.9,14.9,999,99,99
2025,06,07,23,08,0,0,99,99,99,99,999,1015.5,14.1,14.9,999,99,99
2025,06,08,00,08,0,0,99,99,99,99,999,1015.4,14.2,14.9,999,99,99
2025,06,08,01,08,0,0,99,99,99,99,999,1015.3,14.2,14.7,999,99,99
2025,06,08,02,08,0,0,99,99,99,99,999,1015.7,14.1,14.7,999,99,99
2025,06,08,03,08,0,0,99,99,99,99,999,1016.1,14,14.7,999,99,99
2025,06,08,04,08,0,0,99,99,99,99,999,1016.1,13.7,14.7,999,99,99
2025,06,08,05,08,0,0,99,99,99,99,999,1016.4,13.5,14.7,999,99,99
2025,06,08,06,08,0,0,99,99,99,99,999,1016.6,13.7,14.6,999,99,99
2025,06,08,07,08,0,0,99,99,99,99,999,1016.5,13.4,14.5,999,99,99
2025,06,08,08,08,0,0,99,99,99,99,999,1016.1,13.3,14.4,999,99,99
2025,06,08,09,08,0,0,99,99,99,99,999,1016,13,14,999,99,99
2025,06,08,10,08,0,0,99,99,99,99,999,1015.6,12.8,13.9,999,99,99
2025,06,08,11,08,0,0,99,99,99,99,999,1015.2,12.9,13.8,999,99,99
2025,06,08,12,08,0,0,99,99,99,99,999,1015.2,12.7,14,999,99,99
2025,06,08,13,08,0,0,99,99,99,99,999,1015.3,12.9,14,999,99,99
2025,06,08,14,08,0,0,99,99,99,99,999,1015.8,12.9,14,999,99,99
2025,06,08,15,08,0,0,99,99,99,99,999,1016,13.1,14,999,99,99
2025,06,08,16,08,0,0,99,99,99,99,999,1016.5,13.2,14.2,999,99,99
2025,06,08,17,08,0,0,99,99,99,99,999,1016.4,13.3,14.3,999,99,99
2025,06,08,18,08,0,0,99,99,99,99,999,1016.5,13.4,14.5,999,99,99
2025,06,08,19,08,0,0,99,99,99,99,999,1016.6,13.5,14.5,999,99,99
2025,06,08,20,08,0,0,99,99,99,99,999,1016.6,13.9,14.6,999,99,99
2025,06,08,21,08,0,0,99,99,99,99,999,1016.1,14.1,14.6,999,99,99
2025,06,08,22,08,0,0,99,99,99,99,999,1015.8,14.1,14.7,999,99,99
2025,06,08,23,08,0,0,99,99,99,99,999,1015.7,13.8,14.7,999,99,99
2025,06,09,00,08,0,0,99,99,99,99,999,1015.6,13.5,14.6,999,99,99
2025,06,09,01,08,0,0,99,99,99,99,999,1015.2,13.9,14.6,999,99,99
2025,06,09,02,08,0,0,99,99,99,99,999,1015.2,13.7,14.6,999,99,99
2025,06,09,03,08,0,0,99,99,99,99,999,1014.8,13.4,14.5,999,99,99
2025,06,09,04,08,0,0,99,99,99,99,999,1014.5,13.1,14.5,999,99,99
2025,06,09,05,08,0,0,99,99,99,99,999,1014.8,12.5,14.5,999,99,99
2025,06,09,06,08,0,0,99,99,99,99,999,1014.7,12.4,14.5,999,99,99
2025,06,09,07,08,0,0,99,99,99,99,999,1014.4,11.9,14.5,999,99,99
2025,06,09,08,08,0,0,99,99,99,99,999,1014.3,11.7,14.5,999,99,99
2025,06,09,09,08,0,0,99,99,99,99,999,1014.5,11.8,14.5,999,99,99
2025,06,09,10,08,0,0,99,99,99,99,999,1014.5,11.8,14.5,999,99,99
2025,06,09,11,08,0,0,99,99,99,99,999,1014.2,11.8,14.4,999,99,99
2025,06,09,12,08,0,0,99,99,99,99,999,1013.9,12,14.5,999,99,99
2025,06,09,13,08,0,0,99,99,99,99,999,1013.7,12.2,14.5,999,99,99
2025,06,09,14,08,0,0,99,99,99,99,999,1014.1,12.2,14.6,999,99,99
2025,06,09,15,08,0,0,99,99,99,99,999,1014.3,12.3,14.7,999,99,99
2025,06,09,16,08,0,0,99,99,99,99,999,1014.8,12.3,14.6,999,99,99
2025,06,09,17,08,0,0,99,99,99,99,999,1014.9,12.3,14.6,999,99,99
2025,06,09,18,08,0,0,99,99,99,99,999,1015.3,12.6,14.4,999,99,99
2025,06,09,19,08,0,0,99,99,99,99,999,1015.3,12.7,14.4,999,99,99
2025,06,09,20,08,0,0,99,99,99,99,999,1015,13,14.5,999,99,99
2025,06,09,21,08,0,0,99,99,99,99,999,1014.9,13.2,14.6,999,99,99
2025,06,09,22,08,0,0,99,99,99,99,999,1014.7,13.5,14.5,999,99,99
2025,06,09,23,08,0,0,99,99,99,99,999,1014.3,13.5,14.5,999,99,99
2025,06,10,00,08,0,0,99,99,99,99,999,1014,13.6,14.6,999,99,99
2025,06,10,01,08,0,0,99,99,99,99,999,1013.8,13.5,14.6,999,99,99
2025,06,10,02,08,170,1,99,99,99,99,999,1013.7,13.1,14.4,999,99,99
2025,06,10,03,08,0,0,99,99,99,99,999,1014.1,13,14.6,999,99,99
2025,06,10,04,08,0,0,99,99,99,99,999,1014,13.1,14.5,999,99,99
2025,06,10,05,08,0,0,99,99,99,99,999,1014.4,13.1,14.3,999,99,99
2025,06,10,06,08,0,0,99,99,99,99,999,1014.5,13,14.2,999,99,99
2025,06,10,07,08,0,0,99,99,99,99,999,1014.4,13,14.1,999,99,99
2025,06,10,08,08,0,0,99,99,99,99,999,1014.6,12.7,14.1,999,99,99
2025,06,10,09,08,0,0,99,99,99,99,999,1014.4,12.2,14.1,999,99,99
2025,06,10,10,08,280,1.5,99,99,99,99,999,1014.4,12,14.2,999,99,99
2025,06,10,11,08,190,0.5,99,99,99,99,999,1014.4,12,14.1,999,99,99
2025,06,10,12,08,220,1,99,99,99,99,999,1014.3,12.4,14,999,99,99
2025,06,10,13,08,160,0.5,99,99,99,99,999,1014.5,12.2,13.9,999,99,99
2025,06,10,14,08,0,0,99,99,99,99,999,1015.2,12.4,13.9,999,99,99
2025,06,10,15,08,0,0,99,99,99,99,999,1015,12.2,14,999,99,99
2025,06,10,16,08,0,0,99,99,99,99,999,1015.4,12.4,14,999,99,99
2025,06,10,17,08,70,1,99,99,99,99,999,1015.6,12.6,14.3,999,99,99
2025,06,10,18,08,60,1,99,99,99,99,999,1015.8,12.8,14.5,999,99,99
2025,06,10,19,08,0,0,99,99,99,99,999,1016.2,13,14.4,999,99,99
2025,06,10,19,58,20,0.5,99,99,99,99,999,1016.1,13,14.4,999,99,99
2025,06,10,20,58,10,0.5,99,99,99,99,999,1015.7,13.2,14.2,999,99,99
2025,06,10,21,58,230,0.5,99,99,99,99,999,1015.4,13.1,13.8,999,99,99
2025,06,10,22,58,0,0,99,99,99,99,999,1015,13.3,13.7,999,99,99
2025,06,10,23,58,0,0,99,99,99,99,999,1014.8,13.2,13.5,999,99,99
2025,06,11,00,58,120,1,99,99,99,99,999,1014.5,12.8,13.2,999,99,99
2025,06,11,01,58,60,1,99,99,99,99,999,1014.7,12.6,13,999,99,99
2025,06,11,02,58,160,0.5,99,99,99,99,999,1014.8,12.3,12.8,999,99,99
2025,06,11,03,58,0,0,99,99,99,99,999,1014.6,12.3,12.7,999,99,99
2025,06,11,04,58,0,0,99,99,99,99,999,1015.2,12.3,12.7,999,99,99
2025,06,11,05,58,340,0.5,99,99,99,99,999,1015.7,12.1,12.7,999,99,99
2025,06,11,06,58,0,0,99,99,99,99,999,1015.6,12,12.6,999,99,99
2025,06,11,08,18,0,0,99,99,99,99,999,1015.5,12,12.7,999,99,99
2025,06,11,09,08,0,0,99,99,99,99,999,1015.3,12,12.8,999,99,99
2025,06,11,10,08,0,0,99,99,99,99,999,1015.3,11.7,13,999,99,99
2025,06,11,11,08,0,0,99,99,99,99,999,1014.9,11.6,13,999,99,99
2025,06,11,12,08,0,0,99,99,99,99,999,1015.3,11.7,13.1,999,99,99
2025,06,11,13,08,0,0,99,99,99,99,999,1015,11.6,13.1,999,99,99
2025,06,11,14,08,0,0,99,99,99,99,999,1015.6,11.5,13.2,999,99,99
2025,06,11,15,08,0,0,99,99,99,99,999,1016,11.5,13.3,999,99,99
2025,06,11,16,08,0,0,99,99,99,99,999,1016.1,12,13.2,999,99,99
2025,06,11,17,08,0,0,99,99,99,99,999,1016.2,12,13,999,99,99
2025,06,11,18,08,0,0,99,99,99,99,999,1016.4,12.2,12.9,999,99,99
2025,06,11,19,08,0,0,99,99,99,99,999,1016.6,12.3,12.8,999,99,99
2025,06,11,20,08,0,0,99,99,99,99,999,1016.3,12.3,12.8,999,99,99
2025,06,11,21,08,0,0,99,99,99,99,999,1016.1,12.4,12.8,999,99,99
2025,06,11,22,08,310,1,99,99,99,99,999,1015.7,12.5,12.8,999,99,99
2025,06,11,23,08,160,0.5,99,99,99,99,999,1015.3,12.5,12.8,999,99,99
2025,06,12,00,08,160,1,99,99,99,99,999,1014.9,12.5,12.5,999,99,99
2025,06,12,01,08,130,1,99,99,99,99,999,1014.4,12.5,12.5,999,99,99
2025,06,12,02,08,50,0.5,99,99,99,99,999,1014.1,12.3,12.5,999,99,99
2025,06,12,03,08,150,1,99,99,99,99,999,1014,12.1,12.4,999,99,99
2025,06,12,04,08,160,0.5,99,99,99,99,999,1014.2,12,12.3,999,99,99
2025,06,12,05,08,0,0,99,99,99,99,999,1014.8,12.1,12.2,999,99,99
2025,06,12,06,08,0,0,99,99,99,99,999,1014.7,12,12.2,999,99,99
2025,06,12,07,08,0,0,99,99,99,99,999,1014.4,11.9,12.1,999,99,99
2025,06,12,08,08,0,0,99,99,99,99,999,1014.3,11.9,12.1,999,99,99
2025,06,12,09,08,0,0,99,99,99,99,999,1014.4,12,12.2,999,99,99
2025,06,12,10,08,0,0,99,99,99,99,999,1013.9,11.9,12.3,999,99,99
2025,06,12,11,08,0,0,99,99,99,99,999,1013.8,11.9,12.3,999,99,99
2025,06,12,12,08,0,0,99,99,99,99,999,1013.9,11.8,12.4,999,99,99
2025,06,12,13,08,0,0,99,99,99,99,999,1014.1,11.6,12.4,999,99,99
2025,06,12,14,08,0,0,99,99,99,99,999,1014.4,11.6,12.4,999,99,99
2025,06,12,15,08,0,0,99,99,99,99,999,1014.7,11.8,12.4,999,99,99
2025,06,12,16,08,0,0,99,99,99,99,999,1014.9,11.9,12.4,999,99,99
2025,06,12,17,08,0,0,99,99,99,99,999,1014.8,11.9,12.4,999,99,99
2025,06,12,18,08,0,0,99,99,99,99,999,1014.9,12,12.4,999,99,99
2025,06,12,19,08,0,0,99,99,99,99,999,1014.6,12,12.3,999,99,99
2025,06,12,20,08,0,0,99,99,99,99,999,1014.3,11.9,12.2,999,99,99
2025,06,12,21,08,260,1,99,99,99,99,999,1014,12,12.2,999,99,99
2025,06,12,22,08,0,0,99,99,99,99,999,1013.8,12.1,12.1,999,99,99
2025,06,12,23,08,0,0,99,99,99,99,999,1013.6,12.1,11.9,999,99,99
2025,06,13,00,08,0,0,99,99,99,99,999,1013.1,12.1,11.9,999,99,99
2025,06,13,01,08,70,0.5,99,99,99,99,999,1012.7,12.1,11.7,999,99,99
2025,06,13,02,08,0,0,99,99,99,99,999,1012.7,12.1,11.7,999,99,99
2025,06,13,03,08,190,0.5,99,99,99,99,999,1012.7,12,11.6,999,99,99
2025,06,13,04,08,0,0,99,99,99,99,999,1012.8,11.8,11.5,999,99,99
2025,06,13,05,08,0,0,99,99,99,99,999,1013.4,11.6,11.5,999,99,99
2025,06,13,06,08,0,0,99,99,99,99,999,1013.8,11.5,11.4,999,99,99
2025,06,13,07,08,0,0,99,99,99,99,999,1013.7,11.5,11.4,999,99,99
2025,06,13,07,58,30,0.5,99,99,99,99,999,1013.7,11.4,11.6,999,99,99
2025,06,13,08,58,0,0,99,99,99,99,999,1013.5,11.4,12,999,99,99
2025,06,13,09,58,0,0,99,99,99,99,999,1013.6,11.3,12.2,999,99,99
2025,06,13,10,58,0,0,99,99,99,99,999,1013.6,11.2,12.1,999,99,99
2025,06,13,11,58,0,0,99,99,99,99,999,1013.5,11,12.3,999,99,99
2025,06,13,12,58,0,0,99,99,99,99,999,1013.7,11,12.2,999,99,99
2025,06,13,13,58,0,0,99,99,99,99,999,1014,11.1,12.2,999,99,99
2025,06,13,14,58,0,0,99,99,99,99,999,1014.1,11,12.2,999,99,99
2025,06,13,15,58,100,1,99,99,99,99,999,1014.5,11.2,12.3,999,99,99
2025,06,13,16,58,0,0,99,99,99,99,999,1014.7,11.4,12.3,999,99,99
2025,06,13,17,58,110,0.5,99,99,99,99,999,1014.9,11.3,12.5,999,99,99
2025,06,13,18,58,130,1,99,99,99,99,999,1015,11.3,12.5,999,99,99
2025,06,13,20,18,130,0.5,99,99,99,99,999,1014.5,11.5,12.5,999,99,99
2025,06,13,21,08,150,1,99,99,99,99,999,1014,11.6,12.4,999,99,99
2025,06,13,22,08,160,1,99,99,99,99,999,1014,11.9,12.2,999,99,99
2025,06,13,23,08,180,0.5,99,99,99,99,999,1013.5,11.9,11.9,999,99,99
2025,06,14,00,08,0,0,99,99,99,99,999,1012.9,12.2,11.8,999,99,99
2025,06,14,01,08,0,0,99,99,99,99,999,1012.7,12.2,11.7,999,99,99
2025,06,14,02,08,360,0.5,99,99,99,99,999,1012.8,12.3,11.6,999,99,99
2025,06,14,03,08,20,1,99,99,99,99,999,1012.4,12,11.5,999,99,99
2025,06,14,04,08,0,0,99,99,99,99,999,1013,11.8,11.5,999,99,99
2025,06,14,05,08,0,0,99,99,99,99,999,1013.6,11.7,11.5,999,99,99
2025,06,14,06,08,0,0,99,99,99,99,999,1014,11.6,11.5,999,99,99
2025,06,14,07,08,0,0,99,99,99,99,999,1014.2,11.6,11.5,999,99,99
2025,06,14,08,08,0,0,99,99,99,99,999,1013.8,11.5,11.6,999,99,99
2025,06,14,09,08,0,0,99,99,99,99,999,1013.9,11.5,11.9,999,99,99
2025,06,14,10,08,0,0,99,99,99,99,999,1014,11.5,12.4,999,99,99
2025,06,14,11,08,0,0,99,99,99,99,999,1013.9,11.4,12.5,999,99,99
2025,06,14,12,08,0,0,99,99,99,99,999,1014.1,11.4,12.4,999,99,99
2025,06,14,13,08,0,0,99,99,99,99,999,1014.2,11.2,12.4,999,99,99
2025,06,14,14,08,0,0,99,99,99,99,999,1014.6,11.3,12.4,999,99,99
2025,06,14,15,08,0,0,99,99,99,99,999,1015.4,11.3,12.4,999,99,99
2025,06,14,16,08,0,0,99,99,99,99,999,1015.6,11.5,12.4,999,99,99
2025,06,14,17,08,0,0,99,99,99,99,999,1015.5,11.6,12.4,999,99,99
2025,06,14,18,08,0,0,99,99,99,99,999,1015.7,11.6,12.4,999,99,99
2025,06,14,19,08,0,0,99,99,99,99,999,1016,11.8,12.4,999,99,99
2025,06,14,20,08,110,1,99,99,99,99,999,1015.8,11.9,12.5,999,99,99
2025,06,14,21,08,140,1.5,99,99,99,99,999,1015.6,12,12.2,999,99,99
2025,06,14,22,08,180,0.5,99,99,99,99,999,1015.5,12,12.2,999,99,99
2025,06,14,23,08,190,0.5,99,99,99,99,999,1015.4,12.2,12.2,999,99,99
2025,06,15,00,08,210,0.5,99,99,99,99,999,1015,12.1,12,999,99,99
2025,06,15,01,08,0,0,99,99,99,99,999,1014.8,12.2,12,999,99,99
2025,06,15,02,08,0,0,99,99,99,99,999,1014.7,12,12,999,99,99
2025,06,15,03,08,0,0,99,99,99,99,999,1014.7,11.9,12,999,99,99
2025,06,15,04,08,0,0,99,99,99,99,999,1014.7,11.6,12,999,99,99
2025,06,15,05,08,90,0.5,99,99,99,99,999,1015.2,11.5,11.8,999,99,99
2025,06,15,06,08,0,0,99,99,99,99,999,1015.5,11.4,11.9,999,99,99
2025,06,15,07,08,0,0,99,99,99,99,999,1015.5,11.5,11.8,999,99,99
2025,06,15,08,08,0,0,99,99,99,99,999,1015.5,11.2,11.8,999,99,99
2025,06,15,09,08,0,0,99,99,99,99,999,1015.2,11.1,11.7,999,99,99
2025,06,15,10,08,0,0,99,99,99,99,999,1015.3,11,11.7,999,99,99
2025,06,15,11,08,0,0,99,99,99,99,999,1015.2,10.9,11.6,999,99,99
2025,06,15,12,08,0,0,99,99,99,99,999,1015.4,10.8,11.6,999,99,99
2025,06,15,13,08,0,0,99,99,99,99,999,1015.3,10.5,11.6,999,99,99
2025,06,15,14,08,0,0,99,99,99,99,999,1015.8,10.8,11.7,999,99,99
2025,06,15,15,08,0,0,99,99,99,99,999,1016,10.3,11.7,999,99,99
2025,06,15,16,08,0,0,99,99,99,99,999,1016.3,10.5,11.7,999,99,99
2025,06,15,17,08,0,0,99,99,99,99,999,1016.4,10.4,11.9,999,99,99
2025,06,15,18,08,0,0,99,99,99,99,999,1016.6,11.4,12.4,999,99,99
2025,06,15,19,08,0,0,99,99,99,99,999,1016.7,11.7,12.3,999,99,99
2025,06,15,20,08,0,0,99,99,99,99,999,1016.7,11.8,12.5,999,99,99
2025,06,15,21,08,60,0.5,99,99,99,99,999,1016.5,11.8,12.4,999,99,99
2025,06,15,22,08,90,0.5,99,99,99,99,999,1016.1,11.7,12.4,999,99,99
2025,06,15,23,08,0,0,99,99,99,99,999,1015.8,11.6,12.4,999,99,99
2025,06,16,00,08,150,1,99,99,99,99,999,1015.7,11.7,12.4,999,99,99
2025,06,16,01,08,0,0,99,99,99,99,999,1015.3,11.7,12.3,999,99,99
2025,06,16,02,08,180,1,99,99,99,99,999,1014.7,11.5,12.2,999,99,99
2025,06,16,03,08,220,0.5,99,99,99,99,999,1014.8,11.6,12,999,99,99
2025,06,16,04,08,220,0.5,99,99,99,99,999,1014.9,11.5,12,999,99,99
2025,06,16,05,08,0,0,99,99,99,99,999,1015.9,11.4,11.9,999,99,99
2025,06,16,06,08,270,0.5,99,99,99,99,999,1016.2,11.2,11.8,999,99,99
2025,06,16,07,08,0,0,99,99,99,99,999,1016.1,11.2,11.8,999,99,99
2025,06,16,08,08,0,0,99,99,99,99,999,1016,11,11.8,999,99,99
2025,06,16,09,08,0,0,99,99,99,99,999,1015.7,11,11.7,999,99,99
2025,06,16,10,08,0,0,99,99,99,99,999,1015.5,11,11.7,999,99,99
2025,06,16,11,08,0,0,99,99,99,99,999,1015.9,10.8,11.6,999,99,99
2025,06,16,12,08,0,0,99,99,99,99,999,1016.1,10.7,11.5,999,99,99
2025,06,16,13,08,270,0.5,99,99,99,99,999,1016.5,10.7,11.5,999,99,99
2025,06,16,14,08,0,0,99,99,99,99,999,1017,10.6,11.5,999,99,99
2025,06,16,15,08,0,0,99,99,99,99,999,1017.6,10.6,11.5,999,99,99
2025,06,16,16,08,0,0,99,99,99,99,999,1018,10.7,11.5,999,99,99
2025,06,16,17,08,0,0,99,99,99,99,999,1018.2,10.8,11.5,999,99,99
2025,06,16,18,08,0,0,99,99,99,99,999,1018.6,11,11.6,999,99,99
2025,06,16,19,08,0,0,99,99,99,99,999,1018.4,11.2,11.6,999,99,99
2025,06,16,20,08,70,1,99,99,99,99,999,1017.9,11.3,11.7,999,99,99
2025,06,16,21,08,120,0.5,99,99,99,99,999,1017.6,11.6,11.7,999,99,99
2025,06,16,22,08,0,0,99,99,99,99,999,1017,11.7,11.7,999,99,99
2025,06,16,23,08,0,0,99,99,99,99,999,1016.7,11.8,11.7,999,99,99
2025,06,17,00,08,0,0,99,99,99,99,999,1015.7,12,11.7,999,99,99
2025,06,17,01,08,0,0,99,99,99,99,999,1015.5,12,11.6,999,99,99
2025,06,17,02,08,0,0,99,99,99,99,999,1015.3,11.9,11.5,999,99,99
2025,06,17,03,08,160,1,99,99,99,99,999,1015.5,12,11.4,999,99,99
2025,06,17,04,08,0,0,99,99,99,99,999,1015.7,11.7,11.4,999,99,99
2025,06,17,05,08,0,0,99,99,99,99,999,1016.1,11.6,11.4,999,99,99
2025,06,17,06,08,0,0,99,99,99,99,999,1016.4,11.5,11.3,999,99,99
2025,06,17,07,08,0,0,99,99,99,99,999,1016.6,11.4,11.4,999,99,99
2025,06,17,08,08,0,0,99,99,99,99,999,1016.5,11.2,11.3,999,99,99
2025,06,17,09,08,0,0,99,99,99,99,999,1016.3,11.3,11.3,999,99,99
2025,06,17,10,08,0,0,99,99,99,99,999,1016.1,11.2,11.3,999,99,99
2025,06,17,11,08,0,0,99,99,99,99,999,1016.1,11.1,11.3,999,99,99
2025,06,17,12,08,0,0,99,99,99,99,999,1015.8,11.1,11.3,999,99,99
2025,06,17,13,08,0,0,99,99,99,99,999,1016,11,11.3,999,99,99
2025,06,17,14,08,0,0,99,99,99,99,999,1016.3,10.9,11.2,999,99,99
2025,06,17,15,08,0,0,99,99,99,99,999,1016.5,10.2,11.2,999,99,99
2025,06,17,16,08,0,0,99,99,99,99,999,1016.8,10.1,11.3,999,99,99
2025,06,17,17,08,0,0,99,99,99,99,999,1016.8,10.4,11.6,999,99,99
2025,06,17,18,08,120,0.5,99,99,99,99,999,1016.3,11.8,11.5,999,99,99
2025,06,17,19,08,0,0,99,99,99,99,999,1016.3,12.2,11.7,999,99,99
2025,06,17,20,08,0,0,99,99,99,99,999,1016.1,12.4,11.8,999,99,99
2025,06,17,21,07,0,0,99,99,99,99,999,1015.1,12.6,11.5,999,99,99
2025,06,17,22,07,0,0,99,99,99,99,999,1014.5,12.8,11.6,999,99,99
2025,06,17,23,07,100,1.5,99,99,99,99,999,1013.7,12.8,11.5,999,99,99
2025,06,18,00,07,270,2.1,99,99,99,99,999,1013.2,12.8,11.5,999,99,99
2025,06,18,01,07,70,1,99,99,99,99,999,1012.8,12.6,11.5,999,99,99
2025,06,18,02,07,160,0.5,99,99,99,99,999,1012.9,12.5,11.4,999,99,99
2025,06,18,03,07,0,0,99,99,99,99,999,1013.2,12.2,11.4,999,99,99
2025,06,18,04,07,180,0.5,99,99,99,99,999,1013.4,11.9,11.4,999,99,99
2025,06,18,05,07,0,0,99,99,99,99,999,1013.7,11.7,11.3,999,99,99
2025,06,18,06,07,0,0,99,99,99,99,999,1013.9,11.7,11.1,999,99,99
2025,06,18,07,07,0,0,99,99,99,99,999,1013.7,11.5,11,999,99,99
2025,06,18,08,07,0,0,99,99,99,99,999,1013.6,11.5,11.1,999,99,99
2025,06,18,09,07,0,0,99,99,99,99,999,1013.1,11.4,11.1,999,99,99
2025,06,18,10,07,0,0,99,99,99,99,999,1013,11.4,11.1,999,99,99
2025,06,18,11,07,0,0,99,99,99,99,999,1012.9,11.2,11.1,999,99,99
2025,06,18,12,07,170,0.5,99,99,99,99,999,1012.7,11,11.1,999,99,99
2025,06,18,13,07,0,0,99,99,99,99,999,1012.5,10.6,11,999,99,99
2025,06,18,14,07,0,0,99,99,99,99,999,1012.9,10.5,11.1,999,99,99
2025,06,18,15,07,0,0,99,99,99,99,999,1013.7,10.7,11.1,999,99,99
2025,06,18,16,07,0,0,99,99,99,99,999,1014.1,10.8,11.1,999,99,99
2025,06,18,17,07,0,0,99,99,99,99,999,1014,10.7,11.1,999,99,99
2025,06,18,18,07,170,1,99,99,99,99,999,1014.3,10.8,11.2,999,99,99
2025,06,18,19,07,180,1,99,99,99,99,999,1014.2,11,11.3,999,99,99
2025,06,18,20,07,210,1.5,99,99,99,99,999,1013.1,11.1,11.4,999,99,99
2025,06,18,21,07,220,0.5,99,99,99,99,999,1012.4,11.5,11.5,999,99,99
2025,06,18,22,07,240,1,99,99,99,99,999,1011.7,12.2,11.5,999,99,99
2025,06,18,23,07,270,1,99,99,99,99,999,1010.8,12.2,11.5,999,99,99
2025,06,19,00,07,280,1,99,99,99,99,999,1010.2,12.2,11.4,999,99,99
2025,06,19,01,07,310,1,99,99,99,99,999,1009.8,12.3,11.3,999,99,99
2025,06,19,02,07,330,1.5,99,99,99,99,999,1009.6,12.4,11.3,999,99,99
2025,06,19,03,07,0,0,99,99,99,99,999,1009.9,12.4,11.3,999,99,99
2025,06,19,04,07,10,1,99,99,99,99,999,1010.3,12.2,11.3,999,99,99
2025,06,19,05,07,0,0,99,99,99,99,999,1011.1,12,11.2,999,99,99
2025,06,19,06,07,30,0.5,99,99,99,99,999,1011.3,11.7,11.2,999,99,99
2025,06,19,07,07,80,0.5,99,99,99,99,999,1011.3,11.5,11.2,999,99,99
2025,06,19,08,07,0,0,99,99,99,99,999,1011,11.2,11.1,999,99,99
2025,06,19,09,07,0,0,99,99,99,99,999,1011,11.5,11.2,999,99,99
2025,06,19,10,07,0,0,99,99,99,99,999,1010.9,11.3,11.2,999,99,99
2025,06,19,11,07,0,0,99,99,99,99,999,1011,11.3,11.2,999,99,99
2025,06,19,12,07,0,0,99,99,99,99,999,1011,11.4,11.2,999,99,99
2025,06,19,13,07,0,0,99,99,99,99,999,1011,11.2,11.1,999,99,99
2025,06,19,14,07,0,0,99,99,99,99,999,1011.6,11.1,11.1,999,99,99
2025,06,19,15,07,0,0,99,99,99,99,999,1012,11.2,11.1,999,99,99
2025,06,19,16,07,0,0,99,99,99,99,999,1012.8,11.2,11.2,999,99,99
2025,06,19,17,07,0,0,99,99,99,99,999,1012.6,11.5,11.2,999,99,99
2025,06,19,18,07,130,0.5,99,99,99,99,999,1013,11.5,11.3,999,99,99
2025,06,19,19,07,300,1.5,99,99,99,99,999,1013.1,11.7,11.3,999,99,99
2025,06,19,20,07,110,1,99,99,99,99,999,1012.9,11.8,11.5,999,99,99
2025,06,19,21,07,340,1.5,99,99,99,99,999,1012.7,11.9,11.5,999,99,99
2025,06,19,22,07,240,2.1,99,99,99,99,999,1012.4,11.9,11.4,999,99,99
2025,06,19,23,07,200,3.6,99,99,99,99,999,1012.1,12.1,11.5,999,99,99
2025,06,20,00,07,250,3.6,99,99,99,99,999,1011.9,12.1,11.5,999,99,99
2025,06,20,01,07,350,8.8,99,99,99,99,999,1011.6,12.1,11.3,999,99,99
2025,06,20,02,07,350,2.1,99,99,99,99,999,1012.2,12,11,999,99,99
2025,06,20,03,07,160,1.5,99,99,99,99,999,1012.5,11.9,11.1,999,99,99
2025,06,20,04,07,0,0,99,99,99,99,999,1013.1,11.9,11,999,99,99
2025,06,20,05,07,0,0,99,99,99,99,999,1013.6,11.7,10.9,999,99,99
2025,06,20,06,07,0,0,99,99,99,99,999,1013.5,11.6,10.9,999,99,99
2025,06,20,07,07,0,0,99,99,99,99,999,1013.4,11.6,10.9,999,99,99
2025,06,20,08,07,0,0,99,99,99,99,999,1013.3,11.4,10.8,999,99,99
2025,06,20,09,07,0,0,99,99,99,99,999,1012.9,11.2,10.7,999,99,99
2025,06,20,10,07,0,0,99,99,99,99,999,1012.9,11,10.7,999,99,99
2025,06,20,11,07,0,0,99,99,99,99,999,1013.3,11.2,10.8,999,99,99
2025,06,20,12,07,0,0,99,99,99,99,999,1013.5,11.2,10.8,999,99,99
2025,06,20,13,07,120,0.5,99,99,99,99,999,1013.7,11.2,10.8,999,99,99
2025,06,20,14,07,130,0.5,99,99,99,99,999,1014.3,11.1,10.8,999,99,99
2025,06,20,15,07,130,0.5,99,99,99,99,999,1014.5,11.2,10.8,999,99,99
2025,06,20,16,07,140,1,99,99,99,99,999,1015.1,11.1,10.8,999,99,99
2025,06,20,17,07,0,0,99,99,99,99,999,1015.2,11.2,10.9,999,99,99
2025,06,20,18,07,140,2.6,99,99,99,99,999,1015.3,11.3,10.9,999,99,99
2025,06,20,19,07,160,1,99,99,99,99,999,1014.6,11.4,10.9,999,99,99
2025,06,20,20,07,190,1,99,99,99,99,999,1014.8,11.5,10.8,999,99,99
2025,06,20,21,07,240,3.1,99,99,99,99,999,1014.1,11.6,10.4,999,99,99
2025,06,20,22,07,350,1.5,99,99,99,99,999,1014.2,11.9,10.3,999,99,99
2025,06,20,23,07,70,1.5,99,99,99,99,999,1014,11.8,10.5,999,99,99
2025,06,21,00,07,110,1.5,99,99,99,99,999,1014,11.8,10.5,999,99,99
2025,06,21,01,07,140,1.5,99,99,99,99,999,1013.7,11.7,10.5,999,99,99
2025,06,21,02,07,160,1.5,99,99,99,99,999,1013.8,11.7,10.4,999,99,99
2025,06,21,03,07,190,2.1,99,99,99,99,999,1014,11.5,10.4,999,99,99
2025,06,21,04,07,210,0.5,99,99,99,99,999,1014,11.4,10.3,999,99,99
2025,06,21,05,07,210,1,99,99,99,99,999,1014.5,11.3,10.4,999,99,99
2025,06,21,06,07,200,1.5,99,99,99,99,999,1014.3,11.2,10.3,999,99,99
2025,06,21,07,07,190,2.1,99,99,99,99,999,1014.3,11.3,10.3,999,99,99
2025,06,21,08,07,150,2.1,99,99,99,99,999,1013.7,11.1,10.3,999,99,99
2025,06,21,09,07,130,1.5,99,99,99,99,999,1013.5,11.1,10.3,999,99,99
2025,06,21,10,07,150,1.5,99,99,99,99,999,1013.9,10.8,10.3,999,99,99
2025,06,21,11,07,120,1.5,99,99,99,99,999,1013.6,10.7,10.3,999,99,99
2025,06,21,12,07,150,1.5,99,99,99,99,999,1014.4,10.6,10.3,999,99,99
2025,06,21,13,07,0,0,99,99,99,99,999,1015.1,10.1,10.3,999,99,99
2025,06,21,14,07,150,0.5,99,99,99,99,999,1015.2,10.7,10.3,999,99,99
2025,06,21,15,07,130,1,99,99,99,99,999,1015.3,10.4,10.3,999,99,99
2025,06,21,16,07,0,0,99,99,99,99,999,1016.2,10.5,10.3,999,99,99
2025,06,21,17,07,130,1.5,99,99,99,99,999,1016,10.6,10.3,999,99,99
2025,06,21,18,07,120,1.5,99,99,99,99,999,1016.2,10.8,10.3,999,99,99
2025,06,21,19,07,150,7.7,99,99,99,99,999,1016.2,10.8,10.3,999,99,99
2025,06,21,20,07,160,2.6,99,99,99,99,999,1016.1,11,10.3,999,99,99
2025,06,21,21,07,150,2.1,99,99,99,99,999,1015.3,11.2,10.3,999,99,99
2025,06,21,22,07,140,2.1,99,99,99,99,999,1014.9,11.4,10.2,999,99,99
2025,06,21,23,07,130,2.6,99,99,99,99,999,1014.5,11.3,10.3,999,99,99
2025,06,22,00,07,120,1.5,99,99,99,99,999,1014.1,11.6,10.3,999,99,99
2025,06,22,01,07,120,1.5,99,99,99,99,999,1013.6,11.6,10.3,999,99,99
2025,06,22,02,07,110,2.1,99,99,99,99,999,1013.6,11.6,10.2,999,99,99
2025,06,22,03,07,100,2.1,99,99,99,99,999,1013.6,11.6,10.2,999,99,99
2025,06,22,04,07,80,1.5,99,99,99,99,999,1013.7,11.2,10.1,999,99,99
2025,06,22,05,07,90,1,99,99,99,99,999,1014.5,10.8,10.1,999,99,99
2025,06,22,06,07,80,1,99,99,99,99,999,1014.7,10.7,10.1,999,99,99
2025,06,22,07,07,120,1,99,99,99,99,999,1014.7,10.5,10.2,999,99,99
2025,06,22,08,07,0,0,99,99,99,99,999,1014.2,10.2,10.2,999,99,99
2025,06,22,09,07,0,0,99,99,99,99,999,1014.2,10.1,10.3,999,99,99
2025,06,22,10,07,0,0,99,99,99,99,999,1014.1,10.2,10.3,999,99,99
2025,06,22,11,07,0,0,99,99,99,99,999,1014.2,10,10.3,999,99,99
2025,06,22,12,07,0,0,99,99,99,99,999,1014.6,10.1,10.3,999,99,99
2025,06,22,13,07,0,0,99,99,99,99,999,1014.5,9.9,10.2,999,99,99
2025,06,22,14,07,0,0,99,99,99,99,999,1015.7,9.9,10.3,999,99,99
2025,06,22,15,07,0,0,99,99,99,99,999,1016.8,10.1,10.3,999,99,99
2025,06,22,16,07,0,0,99,99,99,99,999,1017.1,10.3,10.4,999,99,99
2025,06,22,17,07,50,1,99,99,99,99,999,1016.6,10.6,10.4,999,99,99
2025,06,22,18,07,50,1,99,99,99,99,999,1016.9,10.6,10.3,999,99,99
2025,06,22,19,07,90,1.5,99,99,99,99,999,1016.7,10.6,10.2,999,99,99
2025,06,22,20,07,110,1,99,99,99,99,999,1015.6,10.6,10,999,99,99
2025,06,22,21,07,140,2.1,99,99,99,99,999,1015.5,10.7,10,999,99,99
2025,06,22,22,07,160,1.5,99,99,99,99,999,1015.2,10.9,10,999,99,99
2025,06,22,23,07,150,1.5,99,99,99,99,999,1014.8,11,10,999,99,99
2025,06,23,00,07,140,1.5,99,99,99,99,999,1014.3,11,10,999,99,99
2025,06,23,01,07,120,1.5,99,99,99,99,999,1013.6,10.9,10.1,999,99,99
2025,06,23,02,07,120,0.5,99,99,99,99,999,1013.5,10.7,10,999,99,99
2025,06,23,03,07,110,1,99,99,99,99,999,1013.3,10.5,10,999,99,99
2025,06,23,04,07,140,1.5,99,99,99,99,999,1013.4,10.3,10,999,99,99
2025,06,23,05,07,140,2.1,99,99,99,99,999,1013.9,10.3,10,999,99,99
2025,06,23,06,07,110,0.5,99,99,99,99,999,1014.1,10.1,10.1,999,99,99
2025,06,23,07,07,150,1,99,99,99,99,999,1013.9,10.1,10.1,999,99,99
2025,06,23,08,07,150,1.5,99,99,99,99,999,1013.9,9.9,10.2,999,99,99
2025,06,23,09,07,0,0,99,99,99,99,999,1013.6,9.9,10.2,999,99,99
2025,06,23,10,07,0,0,99,99,99,99,999,1013.7,10,10.2,999,99,99
2025,06,23,11,07,0,0,99,99,99,99,999,1013.5,10,10.2,999,99,99
2025,06,23,12,07,0,0,99,99,99,99,999,1013.6,9.8,10.2,999,99,99
2025,06,23,13,07,0,0,99,99,99,99,999,1013.7,9.6,10.2,999,99,99
2025,06,23,14,07,0,0,99,99,99,99,999,1013.9,9.3,10.2,999,99,99
2025,06,23,15,07,0,0,99,99,99,99,999,1014.2,9.1,10.2,999,99,99
2025,06,23,16,07,0,0,99,99,99,99,999,1014.7,9,10.2,999,99,99
2025,06,23,17,07,0,0,99,99,99,99,999,1015,9.4,10.3,999,99,99
2025,06,23,18,07,0,0,99,99,99,99,999,1015.5,9.7,10.5,999,99,99
2025,06,23,19,07,0,0,99,99,99,99,999,1014.8,10.3,10.7,999,99,99
2025,06,23,20,07,0,0,99,99,99,99,999,1014.7,10.4,10.8,999,99,99
2025,06,23,21,07,0,0,99,99,99,99,999,1014.8,10.6,10.9,999,99,99
2025,06,23,22,07,0,0,99,99,99,99,999,1014.7,10.8,10.8,999,99,99
2025,06,23,23,07,0,0,99,99,99,99,999,1014.4,10.8,10.6,999,99,99
2025,06,24,00,07,0,0,99,99,99,99,999,1014.3,10.8,10.6,999,99,99
2025,06,24,01,07,0,0,99,99,99,99,999,1014.1,10.7,10.6,999,99,99
2025,06,24,02,07,0,0,99,99,99,99,999,1013.9,10.7,10.6,999,99,99
2025,06,24,03,07,0,0,99,99,99,99,999,1013.9,10.5,10.6,999,99,99
2025,06,24,04,07,0,0,99,99,99,99,999,1013.9,10.5,10.7,999,99,99
2025,06,24,05,07,0,0,99,99,99,99,999,1014.3,10.4,10.7,999,99,99
2025,06,24,06,07,80,0.5,99,99,99,99,999,1014.5,10.4,10.5,999,99,99
2025,06,24,07,07,0,0,99,99,99,99,999,1014.5,10.3,10.4,999,99,99
2025,06,24,08,07,0,0,99,99,99,99,999,1014.4,10.4,10.4,999,99,99
2025,06,24,09,07,0,0,99,99,99,99,999,1014.2,10.4,10.5,999,99,99
2025,06,24,10,07,0,0,99,99,99,99,999,1014.2,10.2,10.5,999,99,99
2025,06,24,11,07,0,0,99,99,99,99,999,1014.4,10.3,10.5,999,99,99
2025,06,24,12,07,0,0,99,99,99,99,999,1014.4,10.2,10.6,999,99,99
2025,06,24,13,07,0,0,99,99,99,99,999,1014.7,10.2,10.5,999,99,99
2025,06,24,14,07,0,0,99,99,99,99,999,1015.2,10.1,10.5,999,99,99
2025,06,24,15,07,0,0,99,99,99,99,999,1015.9,10.2,10.6,999,99,99
2025,06,24,16,07,0,0,99,99,99,99,999,1016.7,10.3,10.6,999,99,99
2025,06,24,17,07,0,0,99,99,99,99,999,1017.2,10.4,10.6,999,99,99
2025,06,24,18,07,0,0,99,99,99,99,999,1017.7,10.7,10.7,999,99,99
2025,06,24,19,07,0,0,99,99,99,99,999,1018.3,11,10.8,999,99,99
2025,06,24,20,07,0,0,99,99,99,99,999,1018.5,11.2,11,999,99,99
2025,06,24,21,07,0,0,99,99,99,99,999,1018.4,11.4,11,999,99,99
2025,06,24,22,07,0,0,99,99,99,99,999,1017.1,11.6,11.3,999,99,99
2025,06,24,23,07,0,0,99,99,99,99,999,1016.9,11.7,11.6,999,99,99
2025,06,25,00,07,0,0,99,99,99,99,999,1016.3,11.7,11.7,999,99,99
2025,06,25,01,07,0,0,99,99,99,99,999,1015.9,11.8,12,999,99,99
2025,06,25,02,07,0,0,99,99,99,99,999,1015.7,11.6,11.8,999,99,99
2025,06,25,03,07,0,0,99,99,99,99,999,1015.7,11.7,11.7,999,99,99
2025,06,25,04,17,0,0,99,99,99,99,999,1015.7,11.3,11.7,999,99,99
2025,06,25,05,07,0,0,99,99,99,99,999,1016.1,11.2,11.6,999,99,99
2025,06,25,06,07,0,0,99,99,99,99,999,1016.9,10.9,11.6,999,99,99
2025,06,25,07,07,0,0,99,99,99,99,999,1017.2,11,11.5,999,99,99
2025,06,25,08,07,0,0,99,99,99,99,999,1017.1,11.1,11.5,999,99,99
2025,06,25,09,07,0,0,99,99,99,99,999,1016.8,11,11.4,999,99,99
2025,06,25,10,07,0,0,99,99,99,99,999,1016.7,11.1,11.4,999,99,99
2025,06,25,11,07,0,0,99,99,99,99,999,1016.5,11.1,11.3,999,99,99
2025,06,25,12,07,0,0,99,99,99,99,999,1016.5,10.7,11.2,999,99,99
2025,06,25,13,07,0,0,99,99,99,99,999,1016.7,10.6,11.1,999,99,99
2025,06,25,14,17,0,0,99,99,99,99,999,1017.1,10.7,11,999,99,99
2025,06,25,15,07,0,0,99,99,99,99,999,1017.4,10.6,10.9,999,99,99
2025,06,25,16,17,0,0,99,99,99,99,999,1018.3,10.8,11,999,99,99
2025,06,25,17,07,0,0,99,99,99,99,999,1018.3,11.1,11,999,99,99
2025,06,25,18,07,0,0,99,99,99,99,999,1018.4,11.3,11.1,999,99,99
2025,06,25,19,07,0,0,99,99,99,99,999,1018,11.3,11.3,999,99,99
2025,06,25,20,07,0,0,99,99,99,99,999,1017.7,11.6,11.4,999,99,99
2025,06,25,21,07,0,0,99,99,99,99,999,1016.3,11.2,11.4,999,99,99
2025,06,25,22,07,0,0,99,99,99,99,999,1015.8,11.3,11.5,999,99,99
2025,06,25,23,07,0,0,99,99,99,99,999,1015.5,11.5,11.6,999,99,99
2025,06,26,00,07,250,0.5,99,99,99,99,999,1014.9,11.5,11.6,999,99,99
2025,06,26,01,07,260,1,99,99,99,99,999,1014,11.5,10.8,999,99,99
2025,06,26,02,07,300,1,99,99,99,99,999,1014.3,11.4,10.8,999,99,99
2025,06,26,03,07,0,0,99,99,99,99,999,1014.6,11,10.7,999,99,99
2025,06,26,04,17,20,1,99,99,99,99,999,1015,10.7,10.6,999,99,99
2025,06,26,05,07,20,1.5,99,99,99,99,999,1015,10.8,10.6,999,99,99
2025,06,26,06,07,80,0.5,99,99,99,99,999,1015.3,10.9,10.6,999,99,99
2025,06,26,07,07,110,1,99,99,99,99,999,1015.4,11,10.7,999,99,99
2025,06,26,08,07,100,1.5,99,99,99,99,999,1015.3,11.1,10.8,999,99,99
2025,06,26,09,07,100,0.5,99,99,99,99,999,1015.1,10.9,10.9,999,99,99
2025,06,26,10,07,0,0,99,99,99,99,999,1015.1,10.9,10.9,999,99,99
2025,06,26,11,07,0,0,99,99,99,99,999,1015,10.7,10.9,999,99,99
2025,06,26,13,07,50,2.1,99,99,99,99,999,1015,10.8,10.9,999,99,99
2025,06,26,14,07,180,0.5,99,99,99,99,999,1015.3,11,10.9,999,99,99
2025,06,26,15,07,180,1,99,99,99,99,999,1015.6,11.1,10.9,999,99,99
2025,06,26,16,07,0,0,99,99,99,99,999,1015.6,10.7,11,999,99,99
2025,06,26,17,07,0,0,99,99,99,99,999,1015.7,10.8,11.1,999,99,99
2025,06,26,18,07,50,1,99,99,99,99,999,1015.5,11.2,11.1,999,99,99
2025,06,26,19,07,170,1,99,99,99,99,999,1015.4,11.1,11.2,999,99,99
2025,06,26,19,57,60,1.5,99,99,99,99,999,1014.9,11,11.2,999,99,99
2025,06,26,20,57,170,1.5,99,99,99,99,999,1014.6,11.3,11.1,999,99,99
2025,06,26,21,57,10,1,99,99,99,99,999,1014.3,11.4,11.1,999,99,99
2025,06,26,22,57,100,0.5,99,99,99,99,999,1013.9,11.5,10.9,999,99,99
2025,06,26,23,57,280,1,99,99,99,99,999,1013.4,11.5,10.8,999,99,99
2025,06,27,00,57,190,0.5,99,99,99,99,999,1012.9,11.6,10.7,999,99,99
2025,06,27,01,57,0,0,99,99,99,99,999,1012.9,11.4,10.7,999,99,99
2025,06,27,02,57,0,0,99,99,99,99,999,1013,11.6,10.7,999,99,99
2025,06,27,03,57,0,0,99,99,99,99,999,1012.8,11.6,11.3,999,99,99
2025,06,27,04,57,0,0,99,99,99,99,999,1013.1,11.6,11.2,999,99,99
2025,06,27,05,57,0,0,99,99,99,99,999,1013.2,11.3,11.1,999,99,99
2025,06,27,06,57,0,0,99,99,99,99,999,1013,11.2,11.2,999,99,99
2025,06,27,08,17,0,0,99,99,99,99,999,1012.7,11,11.2,999,99,99
2025,06,27,09,07,0,0,99,99,99,99,999,1012.5,11,11.1,999,99,99
2025,06,27,10,07,0,0,99,99,99,99,999,1012.4,11,10.7,999,99,99
2025,06,27,11,17,0,0,99,99,99,99,999,1012.2,10.8,10.7,999,99,99
2025,06,27,12,07,0,0,99,99,99,99,999,1012.2,10.8,10.7,999,99,99
2025,06,27,13,07,0,0,99,99,99,99,999,1012.5,10.7,10.7,999,99,99
2025,06,27,14,07,0,0,99,99,99,99,999,1012.8,10.3,10.6,999,99,99
2025,06,27,15,07,0,0,99,99,99,99,999,1013.3,10.3,10.6,999,99,99
2025,06,27,16,07,0,0,99,99,99,99,999,1013.8,10.3,10.6,999,99,99
2025,06,27,17,07,0,0,99,99,99,99,999,1013.9,10.5,10.7,999,99,99
2025,06,27,18,07,0,0,99,99,99,99,999,1014.2,10.6,10.8,999,99,99
2025,06,27,19,17,0,0,99,99,99,99,999,1014.1,10.8,11.1,999,99,99
2025,06,27,20,17,0,0,99,99,99,99,999,1014.4,11.2,11.5,999,99,99
2025,06,27,21,17,0,0,99,99,99,99,999,1014.2,11,11.4,999,99,99
2025,06,27,22,17,0,0,99,99,99,99,999,1014,11.1,11.6,999,99,99
2025,06,28,00,17,100,1,99,99,99,99,999,1013.7,11.3,11.5,999,99,99
2025,06,28,01,17,0,0,99,99,99,99,999,1013.4,11.5,11.6,999,99,99
2025,06,28,02,17,0,0,99,99,99,99,999,1013.5,11.2,11.2,999,99,99
2025,06,28,03,17,0,0,99,99,99,99,999,1013.5,11,11.3,999,99,99
2025,06,28,04,17,0,0,99,99,99,99,999,1013.9,11,11.1,999,99,99
2025,06,28,05,17,0,0,99,99,99,99,999,1014.1,11.1,11.2,999,99,99
2025,06,28,06,07,0,0,99,99,99,99,999,1014.2,10.9,11.4,999,99,99
2025,06,28,07,17,0,0,99,99,99,99,999,1014,10.8,11.4,999,99,99
2025,06,28,08,17,0,0,99,99,99,99,999,1013.8,10.6,11.5,999,99,99
2025,06,28,09,17,0,0,99,99,99,99,999,1013.8,10.6,11.5,999,99,99
2025,06,28,10,07,0,0,99,99,99,99,999,1013.6,10.6,11.4,999,99,99
2025,06,28,11,17,0,0,99,99,99,99,999,1013.7,10.5,11.5,999,99,99
2025,06,28,12,17,0,0,99,99,99,99,999,1014,10.8,11.6,999,99,99
2025,06,28,15,17,0,0,99,99,99,99,999,1015.6,10.8,11.5,999,99,99
2025,06,28,16,17,0,0,99,99,99,99,999,1016.2,10.7,11.5,999,99,99
2025,06,28,17,17,0,0,99,99,99,99,999,1016.4,10.7,11.6,999,99,99
2025,06,28,18,17,0,0,99,99,99,99,999,1016.7,10.4,11.7,999,99,99
2025,06,28,19,17,0,0,99,99,99,99,999,1016.9,10.9,11.7,999,99,99
2025,06,28,20,17,0,0,99,99,99,99,999,1016.8,11.1,11.6,999,99,99
2025,06,28,21,17,0,0,99,99,99,99,999,1015.6,11.4,11.6,999,99,99
2025,06,28,22,17,0,0,99,99,99,99,999,1015.2,11.6,11.8,999,99,99
2025,06,28,23,17,0,0,99,99,99,99,999,1014.9,11.7,11.7,999,99,99
2025,06,29,00,17,0,0,99,99,99,99,999,1014.6,11.7,11.8,999,99,99
2025,06,29,01,17,0,0,99,99,99,99,999,1014.3,11.5,11.7,999,99,99
2025,06,29,02,17,0,0,99,99,99,99,999,1014.1,11.4,11.9,999,99,99
2025,06,29,03,17,0,0,99,99,99,99,999,1013.8,11.3,11.9,999,99,99
2025,06,29,04,17,0,0,99,99,99,99,999,1014,11.2,11.8,999,99,99
2025,06,29,05,17,0,0,99,99,99,99,999,1014.8,10.9,11.9,999,99,99
2025,06,29,06,17,0,0,99,99,99,99,999,1014.7,10.8,11.8,999,99,99
2025,06,29,07,07,0,0,99,99,99,99,999,1014.6,10.5,11.7,999,99,99
2025,06,29,08,17,0,0,99,99,99,99,999,1014.4,10,11.7,999,99,99
2025,06,29,09,17,0,0,99,99,99,99,999,1014.2,9.8,11.8,999,99,99
2025,06,29,10,17,0,0,99,99,99,99,999,1013.9,9.8,11.8,999,99,99
2025,06,29,11,17,0,0,99,99,99,99,999,1013.9,9.8,11.8,999,99,99
2025,06,29,12,17,0,0,99,99,99,99,999,1013.8,9.1,11.9,999,99,99
2025,06,29,13,17,0,0,99,99,99,99,999,1014.3,9.3,11.9,999,99,99
2025,06,29,14,17,0,0,99,99,99,99,999,1014.9,9.1,11.9,999,99,99
2025,06,29,15,17,0,0,99,99,99,99,999,1015.7,9.1,12,999,99,99
2025,06,29,16,17,0,0,99,99,99,99,999,1016.4,9.3,11.9,999,99,99
2025,06,29,17,17,0,0,99,99,99,99,999,1016.5,9.2,12.1,999,99,99
2025,06,29,18,17,0,0,99,99,99,99,999,1016,9.8,11.9,999,99,99
2025,06,29,19,07,0,0,99,99,99,99,999,1015.3,10,12.4,999,99,99
2025,06,29,20,17,0,0,99,99,99,99,999,1014.9,10.4,12.2,999,99,99
2025,06,29,21,17,40,0.5,99,99,99,99,999,1014.8,11,11.7,999,99,99
2025,06,29,22,17,0,0,99,99,99,99,999,1014.4,10.7,12.1,999,99,99
2025,06,29,23,17,0,0,99,99,99,99,999,1013.9,10.8,12,999,99,99
2025,06,30,00,07,0,0,99,99,99,99,999,1013.4,11.1,12.1,999,99,99
2025,06,30,01,17,0,0,99,99,99,99,999,1013.2,11.3,12.5,999,99,99
2025,06,30,02,17,0,0,99,99,99,99,999,1013,11,12.3,999,99,99
2025,06,30,03,17,0,0,99,99,99,99,999,1013.1,11,12,999,99,99
2025,06,30,04,17,0,0,99,99,99,99,999,1013.9,11.2,11.8,999,99,99
2025,06,30,05,17,0,0,99,99,99,99,999,1014.2,11.4,11.9,999,99,99
2025,06,30,06,17,0,0,99,99,99,99,999,1013.8,11.4,11.9,999,99,99
2025,06,30,07,17,0,0,99,99,99,99,999,1013.8,11.3,11.9,999,99,99
2025,06,30,08,17,0,0,99,99,99,99,999,1013.2,11.2,12,999,99,99
2025,06,30,09,17,0,0,99,99,99,99,999,1012.8,11.1,12,999,99,99
2025,06,30,10,17,0,0,99,99,99,99,999,1012.6,11,12.1,999,99,99
2025,06,30,11,17,0,0,99,99,99,99,999,1012.6,10.7,12.1,999,99,99
2025,06,30,12,17,0,0,99,99,99,99,999,1012.6,10.6,12,999,99,99
2025,06,30,13,17,0,0,99,99,99,99,999,1012.6,10.4,12,999,99,99
2025,06,30,14,17,0,0,99,99,99,99,999,1013.1,10.4,11.7,999,99,99
2025,06,30,15,17,0,0,99,99,99,99,999,1013.6,10.4,11.8,999,99,99
2025,06,30,16,17,0,0,99,99,99,99,999,1013.9,10.3,12,999,99,99
2025,06,30,17,17,0,0,99,99,99,99,999,1014.1,10.3,12.2,999,99,99
2025,06,30,18,17,0,0,99,99,99,99,999,1012.8,11,12.5,999,99,99
2025,06,30,19,17,0,0,99,99,99,99,999,1012.7,11,12.7,999,99,99
2025,06,30,20,17,0,0,99,99,99,99,999,1012.8,11.6,12.6,999,99,99
2025,06,30,21,17,0,0,99,99,99,99,999,1012.7,12.2,12.6,999,99,99
2025,06,30,22,17,0,0,99,99,99,99,999,1012.5,12.6,12.4,999,99,99
2025,06,30,23,17,0,0,99,99,99,99,999,1012.4,12.8,12.5,999,99,99
2025,07,01,00,17,0,0,99,99,99,99,999,1012,12.8,12.5,999,99,99
2025,07,01,01,17,0,0,99,99,99,99,999,1011.8,12.8,12.7,999,99,99
2025,07,01,02,17,0,0,99,99,99,99,999,1011.7,12.6,12.6,999,99,99
2025,07,01,03,17,0,0,99,99,99,99,999,1011.8,12.4,12.7,999,99,99
2025,07,01,04,17,0,0,99,99,99,99,999,1012,12,12.4,999,99,99
2025,07,01,05,17,0,0,99,99,99,99,999,1012.4,11.9,12.6,999,99,99
2025,07,01,06,17,0,0,99,99,99,99,999,1012.2,11.7,12.5,999,99,99
2025,07,01,07,17,0,0,99,99,99,99,999,1011.9,11.6,12.5,999,99,99
2025,07,01,08,17,0,0,99,99,99,99,999,1012,11.4,12.6,999,99,99
2025,07,01,09,17,0,0,99,99,99,99,999,1012.1,11.5,12.5,999,99,99
2025,07,01,10,17,0,0,99,99,99,99,999,1011.9,11.4,12.5,999,99,99
2025,07,01,11,17,0,0,99,99,99,99,999,1011.8,11.4,12.5,999,99,99
2025,07,01,12,17,0,0,99,99,99,99,999,1011.7,11.2,12.4,999,99,99
2025,07,01,13,17,0,0,99,99,99,99,999,1012.1,11,12.4,999,99,99
2025,07,01,14,17,0,0,99,99,99,99,999,1012.5,11,12.5,999,99,99
2025,07,01,15,17,0,0,99,99,99,99,999,1012.9,11,12.5,999,99,99
2025,07,01,16,17,0,0,99,99,99,99,999,1013.2,11.2,12.6,999,99,99
2025,07,01,17,17,0,0,99,99,99,99,999,1013.6,12,12.6,999,99,99
2025,07,01,18,17,0,0,99,99,99,99,999,1013,11.9,12.6,999,99,99
2025,07,01,19,17,0,0,99,99,99,99,999,1013,12.3,13.1,999,99,99
2025,07,01,20,17,0,0,99,99,99,99,999,1012.9,12.6,13,999,99,99
2025,07,01,21,17,0,0,99,99,99,99,999,1012.6,12.7,13,999,99,99
2025,07,01,22,17,0,0,99,99,99,99,999,1012,12.7,13.7,999,99,99
2025,07,01,23,17,0,0,99,99,99,99,999,1011.6,12.6,13.5,999,99,99
2025,07,02,00,17,0,0,99,99,99,99,999,1011.4,12.7,13.4,999,99,99
2025,07,02,01,17,0,0,99,99,99,99,999,1010.9,12.8,13,999,99,99
2025,07,02,02,17,0,0,99,99,99,99,999,1011.2,12.7,13,999,99,99
2025,07,02,03,17,0,0,99,99,99,99,999,1011.3,12.5,12.9,999,99,99
2025,07,02,04,17,0,0,99,99,99,99,999,1011.5,11.8,12.9,999,99,99
2025,07,02,05,17,0,0,99,99,99,99,999,1011.7,11.7,12.9,999,99,99
2025,07,02,06,17,0,0,99,99,99,99,999,1011.5,11.5,12.8,999,99,99
2025,07,02,07,17,0,0,99,99,99,99,999,1012.3,11.6,12.9,999,99,99
2025,07,02,08,17,0,0,99,99,99,99,999,1012,11.6,12.7,999,99,99
2025,07,02,09,17,0,0,99,99,99,99,999,1011.8,11.3,12.7,999,99,99
2025,07,02,10,17,0,0,99,99,99,99,999,1011.4,10.8,12.7,999,99,99
2025,07,02,11,17,0,0,99,99,99,99,999,1011.6,11.2,12.5,999,99,99
2025,07,02,12,17,0,0,99,99,99,99,999,1011.8,11.5,12.5,999,99,99
2025,07,02,13,17,0,0,99,99,99,99,999,1012,11.4,12.4,999,99,99
2025,07,02,14,17,0,0,99,99,99,99,999,1012.2,11.5,12.4,999,99,99
2025,07,02,15,17,0,0,99,99,99,99,999,1012.6,11.4,12.4,999,99,99
2025,07,02,16,17,0,0,99,99,99,99,999,1012.8,11.7,12.4,999,99,99
2025,07,02,17,17,0,0,99,99,99,99,999,1013.1,11.9,12.5,999,99,99
2025,07,02,18,17,0,0,99,99,99,99,999,1013.4,12,12.6,999,99,99
2025,07,02,19,17,0,0,99,99,99,99,999,1013.2,11.9,12.5,999,99,99
2025,07,02,20,17,0,0,99,99,99,99,999,1012.5,12.1,12.5,999,99,99
2025,07,02,21,17,0,0,99,99,99,99,999,1012.4,12.2,12.6,999,99,99
2025,07,02,22,17,0,0,99,99,99,99,999,1012.1,12.2,12.5,999,99,99
2025,07,02,23,17,0,0,99,99,99,99,999,1012,12.2,12.4,999,99,99
2025,07,03,00,17,0,0,99,99,99,99,999,1011.5,12,11.7,999,99,99
2025,07,03,01,17,0,0,99,99,99,99,999,1011.3,11.8,12.4,999,99,99
2025,07,03,02,17,0,0,99,99,99,99,999,1011.7,11.9,12.4,999,99,99
2025,07,03,03,17,0,0,99,99,99,99,999,1011.8,12.1,12.2,999,99,99
2025,07,03,04,17,0,0,99,99,99,99,999,1011.9,12.1,12.1,999,99,99
2025,07,03,05,17,0,0,99,99,99,99,999,1011.4,12.2,12.1,999,99,99
2025,07,03,06,17,0,0,99,99,99,99,999,1011.4,12.2,12.1,999,99,99
2025,07,03,07,17,0,0,99,99,99,99,999,1011.7,11.8,12.1,999,99,99
2025,07,03,08,17,0,0,99,99,99,99,999,1011.5,12.1,12.2,999,99,99
2025,07,03,09,17,0,0,99,99,99,99,999,1011.5,12,12.2,999,99,99
2025,07,03,10,17,0,0,99,99,99,99,999,1011,12.1,12.1,999,99,99
2025,07,03,11,17,0,0,99,99,99,99,999,1011.1,11.5,12.1,999,99,99
2025,07,03,12,17,0,0,99,99,99,99,999,1011.4,11.4,12.1,999,99,99
2025,07,03,13,17,0,0,99,99,99,99,999,1011.9,11.7,12.1,999,99,99
2025,07,03,14,17,0,0,99,99,99,99,999,1012.3,11.9,12.1,999,99,99
2025,07,03,15,17,0,0,99,99,99,99,999,1012.8,12.1,12.1,999,99,99
2025,07,03,16,17,0,0,99,99,99,99,999,1013.4,12.2,12.1,999,99,99
2025,07,03,17,17,0,0,99,99,99,99,999,1013.4,12.4,12.1,999,99,99
2025,07,03,18,17,0,0,99,99,99,99,999,1014.1,12.3,12.2,999,99,99
2025,07,03,19,17,0,0,99,99,99,99,999,1014.5,12.4,12.2,999,99,99
2025,07,03,20,17,0,0,99,99,99,99,999,1014.5,12.3,12.3,999,99,99
2025,07,03,21,17,30,11.8,99,99,99,99,999,1014.6,12.4,12.5,999,99,99
2025,07,03,22,17,110,11.3,99,99,99,99,999,1014.5,12.5,12.4,999,99,99
2025,07,03,23,17,210,1,99,99,99,99,999,1013.8,12.7,12.4,999,99,99
2025,07,04,00,17,120,0.5,99,99,99,99,999,1013.8,12.7,12.3,999,99,99
2025,07,04,01,17,0,0,99,99,99,99,999,1013.6,12.6,12.2,999,99,99
2025,07,04,02,17,160,2.6,99,99,99,99,999,1014,12.6,12.1,999,99,99
2025,07,04,03,17,190,1.5,99,99,99,99,999,1014.2,12.5,12,999,99,99
2025,07,04,04,17,250,0.5,99,99,99,99,999,1014.4,12.4,11.9,999,99,99
2025,07,04,05,17,210,0.5,99,99,99,99,999,1014.8,12.6,11.9,999,99,99
2025,07,04,06,17,0,0,99,99,99,99,999,1015.5,999,11.8,999,99,99
2025,07,04,07,17,0,0,99,99,99,99,999,1015.8,999,11.8,999,99,99
2025,07,04,08,17,0,0,99,99,99,99,999,1015.8,999,11.9,999,99,99
2025,07,04,09,17,0,0,99,99,99,99,999,1015.9,999,11.9,999,99,99
2025,07,04,10,17,0,0,99,99,99,99,999,1015.7,999,11.9,999,99,99
2025,07,04,11,17,0,0,99,99,99,99,999,1015.6,999,12.1,999,99,99
2025,07,04,12,17,0,0,99,99,99,99,999,1016.4,999,12.1,999,99,99
2025,07,04,13,17,0,0,99,99,99,99,999,1016.6,999,12.2,999,99,99
2025,07,04,14,17,0,0,99,99,99,99,999,1017.1,999,12.2,999,99,99
2025,07,04,15,17,0,0,99,99,99,99,999,1017.9,999,12.2,999,99,99
2025,07,04,16,17,0,0,99,99,99,99,999,1018.5,999,12.3,999,99,99
2025,07,04,17,17,0,0,99,99,99,99,999,1018.8,999,12.6,999,99,99
2025,07,04,18,17,200,1,99,99,99,99,999,1018.9,999,12.7,999,99,99
2025,07,04,19,17,360,0.5,99,99,99,99,999,1019.2,999,12.7,999,99,99
2025,07,04,20,17,180,2.6,99,99,99,99,999,1018.9,999,12.7,999,99,99
2025,07,04,21,17,60,1.5,99,99,99,99,999,1018.8,999,12.7,999,99,99
2025,07,04,22,17,290,1,99,99,99,99,999,1018.6,999,12.1,999,99,99
2025,07,04,23,17,160,1.5,99,99,99,99,999,1018.4,999,12.2,999,99,99
2025,07,05,00,17,30,1.5,99,99,99,99,999,1018,999,11.9,999,99,99
2025,07,05,01,17,160,2.1,99,99,99,99,999,1017.7,999,11.7,999,99,99
2025,07,05,02,17,50,2.6,99,99,99,99,999,1017.7,999,11.7,999,99,99
2025,07,05,03,17,200,1.5,99,99,99,99,999,1018.1,999,11.6,999,99,99
2025,07,05,04,17,240,1,99,99,99,99,999,1018.7,999,11.6,999,99,99
2025,07,05,05,17,0,0,99,99,99,99,999,1019.4,999,11.6,999,99,99
2025,07,05,06,17,320,1,99,99,99,99,999,1019.5,999,11.5,999,99,99
2025,07,05,07,17,120,0.5,99,99,99,99,999,1019.4,999,11.5,999,99,99
2025,07,05,08,17,0,0,99,99,99,99,999,1019.3,999,11.5,999,99,99
2025,07,05,09,17,100,0.5,99,99,99,99,999,1019.2,999,11.4,999,99,99
2025,07,05,10,17,0,0,99,99,99,99,999,1018.8,999,11.5,999,99,99
2025,07,05,11,17,0,0,99,99,99,99,999,1018.8,999,11.5,999,99,99
2025,07,05,12,17,0,0,99,99,99,99,999,1018.8,999,11.5,999,99,99
2025,07,05,13,17,0,0,99,99,99,99,999,1019.1,999,11.6,999,99,99
2025,07,05,14,17,0,0,99,99,99,99,999,1019.6,999,11.6,999,99,99
2025,07,05,15,17,0,0,99,99,99,99,999,1020.1,999,11.6,999,99,99
2025,07,05,16,17,0,0,99,99,99,99,999,1020.5,999,11.7,999,99,99
2025,07,05,17,17,0,0,99,99,99,99,999,1020.7,999,11.8,999,99,99
2025,07,05,18,17,0,0,99,99,99,99,999,1020.5,999,11.8,999,99,99
2025,07,05,19,17,0,0,99,99,99,99,999,1020.4,999,11.9,999,99,99
2025,07,05,20,17,0,0,99,99,99,99,999,1020.2,999,11.9,999,99,99
2025,07,05,21,17,70,1,99,99,99,99,999,1019.8,999,11.9,999,99,99
2025,07,05,22,17,120,10.3,99,99,99,99,999,1019.2,999,11.8,999,99,99
2025,07,05,23,17,160,4.1,99,99,99,99,999,1018.3,999,11.7,999,99,99
2025,07,06,00,17,230,4.1,99,99,99,99,999,1017.6,999,11.6,999,99,99
2025,07,06,01,17,340,5.1,99,99,99,99,999,1017.2,999,11.5,999,99,99
2025,07,06,02,17,50,3.1,99,99,99,99,999,1017.3,999,11.5,999,99,99
2025,07,06,03,17,110,8.8,99,99,99,99,999,1017.1,999,11.4,999,99,99
2025,07,06,04,17,130,8.2,99,99,99,99,999,1017.5,999,11.3,999,99,99
2025,07,06,05,17,170,1.5,99,99,99,99,999,1017.8,999,11.3,999,99,99
2025,07,06,06,17,190,1,99,99,99,99,999,1017.7,999,11.3,999,99,99
2025,07,06,07,17,0,0,99,99,99,99,999,1017.4,999,11.2,999,99,99
2025,07,06,08,17,0,0,99,99,99,99,999,1017.2,999,11.2,999,99,99
2025,07,06,09,17,0,0,99,99,99,99,999,1016.9,999,11.3,999,99,99
2025,07,06,10,17,0,0,99,99,99,99,999,1016.7,999,11.3,999,99,99
2025,07,06,11,17,150,0.5,99,99,99,99,999,1016.2,999,11.3,999,99,99
2025,07,06,12,17,0,0,99,99,99,99,999,1016.2,999,11.3,999,99,99
2025,07,06,13,17,0,0,99,99,99,99,999,1016.4,999,11.3,999,99,99
2025,07,06,14,17,0,0,99,99,99,99,999,1016.4,999,11.2,999,99,99
2025,07,06,15,17,0,0,99,99,99,99,999,1016.6,999,11.2,999,99,99
2025,07,06,16,17,0,0,99,99,99,99,999,1016.8,999,11.3,999,99,99
2025,07,06,17,17,0,0,99,99,99,99,999,1016.7,999,11.4,999,99,99
2025,07,06,18,17,0,0,99,99,99,99,999,1016.4,999,11.7,999,99,99
2025,07,06,19,17,0,0,99,99,99,99,999,1016.2,999,11.9,999,99,99
2025,07,06,20,17,0,0,99,99,99,99,999,1016.1,999,12.2,999,99,99
2025,07,06,21,17,170,1,99,99,99,99,999,1015.5,999,12.1,999,99,99
2025,07,06,22,17,170,0.5,99,99,99,99,999,1015.1,999,12.4,999,99,99
2025,07,06,23,17,0,0,99,99,99,99,999,1014.7,999,12.4,999,99,99
2025,07,07,00,17,0,0,99,99,99,99,999,1014.3,999,12.3,999,99,99
2025,07,07,01,17,0,0,99,99,99,99,999,1013.7,999,12.3,999,99,99
2025,07,07,02,17,170,0.5,99,99,99,99,999,1013.6,999,12.2,999,99,99
2025,07,07,03,17,0,0,99,99,99,99,999,1013.5,999,12.2,999,99,99
2025,07,07,04,17,0,0,99,99,99,99,999,1013.5,999,12.1,999,99,99
2025,07,07,05,17,0,0,99,99,99,99,999,1013.8,999,12.2,999,99,99
2025,07,07,06,17,0,0,99,99,99,99,999,1014.2,999,12.2,999,99,99
2025,07,07,07,17,0,0,99,99,99,99,999,1014.1,999,12.2,999,99,99
2025,07,07,08,17,0,0,99,99,99,99,999,1014,999,12.2,999,99,99
2025,07,07,09,17,0,0,99,99,99,99,999,1013.9,999,12.2,999,99,99
2025,07,07,10,17,0,0,99,99,99,99,999,1013.7,999,12.2,999,99,99
2025,07,07,11,17,0,0,99,99,99,99,999,1013.5,999,12.2,999,99,99
2025,07,07,12,17,0,0,99,99,99,99,999,1013.7,999,12.2,999,99,99
2025,07,07,13,17,0,0,99,99,99,99,999,1014.1,999,12.2,999,99,99
2025,07,07,14,17,0,0,99,99,99,99,999,1014.4,999,12.1,999,99,99
2025,07,07,15,17,0,0,99,99,99,99,999,1015.2,999,12.1,999,99,99
2025,07,07,16,17,0,0,99,99,99,99,999,1015.8,999,12,999,99,99
2025,07,07,17,17,0,0,99,99,99,99,999,1016,999,12,999,99,99
2025,07,07,18,17,0,0,99,99,99,99,999,1016.3,999,12.2,999,99,99
2025,07,07,19,17,0,0,99,99,99,99,999,1015.6,999,12.4,999,99,99
2025,07,07,20,17,0,0,99,99,99,99,999,1015.7,999,12.6,999,99,99
2025,07,07,21,17,130,0.5,99,99,99,99,999,1015.7,999,12.8,999,99,99
2025,07,07,22,17,0,0,99,99,99,99,999,1015.8,999,12.9,999,99,99
2025,07,07,23,17,0,0,99,99,99,99,999,1015.8,999,12.7,999,99,99
2025,07,08,00,17,0,0,99,99,99,99,999,1015.7,999,12.6,999,99,99
2025,07,08,01,17,0,0,99,99,99,99,999,1015.5,999,12.8,999,99,99
2025,07,08,02,17,0,0,99,99,99,99,999,1015.7,999,12.6,999,99,99
2025,07,08,03,17,0,0,99,99,99,99,999,1016,999,12.8,999,99,99
2025,07,08,04,17,0,0,99,99,99,99,999,1016.2,999,12.9,999,99,99
2025,07,08,05,17,0,0,99,99,99,99,999,1016.7,999,12.7,999,99,99
2025,07,08,06,17,0,0,99,99,99,99,999,1017.2,999,12.8,999,99,99
2025,07,08,07,17,0,0,99,99,99,99,999,1017.3,999,13,999,99,99
2025,07,08,08,17,0,0,99,99,99,99,999,1017.4,999,13.1,999,99,99
2025,07,08,09,17,0,0,99,99,99,99,999,1017.4,999,13,999,99,99
2025,07,08,10,17,0,0,99,99,99,99,999,1017.4,999,12.9,999,99,99
2025,07,08,11,17,0,0,99,99,99,99,999,1017.6,999,12.6,999,99,99
2025,07,08,12,17,0,0,99,99,99,99,999,1017.8,999,12.5,999,99,99
2025,07,08,13,17,0,0,99,99,99,99,999,1018.2,999,12.4,999,99,99
2025,07,08,14,17,0,0,99,99,99,99,999,1018.7,999,12.9,999,99,99
2025,07,08,15,17,0,0,99,99,99,99,999,1019.3,999,12.7,999,99,99
2025,07,08,16,17,0,0,99,99,99,99,999,1019.8,999,12.9,999,99,99
2025,07,08,17,17,0,0,99,99,99,99,999,1020,999,12.8,999,99,99
2025,07,08,18,17,0,0,99,99,99,99,999,1020.6,999,12.7,999,99,99
2025,07,08,19,17,0,0,99,99,99,99,999,1020.9,999,12.8,999,99,99
2025,07,08,20,17,0,0,99,99,99,99,999,1020.8,999,12.8,999,99,99
2025,07,08,21,17,0,0,99,99,99,99,999,1020.7,999,13.3,999,99,99
2025,07,08,23,17,0,0,99,99,99,99,999,1020,999,13.7,999,99,99
2025,07,09,00,17,0,0,99,99,99,99,999,1019.5,999,14.1,999,99,99
2025,07,09,01,17,0,0,99,99,99,99,999,1019.1,999,14.6,999,99,99
2025,07,09,02,17,0,0,99,99,99,99,999,1019.4,999,13.8,999,99,99
2025,07,09,03,17,0,0,99,99,99,99,999,1019.5,999,13.8,999,99,99
2025,07,09,04,17,0,0,99,99,99,99,999,1020.1,999,13.9,999,99,99
2025,07,09,05,17,0,0,99,99,99,99,999,1020.5,999,13.8,999,99,99
2025,07,09,06,17,0,0,99,99,99,99,999,1020.2,999,13.8,999,99,99
2025,07,09,07,17,0,0,99,99,99,99,999,1020.3,999,13.7,999,99,99
2025,07,09,08,17,0,0,99,99,99,99,999,1020.1,999,13.6,999,99,99
2025,07,09,09,17,0,0,99,99,99,99,999,1019.7,999,13.4,999,99,99
2025,07,09,10,17,0,0,99,99,99,99,999,1019.7,999,13.3,999,99,99
2025,07,09,11,17,0,0,99,99,99,99,999,1019.5,999,13.2,999,99,99
2025,07,09,12,17,0,0,99,99,99,99,999,1019.7,999,13.1,999,99,99
2025,07,09,13,17,0,0,99,99,99,99,999,1020,999,13.1,999,99,99
2025,07,09,14,17,0,0,99,99,99,99,999,1020.4,999,13.1,999,99,99
2025,07,09,15,17,0,0,99,99,99,99,999,1020.8,999,13.1,999,99,99
2025,07,09,16,17,0,0,99,99,99,99,999,1021,999,13,999,99,99
2025,07,09,17,17,0,0,99,99,99,99,999,1020.7,999,13.2,999,99,99
2025,07,09,18,17,0,0,99,99,99,99,999,1020.8,999,13.3,999,99,99
2025,07,09,19,07,0,0,99,99,99,99,999,1020.5,999,13.5,999,99,99
2025,07,09,19,57,0,0,99,99,99,99,999,1020.3,999,13.5,999,99,99
2025,07,09,20,57,240,0.5,99,99,99,99,999,1019.6,999,13.3,999,99,99
2025,07,09,21,57,250,1.5,99,99,99,99,999,1019,999,13.3,999,99,99
2025,07,09,22,57,280,1.5,99,99,99,99,999,1018.5,999,13.2,999,99,99
2025,07,09,23,57,310,1,99,99,99,99,999,1017.5,999,13,999,99,99
2025,07,10,00,57,30,6.2,99,99,99,99,999,1016.9,999,12.4,999,99,99
2025,07,10,01,57,110,2.1,99,99,99,99,999,1016.9,999,12.1,999,99,99
2025,07,10,02,57,160,6.7,99,99,99,99,999,1016.9,999,11.7,999,99,99
2025,07,10,03,57,190,2.6,99,99,99,99,999,1017.3,999,11.6,999,99,99
2025,07,10,04,57,220,1,99,99,99,99,999,1017.7,999,11.5,999,99,99
2025,07,10,05,57,220,1.5,99,99,99,99,999,1018.1,999,11.4,999,99,99
2025,07,10,06,57,230,1,99,99,99,99,999,1017.8,999,11.6,999,99,99
2025,07,10,08,17,250,0.5,99,99,99,99,999,1017.4,999,12.2,999,99,99
2025,07,10,09,17,200,0.5,99,99,99,99,999,1017.4,999,12.2,999,99,99
2025,07,10,10,17,0,0,99,99,99,99,999,1017,999,12.3,999,99,99
2025,07,10,11,17,0,0,99,99,99,99,999,1017.3,999,12.2,999,99,99
2025,07,10,12,17,250,0.5,99,99,99,99,999,1017.4,999,12.2,999,99,99
2025,07,10,13,17,350,0.5,99,99,99,99,999,1017.3,999,12.2,999,99,99
2025,07,10,14,17,0,0,99,99,99,99,999,1017.3,999,12.2,999,99,99
2025,07,10,15,17,0,0,99,99,99,99,999,1017.8,999,12.2,999,99,99
2025,07,10,16,17,0,0,99,99,99,99,999,1017.9,999,12.3,999,99,99
2025,07,10,17,17,0,0,99,99,99,99,999,1018,999,12.3,999,99,99
2025,07,10,18,17,0,0,99,99,99,99,999,1017.9,999,12.4,999,99,99
2025,07,10,19,17,0,0,99,99,99,99,999,1016.9,999,12.5,999,99,99
2025,07,10,20,17,0,0,99,99,99,99,999,1016.2,999,12.4,999,99,99
2025,07,10,21,17,0,0,99,99,99,99,999,1015.9,999,12.3,999,99,99
2025,07,10,22,17,0,0,99,99,99,99,999,1015,999,12.4,999,99,99
2025,07,10,23,17,0,0,99,99,99,99,999,1014.6,999,12.2,999,99,99
2025,07,11,00,17,0,0,99,99,99,99,999,1014,999,12.1,999,99,99
2025,07,11,01,17,0,0,99,99,99,99,999,1013.8,999,12,999,99,99
2025,07,11,02,17,70,1,99,99,99,99,999,1013.9,999,11.8,999,99,99
2025,07,11,03,17,0,0,99,99,99,99,999,1013.7,999,12.3,999,99,99
2025,07,11,04,17,0,0,99,99,99,99,999,1014,999,12.3,999,99,99
2025,07,11,05,17,0,0,99,99,99,99,999,1013.8,999,12.2,999,99,99
2025,07,11,06,17,140,0.5,99,99,99,99,999,1013.5,999,12.2,999,99,99
2025,07,11,07,07,180,0.5,99,99,99,99,999,1013.5,999,12.6,999,99,99
2025,07,11,07,57,230,0.5,99,99,99,99,999,1013.3,999,12.6,999,99,99
2025,07,11,08,57,0,0,99,99,99,99,999,1013.1,999,12.6,999,99,99
2025,07,11,09,57,0,0,99,99,99,99,999,1013,999,12.5,999,99,99
2025,07,11,10,57,0,0,99,99,99,99,999,1013.1,999,12.6,999,99,99
2025,07,11,11,57,0,0,99,99,99,99,999,1013.1,999,12.6,999,99,99
2025,07,11,12,57,0,0,99,99,99,99,999,1013.3,999,12.7,999,99,99
2025,07,11,13,57,0,0,99,99,99,99,999,1013.5,999,12.7,999,99,99
2025,07,11,14,57,0,0,99,99,99,99,999,1013.9,999,12.6,999,99,99
2025,07,11,15,57,0,0,99,99,99,99,999,1014.4,999,12.5,999,99,99
2025,07,11,16,57,0,0,99,99,99,99,999,1014.4,999,12.4,999,99,99
2025,07,11,17,57,0,0,99,99,99,99,999,1014.8,999,12.6,999,99,99
2025,07,11,18,57,0,0,99,99,99,99,999,1015.1,999,12.8,999,99,99
2025,07,11,20,17,0,0,99,99,99,99,999,1015,999,12.5,999,99,99
2025,07,11,21,17,0,0,99,99,99,99,999,1014.9,999,12.5,999,99,99
2025,07,11,22,17,0,0,99,99,99,99,999,1013.8,999,12.5,999,99,99
2025,07,11,23,17,0,0,99,99,99,99,999,1013.5,999,12.6,999,99,99
2025,07,12,00,17,0,0,99,99,99,99,999,1013,999,12.8,999,99,99
2025,07,12,01,17,0,0,99,99,99,99,999,1012.9,999,12.7,999,99,99
2025,07,12,02,17,0,0,99,99,99,99,999,1012.7,999,12.6,999,99,99
2025,07,12,03,17,0,0,99,99,99,99,999,1012.8,999,12.5,999,99,99
2025,07,12,04,17,0,0,99,99,99,99,999,1013.2,999,12.6,999,99,99
2025,07,12,05,17,0,0,99,99,99,99,999,1013.6,999,12.6,999,99,99
2025,07,12,06,17,0,0,99,99,99,99,999,1014.3,999,12.5,999,99,99
2025,07,12,07,17,0,0,99,99,99,99,999,1014.2,999,12.6,999,99,99
2025,07,12,08,17,0,0,99,99,99,99,999,1014.2,999,12.6,999,99,99
2025,07,12,09,17,0,0,99,99,99,99,999,1014,999,12.5,999,99,99
2025,07,12,10,17,0,0,99,99,99,99,999,1013.9,999,12.5,999,99,99
2025,07,12,11,17,0,0,99,99,99,99,999,1013.9,999,12.5,999,99,99
2025,07,12,12,17,0,0,99,99,99,99,999,1014.1,999,12.5,999,99,99
2025,07,12,13,17,0,0,99,99,99,99,999,1014.4,999,12.5,999,99,99
2025,07,12,14,17,0,0,99,99,99,99,999,1014.8,999,12.6,999,99,99
2025,07,12,15,17,0,0,99,99,99,99,999,1015.4,999,12.5,999,99,99
2025,07,12,16,17,0,0,99,99,99,99,999,1015.7,999,12.4,999,99,99
2025,07,12,17,17,0,0,99,99,99,99,999,1016.5,999,12.6,999,99,99
2025,07,12,18,17,0,0,99,99,99,99,999,1016.8,999,12.9,999,99,99
2025,07,12,19,17,0,0,99,99,99,99,999,1016.7,999,13.3,999,99,99
2025,07,12,20,17,0,0,99,99,99,99,999,1016.7,999,13.6,999,99,99
2025,07,12,21,17,0,0,99,99,99,99,999,1015.5,999,13.5,999,99,99
2025,07,12,22,17,0,0,99,99,99,99,999,1015.5,999,13.5,999,99,99
2025,07,12,23,17,0,0,99,99,99,99,999,1015.3,999,13.2,999,99,99
2025,07,13,00,17,0,0,99,99,99,99,999,1015.1,999,13.5,999,99,99
2025,07,13,01,17,0,0,99,99,99,99,999,1015.1,999,13.5,999,99,99
2025,07,13,02,17,0,0,99,99,99,99,999,1015,999,13.4,999,99,99
2025,07,13,03,17,0,0,99,99,99,99,999,1015,999,13.5,999,99,99
2025,07,13,04,17,0,0,99,99,99,99,999,1015.2,999,13.4,999,99,99
2025,07,13,05,17,0,0,99,99,99,99,999,1015.7,999,13.3,999,99,99
2025,07,13,06,17,0,0,99,99,99,99,999,1015.9,999,13.2,999,99,99
2025,07,13,07,17,0,0,99,99,99,99,999,1016.4,999,13.2,999,99,99
2025,07,13,08,17,0,0,99,99,99,99,999,1016,999,13.2,999,99,99
2025,07,13,09,17,0,0,99,99,99,99,999,1015.7,999,13.2,999,99,99
2025,07,13,10,17,0,0,99,99,99,99,999,1015.1,999,13,999,99,99
2025,07,13,11,17,0,0,99,99,99,99,999,1014.9,999,13.2,999,99,99
2025,07,13,12,17,0,0,99,99,99,99,999,1014.9,999,13.2,999,99,99
2025,07,13,13,17,0,0,99,99,99,99,999,1015.4,999,13.1,999,99,99
2025,07,13,14,17,0,0,99,99,99,99,999,1016.2,999,13,999,99,99
2025,07,13,15,17,0,0,99,99,99,99,999,1016.6,999,13,999,99,99
2025,07,13,16,17,0,0,99,99,99,99,999,1017,999,13,999,99,99
2025,07,13,17,17,0,0,99,99,99,99,999,1017.4,999,13,999,99,99
2025,07,13,18,17,0,0,99,99,99,99,999,1016.5,999,13.2,999,99,99
2025,07,13,19,17,0,0,99,99,99,99,999,1016.3,999,13.4,999,99,99
2025,07,13,20,17,0,0,99,99,99,99,999,1016.4,999,13.7,999,99,99
2025,07,13,21,17,0,0,99,99,99,99,999,1016.3,999,13.7,999,99,99
2025,07,13,22,17,0,0,99,99,99,99,999,1016.1,999,13.8,999,99,99
2025,07,13,23,17,0,0,99,99,99,99,999,1015.8,999,13.8,999,99,99
2025,07,14,00,17,0,0,99,99,99,99,999,1015.2,999,13.8,999,99,99
2025,07,14,01,17,0,0,99,99,99,99,999,1014.8,999,13.7,999,99,99
2025,07,14,02,17,0,0,99,99,99,99,999,1015.1,999,13.6,999,99,99
2025,07,14,03,17,0,0,99,99,99,99,999,1015.3,999,13.5,999,99,99
2025,07,14,04,17,0,0,99,99,99,99,999,1015.4,999,13.6,999,99,99
2025,07,14,05,17,0,0,99,99,99,99,999,1015.5,999,13.6,999,99,99
2025,07,14,06,17,0,0,99,99,99,99,999,1015.6,999,13.7,999,99,99
2025,07,14,07,17,0,0,99,99,99,99,999,1015.4,999,13.7,999,99,99
2025,07,14,08,17,0,0,99,99,99,99,999,1015.3,999,13.6,999,99,99
2025,07,14,09,17,0,0,99,99,99,99,999,1015.1,999,13.7,999,99,99
2025,07,14,10,17,0,0,99,99,99,99,999,1014.6,999,13.6,999,99,99
2025,07,14,11,17,0,0,99,99,99,99,999,1014.3,999,13.4,999,99,99
2025,07,14,12,17,0,0,99,99,99,99,999,1014.2,999,13.2,999,99,99
2025,07,14,13,17,0,0,99,99,99,99,999,1014.4,999,13.1,999,99,99
2025,07,14,14,17,0,0,99,99,99,99,999,1014.6,999,13,999,99,99
2025,07,14,15,17,0,0,99,99,99,99,999,1015.5,999,13,999,99,99
2025,07,14,16,17,0,0,99,99,99,99,999,1014.5,999,13,999,99,99
2025,07,14,17,17,0,0,99,99,99,99,999,1014.8,999,13.2,999,99,99
2025,07,14,18,17,0,0,99,99,99,99,999,1014.9,999,13.3,999,99,99
2025,07,14,19,17,0,0,99,99,99,99,999,1014.9,999,13.6,999,99,99
2025,07,14,20,17,0,0,99,99,99,99,999,1014.8,999,13.4,999,99,99
2025,07,14,21,17,0,0,99,99,99,99,999,1015.1,999,13.3,999,99,99
2025,07,14,22,17,0,0,99,99,99,99,999,1014.4,999,13.3,999,99,99
2025,07,14,23,17,0,0,99,99,99,99,999,1013.8,999,13.2,999,99,99
2025,07,15,00,17,0,0,99,99,99,99,999,1013.5,999,13.4,999,99,99
2025,07,15,01,17,0,0,99,99,99,99,999,1013,999,13.7,999,99,99
2025,07,15,02,17,0,0,99,99,99,99,999,1012.7,999,13.6,999,99,99
2025,07,15,03,17,0,0,99,99,99,99,999,1012.6,999,13.7,999,99,99
2025,07,15,04,17,0,0,99,99,99,99,999,1013,999,13.8,999,99,99
2025,07,15,05,17,0,0,99,99,99,99,999,1013.3,999,13.5,999,99,99
2025,07,15,06,17,0,0,99,99,99,99,999,1013.1,999,13.5,999,99,99
2025,07,15,07,17,0,0,99,99,99,99,999,1013.5,999,13.6,999,99,99
2025,07,15,08,17,0,0,99,99,99,99,999,1013.3,999,13.5,999,99,99
2025,07,15,09,17,0,0,99,99,99,99,999,1013.4,999,13.8,999,99,99
2025,07,15,10,17,0,0,99,99,99,99,999,1013.1,999,13.5,999,99,99
2025,07,15,11,17,0,0,99,99,99,99,999,1012.9,999,13.6,999,99,99
2025,07,15,12,17,0,0,99,99,99,99,999,1013,999,13.6,999,99,99
2025,07,15,13,17,0,0,99,99,99,99,999,1013.5,999,13.6,999,99,99
2025,07,15,14,17,0,0,99,99,99,99,999,1013.9,999,13.6,999,99,99
2025,07,15,15,17,0,0,99,99,99,99,999,1014.4,999,13.5,999,99,99
2025,07,15,16,17,0,0,99,99,99,99,999,1014.8,999,13.6,999,99,99
2025,07,15,17,17,0,0,99,99,99,99,999,1015.3,999,13.8,999,99,99
2025,07,15,18,17,0,0,99,99,99,99,999,1015.5,999,13.9,999,99,99
2025,07,15,19,17,0,0,99,99,99,99,999,1015.6,999,13.9,999,99,99
2025,07,15,20,17,0,0,99,99,99,99,999,1014.4,999,14,999,99,99
2025,07,15,21,17,0,0,99,99,99,99,999,1014.3,999,14,999,99,99
2025,07,15,22,17,0,0,99,99,99,99,999,1014,999,14.2,999,99,99
2025,07,15,23,17,0,0,99,99,99,99,999,1013.6,999,14.3,999,99,99
2025,07,16,00,17,0,0,99,99,99,99,999,1013.4,999,14.4,999,99,99
2025,07,16,01,17,0,0,99,99,99,99,999,1013.2,999,14.5,999,99,99
2025,07,16,02,17,0,0,99,99,99,99,999,1012.8,999,14.5,999,99,99
2025,07,16,03,17,0,0,99,99,99,99,999,1012.9,999,14.4,999,99,99
2025,07,16,04,17,0,0,99,99,99,99,999,1013.2,999,14.4,999,99,99
2025,07,16,05,17,0,0,99,99,99,99,999,1013.3,999,14.4,999,99,99
2025,07,16,06,17,0,0,99,99,99,99,999,1013.2,999,14.4,999,99,99
2025,07,16,07,07,0,0,99,99,99,99,999,1013.1,999,14.3,999,99,99
2025,07,16,07,57,0,0,99,99,99,99,999,1012.9,999,14.2,999,99,99
2025,07,16,08,57,0,0,99,99,99,99,999,1012.7,999,14.3,999,99,99
2025,07,16,09,57,0,0,99,99,99,99,999,1012.5,999,14.3,999,99,99
2025,07,16,10,57,0,0,99,99,99,99,999,1012.5,999,14.3,999,99,99
2025,07,16,11,57,0,0,99,99,99,99,999,1012.5,999,14.4,999,99,99
2025,07,16,12,57,0,0,99,99,99,99,999,1012.9,999,14.5,999,99,99
2025,07,16,13,57,0,0,99,99,99,99,999,1013.4,999,14.4,999,99,99
2025,07,16,14,57,0,0,99,99,99,99,999,1014.1,999,14.4,999,99,99
2025,07,16,15,57,0,0,99,99,99,99,999,1014.6,999,14.4,999,99,99
2025,07,16,16,57,0,0,99,99,99,99,999,1014.9,999,14.4,999,99,99
2025,07,16,17,57,0,0,99,99,99,99,999,1015.3,999,14.5,999,99,99
2025,07,16,18,57,0,0,99,99,99,99,999,1015.9,999,14.6,999,99,99
2025,07,16,20,17,0,0,99,99,99,99,999,1015.8,999,14.8,999,99,99
2025,07,16,21,17,0,0,99,99,99,99,999,1015.8,999,14.9,999,99,99
2025,07,16,22,17,0,0,99,99,99,99,999,1014.4,999,15,999,99,99
2025,07,16,23,17,0,0,99,99,99,99,999,1014.1,999,15.1,999,99,99
2025,07,17,00,17,0,0,99,99,99,99,999,1013.6,999,15.4,999,99,99
2025,07,17,01,17,0,0,99,99,99,99,999,1013.2,999,15.5,999,99,99
2025,07,17,02,17,0,0,99,99,99,99,999,1013.2,999,15.3,999,99,99
2025,07,17,03,17,0,0,99,99,99,99,999,1013.4,999,14.6,999,99,99
2025,07,17,04,17,0,0,99,99,99,99,999,1013.5,999,14.8,999,99,99
2025,07,17,05,17,0,0,99,99,99,99,999,1013.9,999,14.9,999,99,99
2025,07,17,06,17,0,0,99,99,99,99,999,1013.6,999,14.8,999,99,99
2025,07,17,07,17,0,0,99,99,99,99,999,1013.6,999,14.5,999,99,99
2025,07,17,08,17,0,0,99,99,99,99,999,1013.5,999,14.4,999,99,99
2025,07,17,09,17,0,0,99,99,99,99,999,1013.4,999,14.7,999,99,99
2025,07,17,10,17,0,0,99,99,99,99,999,1013.3,999,14.6,999,99,99
2025,07,17,11,17,0,0,99,99,99,99,999,1013.2,999,14.6,999,99,99
2025,07,17,12,17,0,0,99,99,99,99,999,1013.3,999,14.6,999,99,99
2025,07,17,13,17,0,0,99,99,99,99,999,1013.7,999,14.5,999,99,99
2025,07,17,14,17,0,0,99,99,99,99,999,1014.1,999,14.5,999,99,99
2025,07,17,15,17,0,0,99,99,99,99,999,1014.5,999,14.5,999,99,99
2025,07,17,16,17,0,0,99,99,99,99,999,1014.9,999,14.6,999,99,99
2025,07,17,17,17,0,0,99,99,99,99,999,1015,999,14.7,999,99,99
2025,07,17,18,17,0,0,99,99,99,99,999,1014.8,999,14.9,999,99,99
2025,07,17,19,17,0,0,99,99,99,99,999,1015,999,14.7,999,99,99
2025,07,17,20,17,0,0,99,99,99,99,999,1015,999,14.9,999,99,99
2025,07,17,21,17,0,0,99,99,99,99,999,1014.7,999,15,999,99,99
2025,07,17,22,17,0,0,99,99,99,99,999,1014.6,999,15.4,999,99,99
2025,07,17,23,17,0,0,99,99,99,99,999,1014.2,999,15.4,999,99,99
2025,07,18,00,17,0,0,99,99,99,99,999,1013.9,999,15.3,999,99,99
2025,07,18,01,17,0,0,99,99,99,99,999,1013.5,999,15.1,999,99,99
2025,07,18,02,17,0,0,99,99,99,99,999,1013.7,999,15.2,999,99,99
2025,07,18,03,17,0,0,99,99,99,99,999,1013.8,999,15.4,999,99,99
2025,07,18,04,17,0,0,99,99,99,99,999,1014.1,999,15,999,99,99
2025,07,18,05,17,0,0,99,99,99,99,999,1014.5,999,15.2,999,99,99
2025,07,18,06,17,0,0,99,99,99,99,999,1014.8,999,15.2,999,99,99
2025,07,18,07,17,0,0,99,99,99,99,999,1014.6,999,14.9,999,99,99
2025,07,18,08,17,0,0,99,99,99,99,999,1014.6,999,15.1,999,99,99
2025,07,18,09,17,0,0,99,99,99,99,999,1014.6,999,14.9,999,99,99
2025,07,18,10,17,0,0,99,99,99,99,999,1014.7,999,15.1,999,99,99
2025,07,18,11,17,0,0,99,99,99,99,999,1014.6,999,15,999,99,99
2025,07,18,12,17,0,0,99,99,99,99,999,1014.8,999,14.6,999,99,99
2025,07,18,13,17,0,0,99,99,99,99,999,1015.2,999,14.3,999,99,99
2025,07,18,14,17,0,0,99,99,99,99,999,1015.6,999,14.3,999,99,99
2025,07,18,15,17,0,0,99,99,99,99,999,1016.3,999,14.7,999,99,99
2025,07,18,16,17,0,0,99,99,99,99,999,1016.7,999,14.8,999,99,99
2025,07,18,17,17,0,0,99,99,99,99,999,1017.1,999,15,999,99,99
2025,07,18,18,17,0,0,99,99,99,99,999,1017.4,999,15.1,999,99,99
2025,07,18,19,17,0,0,99,99,99,99,999,1017.5,999,15,999,99,99
2025,07,18,20,17,0,0,99,99,99,99,999,1017.4,999,15.3,999,99,99
2025,07,18,21,17,0,0,99,99,99,99,999,1016.9,999,15.1,999,99,99
2025,07,18,22,17,0,0,99,99,99,99,999,1016.8,999,15.5,999,99,99
2025,07,18,23,17,0,0,99,99,99,99,999,1016.4,999,15.4,999,99,99
2025,07,19,00,17,0,0,99,99,99,99,999,1015.7,999,15.4,999,99,99
2025,07,19,01,17,0,0,99,99,99,99,999,1015.6,999,15.3,999,99,99
2025,07,19,02,17,0,0,99,99,99,99,999,1015.4,999,15.2,999,99,99
2025,07,19,03,17,280,0.5,99,99,99,99,999,1015.4,999,15.1,999,99,99
2025,07,19,04,17,130,3.6,99,99,99,99,999,1015.2,999,14.9,999,99,99
2025,07,19,05,17,130,0.5,99,99,99,99,999,1015.5,999,14.7,999,99,99
2025,07,19,06,17,360,0.5,99,99,99,99,999,1015.7,999,14.6,999,99,99
2025,07,19,07,17,0,0,99,99,99,99,999,1016,999,14.5,999,99,99
2025,07,19,08,17,0,0,99,99,99,99,999,1016.2,999,14.5,999,99,99
2025,07,19,09,17,0,0,99,99,99,99,999,1016.3,999,14.4,999,99,99
2025,07,19,10,17,0,0,99,99,99,99,999,1016.6,999,14.4,999,99,99
2025,07,19,11,17,0,0,99,99,99,99,999,1016.6,999,14.4,999,99,99
2025,07,19,12,17,0,0,99,99,99,99,999,1016.9,999,14.3,999,99,99
2025,07,19,13,17,0,0,99,99,99,99,999,1016.8,999,14.3,999,99,99
2025,07,19,14,17,0,0,99,99,99,99,999,1017.1,999,14.3,999,99,99
2025,07,19,15,17,0,0,99,99,99,99,999,1017.6,999,14.3,999,99,99
2025,07,19,16,17,0,0,99,99,99,99,999,1017.9,999,14.4,999,99,99
2025,07,19,17,17,0,0,99,99,99,99,999,1017.7,999,14.4,999,99,99
2025,07,19,18,17,0,0,99,99,99,99,999,1017.7,999,14.4,999,99,99
2025,07,19,19,17,0,0,99,99,99,99,999,1017.7,999,14.5,999,99,99
2025,07,19,20,17,0,0,99,99,99,99,999,1017.4,999,14.7,999,99,99
2025,07,19,21,17,0,0,99,99,99,99,999,1017,999,14.9,999,99,99
2025,07,19,22,17,0,0,99,99,99,99,999,1017,999,14.9,999,99,99
2025,07,19,23,17,140,1,99,99,99,99,999,1016.4,999,14.9,999,99,99
2025,07,20,00,17,0,0,99,99,99,99,999,1016,999,15,999,99,99
2025,07,20,01,17,0,0,99,99,99,99,999,1015.6,999,15,999,99,99
2025,07,20,02,17,0,0,99,99,99,99,999,1015.5,999,14.9,999,99,99
2025,07,20,03,17,0,0,99,99,99,99,999,1015.5,999,14.9,999,99,99
2025,07,20,04,17,0,0,99,99,99,99,999,1015.9,13.1,14.9,999,99,99
2025,07,20,05,17,0,0,99,99,99,99,999,1016.5,999,14.8,999,99,99
2025,07,20,06,17,0,0,99,99,99,99,999,1016.5,999,14.8,999,99,99
2025,07,20,07,17,0,0,99,99,99,99,999,1016.5,999,14.8,999,99,99
2025,07,20,08,17,0,0,99,99,99,99,999,1016.1,999,14.8,999,99,99
2025,07,20,09,17,0,0,99,99,99,99,999,1016,999,14.7,999,99,99
2025,07,20,10,17,0,0,99,99,99,99,999,1015.6,999,14.7,999,99,99
2025,07,20,11,17,0,0,99,99,99,99,999,1015.2,999,14.6,999,99,99
2025,07,20,12,17,0,0,99,99,99,99,999,1015.1,13.9,14.6,999,99,99
2025,07,20,13,17,0,0,99,99,99,99,999,1015.3,999,14.6,999,99,99
2025,07,20,14,17,0,0,99,99,99,99,999,1015.5,999,14.5,999,99,99
2025,07,20,15,17,0,0,99,99,99,99,999,1015.8,999,14.5,999,99,99
2025,07,20,16,17,0,0,99,99,99,99,999,1016.1,12.9,14.6,999,99,99
2025,07,20,17,17,0,0,99,99,99,99,999,1016.2,999,14.6,999,99,99
2025,07,20,18,17,0,0,99,99,99,99,999,1016,999,14.7,999,99,99
2025,07,20,19,17,0,0,99,99,99,99,999,1016.1,999,14.8,999,99,99
2025,07,20,20,17,0,0,99,99,99,99,999,1015.7,999,15,999,99,99
2025,07,20,21,17,0,0,99,99,99,99,999,1015.5,999,14.7,999,99,99
2025,07,20,22,17,80,0.5,99,99,99,99,999,1015,999,14.8,999,99,99
2025,07,20,23,17,0,0,99,99,99,99,999,1014.8,999,14.8,999,99,99
2025,07,21,00,17,70,1,99,99,99,99,999,1014.5,999,14.7,999,99,99
2025,07,21,01,17,0,0,99,99,99,99,999,1014.5,999,14.7,999,99,99
2025,07,21,02,17,50,0.5,99,99,99,99,999,1014.4,999,14.7,999,99,99
2025,07,21,03,17,50,0.5,99,99,99,99,999,1014.3,999,14.7,999,99,99
2025,07,21,04,17,0,0,99,99,99,99,999,1014.7,999,14.6,999,99,99
2025,07,21,05,17,0,0,99,99,99,99,999,1014.8,999,14.6,999,99,99
2025,07,21,06,17,0,0,99,99,99,99,999,1014.9,999,14.5,999,99,99
2025,07,21,07,17,0,0,99,99,99,99,999,1014.9,999,14.6,999,99,99
2025,07,21,08,17,0,0,99,99,99,99,999,1014.7,999,14.6,999,99,99
2025,07,21,09,17,0,0,99,99,99,99,999,1014.6,999,14.5,999,99,99
2025,07,21,10,17,0,0,99,99,99,99,999,1014.6,999,14.5,999,99,99
2025,07,21,11,17,0,0,99,99,99,99,999,1014.6,999,14.5,999,99,99
2025,07,21,12,17,0,0,99,99,99,99,999,1014.8,999,14.5,999,99,99
2025,07,21,13,17,0,0,99,99,99,99,999,1015.1,999,14.5,999,99,99
2025,07,21,14,17,0,0,99,99,99,99,999,1015.6,999,14.5,999,99,99
2025,07,21,15,17,0,0,99,99,99,99,999,1015.8,999,14.5,999,99,99
2025,07,21,16,17,0,0,99,99,99,99,999,1016,999,14.5,999,99,99
2025,07,21,17,17,0,0,99,99,99,99,999,1016.1,999,14.6,999,99,99
2025,07,21,18,17,0,0,99,99,99,99,999,1016.2,999,14.8,999,99,99
2025,07,21,19,17,0,0,99,99,99,99,999,1016.2,999,14.9,999,99,99
2025,07,21,20,17,0,0,99,99,99,99,999,1015.9,999,15.2,999,99,99
2025,07,21,21,17,0,0,99,99,99,99,999,1015.7,999,15.1,999,99,99
2025,07,21,22,17,0,0,99,99,99,99,999,1015.2,999,15.3,999,99,99
2025,07,21,23,17,0,0,99,99,99,99,999,1015,999,15.3,999,99,99
2025,07,22,00,17,0,0,99,99,99,99,999,1014.6,999,15.3,999,99,99
2025,07,22,02,17,180,1,99,99,99,99,999,1013.9,999,15.1,999,99,99
2025,07,22,03,17,190,1.5,99,99,99,99,999,1013.7,999,15,999,99,99
2025,07,22,04,17,0,0,99,99,99,99,999,1014,999,14.9,999,99,99
2025,07,22,05,17,200,0.5,99,99,99,99,999,1014.5,999,14.7,999,99,99
2025,07,22,06,17,200,0.5,99,99,99,99,999,1014.8,999,14.6,999,99,99
2025,07,22,07,17,200,0.5,99,99,99,99,999,1014.9,999,14.6,999,99,99
2025,07,22,08,17,230,0.5,99,99,99,99,999,1014.9,999,14.5,999,99,99
2025,07,22,09,17,220,0.5,99,99,99,99,999,1014.7,999,14.5,999,99,99
2025,07,22,10,17,220,0.5,99,99,99,99,999,1014.7,999,14.5,999,99,99
2025,07,22,11,17,0,0,99,99,99,99,999,1014.6,999,14.5,999,99,99
2025,07,22,12,17,0,0,99,99,99,99,999,1014.7,999,14.5,999,99,99
2025,07,22,13,17,0,0,99,99,99,99,999,1014.9,999,14.5,999,99,99
2025,07,22,14,17,0,0,99,99,99,99,999,1015.2,999,14.5,999,99,99
2025,07,22,15,17,0,0,99,99,99,99,999,1015.5,999,14.5,999,99,99
2025,07,22,16,17,0,0,99,99,99,99,999,1016,999,14.6,999,99,99
2025,07,22,17,17,0,0,99,99,99,99,999,1016.1,999,14.9,999,99,99
2025,07,22,18,17,0,0,99,99,99,99,999,1016.4,999,14.7,999,99,99
2025,07,22,19,17,0,0,99,99,99,99,999,1016.5,999,15,999,99,99
2025,07,22,20,17,0,0,99,99,99,99,999,1016.2,999,15.2,999,99,99
2025,07,22,21,17,0,0,99,99,99,99,999,1015.9,999,15.6,999,99,99
2025,07,22,22,17,0,0,99,99,99,99,999,1015.9,999,15.4,999,99,99
2025,07,22,23,17,0,0,99,99,99,99,999,1015.7,999,15.6,999,99,99
2025,07,23,00,17,0,0,99,99,99,99,999,1015.6,999,15.4,999,99,99
2025,07,23,01,17,0,0,99,99,99,99,999,1015.2,999,15.4,999,99,99
2025,07,23,02,17,0,0,99,99,99,99,999,1015.3,999,15.3,999,99,99
2025,07,23,03,17,190,0.5,99,99,99,99,999,1015.3,999,15.2,999,99,99
2025,07,23,04,17,0,0,99,99,99,99,999,1015.7,999,15.1,999,99,99
2025,07,23,05,17,0,0,99,99,99,99,999,1016.1,999,14.9,999,99,99
2025,07,23,06,17,0,0,99,99,99,99,999,1016.4,999,14.8,999,99,99
2025,07,23,07,17,0,0,99,99,99,99,999,1016.4,999,14.8,999,99,99
2025,07,23,08,17,0,0,99,99,99,99,999,1016.5,999,14.7,999,99,99
2025,07,23,09,17,200,0.5,99,99,99,99,999,1016.4,999,14.7,999,99,99
2025,07,23,10,17,0,0,99,99,99,99,999,1016.2,999,14.6,999,99,99
2025,07,23,11,17,0,0,99,99,99,99,999,1016.3,999,14.6,999,99,99
2025,07,23,12,17,0,0,99,99,99,99,999,1016.7,999,14.6,999,99,99
2025,07,23,13,17,0,0,99,99,99,99,999,1017,999,14.6,999,99,99
2025,07,23,14,17,0,0,99,99,99,99,999,1017.4,999,14.7,999,99,99
2025,07,23,15,17,0,0,99,99,99,99,999,1017.9,999,14.8,999,99,99
2025,07,23,16,17,0,0,99,99,99,99,999,1018.1,999,14.8,999,99,99
2025,07,23,17,17,0,0,99,99,99,99,999,1018.3,999,14.9,999,99,99
2025,07,23,18,17,0,0,99,99,99,99,999,1018.5,999,15.2,999,99,99
2025,07,23,19,17,0,0,99,99,99,99,999,1018.6,999,15.7,999,99,99
2025,07,23,20,17,0,0,99,99,99,99,999,1018.6,999,15.9,999,99,99
2025,07,23,21,17,0,0,99,99,99,99,999,1018.4,999,15.7,999,99,99
2025,07,23,22,17,0,0,99,99,99,99,999,1018.1,999,16,999,99,99
2025,07,23,23,17,0,0,99,99,99,99,999,1018.1,999,16.3,999,99,99
2025,07,24,00,17,0,0,99,99,99,99,999,1018.1,999,16.4,999,99,99
2025,07,24,01,17,200,1,99,99,99,99,999,1018.1,999,16.1,999,99,99
2025,07,24,02,17,0,0,99,99,99,99,999,1018.2,999,15.8,999,99,99
2025,07,24,03,17,0,0,99,99,99,99,999,1018.3,999,15.6,999,99,99
2025,07,24,04,17,0,0,99,99,99,99,999,1018.5,999,15.4,999,99,99
2025,07,24,05,17,0,0,99,99,99,99,999,1018.7,999,15.4,999,99,99
2025,07,24,06,17,0,0,99,99,99,99,999,1019,999,15.4,999,99,99
2025,07,24,07,17,0,0,99,99,99,99,999,1019.2,999,15.4,999,99,99
2025,07,24,08,17,0,0,99,99,99,99,999,1019.2,999,15.3,999,99,99
2025,07,24,09,17,0,0,99,99,99,99,999,1019,999,15.3,999,99,99
2025,07,24,10,17,0,0,99,99,99,99,999,1018.8,999,15.3,999,99,99
2025,07,24,11,17,0,0,99,99,99,99,999,1018.9,999,15.2,999,99,99
2025,07,24,12,17,0,0,99,99,99,99,999,1018.9,999,15.2,999,99,99
2025,07,24,13,17,0,0,99,99,99,99,999,1019.1,999,15.1,999,99,99
2025,07,24,14,17,0,0,99,99,99,99,999,1019.4,999,15,999,99,99
2025,07,24,15,17,0,0,99,99,99,99,999,1019.8,999,15.1,999,99,99
2025,07,24,16,17,0,0,99,99,99,99,999,1020.2,999,15.2,999,99,99
2025,07,24,17,17,190,1.5,99,99,99,99,999,1020.3,999,15.4,999,99,99
2025,07,24,19,13,240,2.6,99,99,99,99,999,1021.1,15.4,15.5,999,99,99
2025,07,24,20,13,230,3.6,99,99,99,99,999,1020.8,14.9,16,999,99,99
2025,07,24,21,13,210,4.6,99,99,99,99,999,1020.6,15,16,999,99,99
2025,07,24,22,13,210,4.6,99,99,99,99,999,1020.2,15.4,16.1,999,99,99
2025,07,24,23,13,210,5.7,99,99,99,99,999,1019.8,15.6,16.2,999,99,99
2025,07,25,00,13,220,5.7,99,99,99,99,999,1019.7,15.6,16.3,999,99,99
2025,07,25,01,13,240,5.1,99,99,99,99,999,1019.4,15.7,16.2,999,99,99
2025,07,25,02,13,230,4.6,99,99,99,99,999,1019.2,15.6,16.1,999,99,99
2025,07,25,03,13,230,4.6,99,99,99,99,999,1019.2,15.4,16,999,99,99
2025,07,25,04,13,230,4.6,99,99,99,99,999,1019.6,15.3,15.8,999,99,99
2025,07,25,05,13,220,2.6,99,99,99,99,999,1020.1,15.2,15.8,999,99,99
2025,07,25,06,13,230,3.1,99,99,99,99,999,1020,14.9,15.7,999,99,99
2025,07,25,07,13,250,4.1,99,99,99,99,999,1020,14.8,15.7,999,99,99
2025,07,25,08,13,250,4.6,99,99,99,99,999,1019.9,14.8,15.7,999,99,99
2025,07,25,09,13,300,2.6,99,99,99,99,999,1019.4,14.2,15.6,999,99,99
2025,07,25,10,13,280,3.6,99,99,99,99,999,1019,13.9,15.6,999,99,99
2025,07,25,11,13,270,3.1,99,99,99,99,999,1018.6,13.9,15.5,999,99,99
2025,07,25,12,13,260,3.1,99,99,99,99,999,1018.3,13.7,15.4,999,99,99
2025,07,25,13,13,270,3.1,99,99,99,99,999,1018.4,13.4,15.3,999,99,99
2025,07,25,14,13,270,4.6,99,99,99,99,999,1018.5,13.4,15.3,999,99,99
2025,07,25,15,13,270,4.6,99,99,99,99,999,1018.8,13.8,15.3,999,99,99
2025,07,25,16,13,260,3.1,99,99,99,99,999,1018.8,13.6,15.3,999,99,99
2025,07,25,17,13,250,3.1,99,99,99,99,999,1018.8,14,15.4,999,99,99
2025,07,25,18,13,250,3.6,99,99,99,99,999,1018.7,14.2,15.6,999,99,99
2025,07,25,19,13,250,4.1,99,99,99,99,999,1018.4,14.3,15.7,999,99,99
2025,07,25,20,13,230,5.1,99,99,99,99,999,1018.1,14.3,16,999,99,99
2025,07,25,21,13,250,5.1,99,99,99,99,999,1017.7,14.6,15.9,999,99,99
2025,07,25,22,13,230,6.2,99,99,99,99,999,1017.3,14.7,16,999,99,99
2025,07,25,23,13,240,6.7,99,99,99,99,999,1017,14.8,16,999,99,99
2025,07,26,02,13,240,6.7,99,99,99,99,999,1016.8,15,15.8,999,99,99
2025,07,26,03,13,240,6.2,99,99,99,99,999,1016.6,14.9,15.7,999,99,99
2025,07,26,04,13,250,4.6,99,99,99,99,999,1016.7,14.6,15.7,999,99,99
2025,07,26,06,13,260,7.2,99,99,99,99,999,1016.5,14.4,15.6,999,99,99
2025,07,26,07,13,260,6.7,99,99,99,99,999,1016.8,14.4,15.5,999,99,99
2025,07,26,08,13,270,6.2,99,99,99,99,999,1016.8,14.2,15.4,999,99,99
2025,07,26,09,13,260,5.7,99,99,99,99,999,1016.7,13.9,15.3,999,99,99
2025,07,26,10,13,270,5.1,99,99,99,99,999,1016.4,13.7,15.3,999,99,99
2025,07,26,11,13,280,5.7,99,99,99,99,999,1016.3,13.8,15.3,999,99,99
2025,07,26,12,13,280,4.1,99,99,99,99,999,1016.5,13.7,15.2,999,99,99
2025,07,26,13,13,280,3.6,99,99,99,99,999,1016.8,13.8,15.1,999,99,99
2025,07,26,14,13,250,2.1,99,99,99,99,999,1017,14,15,999,99,99
2025,07,26,15,13,300,3.1,99,99,99,99,999,1017.4,13.7,15,999,99,99
2025,07,26,16,13,300,2.1,99,99,99,99,999,1017.5,13.8,15.1,999,99,99
2025,07,26,17,13,290,1.5,99,99,99,99,999,1017.4,13.8,15.1,999,99,99
2025,07,26,18,13,270,1.5,99,99,99,99,999,1017.5,14.2,15.1,999,99,99
2025,07,26,19,13,240,2.6,99,99,99,99,999,1017.5,14.6,15,999,99,99
2025,07,26,20,13,220,5.1,99,99,99,99,999,1017.3,15,15.6,999,99,99
2025,07,26,21,13,220,6.7,99,99,99,99,999,1017.1,15.1,15.5,999,99,99
2025,07,26,22,13,240,6.7,99,99,99,99,999,1017.1,14.9,15.5,999,99,99
2025,07,26,23,13,230,6.2,99,99,99,99,999,1017.1,15.4,15.8,999,99,99
2025,07,27,00,13,250,6.2,99,99,99,99,999,1016.8,15.6,15.7,999,99,99
2025,07,27,01,13,240,6.2,99,99,99,99,999,1016.6,15.5,15.7,999,99,99
2025,07,27,02,13,230,4.6,99,99,99,99,999,1016.4,15.6,15.6,999,99,99
2025,07,27,03,13,240,5.7,99,99,99,99,999,1016.5,15.2,15.4,999,99,99
2025,07,27,04,13,240,4.6,99,99,99,99,999,1016.9,14.7,15.5,999,99,99
2025,07,27,05,13,260,5.1,99,99,99,99,999,1017.3,14.7,15.5,999,99,99
2025,07,27,06,13,260,6.2,99,99,99,99,999,1016.9,14.5,15.4,999,99,99
2025,07,27,07,13,270,6.7,99,99,99,99,999,1016.6,14.3,15.3,999,99,99
2025,07,27,08,03,270,5.1,99,99,99,99,999,1016.6,14.4,15.4,999,99,99
2025,07,27,09,03,280,3.6,99,99,99,99,999,1016.6,14.1,15.4,999,99,99
2025,07,27,10,03,270,4.1,99,99,99,99,999,1016.4,14,15.3,999,99,99
2025,07,27,11,03,260,5.1,99,99,99,99,999,1016.2,14,15.3,999,99,99
2025,07,27,12,03,260,3.1,99,99,99,99,999,1016.6,13.8,15.1,999,99,99
2025,07,27,13,03,260,2.6,99,99,99,99,999,1016.8,13.7,15,999,99,99
2025,07,27,14,03,270,4.6,99,99,99,99,999,1017.1,13.6,15,999,99,99
2025,07,27,15,03,260,4.6,99,99,99,99,999,1017.5,13.7,15.1,999,99,99
2025,07,27,16,03,270,3.6,99,99,99,99,999,1017.9,13.7,15.4,999,99,99
2025,07,27,17,03,270,3.6,99,99,99,99,999,1017.9,13.9,15.6,999,99,99
2025,07,27,18,03,270,4.1,99,99,99,99,999,1018.1,14.2,15.6,999,99,99
2025,07,27,19,03,250,4.1,99,99,99,99,999,1018.2,14.2,15.4,999,99,99
2025,07,27,20,13,250,6.2,99,99,99,99,999,1018,14.7,15.5,999,99,99
2025,07,27,21,13,250,6.2,99,99,99,99,999,1017.7,14.9,15.4,999,99,99
2025,07,27,22,13,240,7.2,99,99,99,99,999,1017.6,15,15.4,999,99,99
2025,07,27,23,13,240,7.2,99,99,99,99,999,1017.4,15,15.2,999,99,99
2025,07,28,00,13,250,7.2,99,99,99,99,999,1017.1,14.9,15.1,999,99,99
2025,07,28,01,13,250,7.7,99,99,99,99,999,1016.9,14.8,14.9,999,99,99
2025,07,28,02,13,260,9.8,99,99,99,99,999,1016.9,14.6,14.8,999,99,99
2025,07,28,03,13,250,9.3,99,99,99,99,999,1017.1,14.6,14.8,999,99,99
2025,07,28,04,13,270,9.8,99,99,99,99,999,1017.1,14.7,15.1,999,99,99
2025,07,28,05,13,270,8.8,99,99,99,99,999,1017.5,14.7,15,999,99,99
2025,07,28,06,13,270,6.7,99,99,99,99,999,1017.7,14.8,14.7,999,99,99
2025,07,28,07,13,270,6.7,99,99,99,99,999,1018,14.5,14.5,999,99,99
2025,07,28,08,13,270,4.6,99,99,99,99,999,1017.8,14.4,14.4,999,99,99
2025,07,28,09,13,270,4.6,99,99,99,99,999,1017.8,14.5,14.3,999,99,99
2025,07,28,10,13,300,3.1,99,99,99,99,999,1017.9,14.2,14.3,999,99,99
2025,07,28,12,13,300,2.6,99,99,99,99,999,1017.8,14,14.3,999,99,99
2025,07,28,13,13,280,3.1,99,99,99,99,999,1018.1,14.1,14.4,999,99,99
2025,07,28,14,13,350,0.5,99,99,99,99,999,1018.6,13.9,14.4,999,99,99
2025,07,28,15,13,340,2.1,99,99,99,99,999,1019,14,14.5,999,99,99
2025,07,28,16,13,340,1.5,99,99,99,99,999,1019.4,14.4,14.9,999,99,99
2025,07,28,17,13,350,0.5,99,99,99,99,999,1019.6,15.9,14.8,999,99,99
2025,07,28,18,13,280,3.1,99,99,99,99,999,1019.6,15.4,15,999,99,99
2025,07,28,19,13,260,5.7,99,99,99,99,999,1019.4,15.1,15.1,999,99,99
2025,07,28,20,13,250,6.2,99,99,99,99,999,1019.1,15.2,15,999,99,99
2025,07,28,21,13,250,5.7,99,99,99,99,999,1019.1,15.2,14.9,999,99,99
2025,07,28,22,13,250,7.2,99,99,99,99,999,1018.7,15.3,14.7,999,99,99
2025,07,28,23,13,250,7.7,99,99,99,99,999,1018.4,15.3,14.8,999,99,99
2025,07,29,00,13,260,6.7,99,99,99,99,999,1018.3,15.5,14.8,999,99,99
2025,07,29,01,13,260,7.7,99,99,99,99,999,1017.8,15.3,14.6,999,99,99
2025,07,29,02,13,260,8.2,99,99,99,99,999,1017.7,15.1,14.3,999,99,99
2025,07,29,03,13,270,8.2,99,99,99,99,999,1017.9,14.8,14.2,999,99,99
2025,07,29,04,13,270,8.2,99,99,99,99,999,1018.3,14.6,14.1,999,99,99
2025,07,29,05,13,280,6.2,99,99,99,99,999,1019,14.6,14,999,99,99
2025,07,29,06,13,270,6.2,99,99,99,99,999,1019,14.4,14,999,99,99
2025,07,29,07,13,260,5.7,99,99,99,99,999,1018.9,14.3,14,999,99,99
2025,07,29,08,13,270,5.1,99,99,99,99,999,1018.8,14.2,14,999,99,99
2025,07,29,09,13,270,4.1,99,99,99,99,999,1018.7,14,14.1,999,99,99
2025,07,29,10,13,270,3.6,99,99,99,99,999,1018.8,14,14.1,999,99,99
2025,07,29,11,13,260,4.6,99,99,99,99,999,1018.7,14.1,14.2,999,99,99
2025,07,29,12,13,270,4.1,99,99,99,99,999,1018.5,13.8,14.2,999,99,99
2025,07,29,13,13,300,3.6,99,99,99,99,999,1018.9,13.6,14.3,999,99,99
2025,07,29,14,13,280,4.1,99,99,99,99,999,1019.3,13.3,14.3,999,99,99
2025,07,29,15,13,270,5.7,99,99,99,99,999,1019.7,13.6,14.3,999,99,99
2025,07,29,16,13,270,4.6,99,99,99,99,999,1020.1,13.5,14.3,999,99,99
2025,07,29,17,13,270,3.6,99,99,99,99,999,1020.4,13.8,14.4,999,99,99
2025,07,29,18,13,250,5.7,99,99,99,99,999,1020.4,14.4,14.4,999,99,99
2025,07,29,19,13,250,5.1,99,99,99,99,999,1020.4,14.7,14.4,999,99,99
2025,07,29,20,13,250,5.1,99,99,99,99,999,1020.3,14.9,14.5,999,99,99
2025,07,29,21,13,250,7.2,99,99,99,99,999,1020.3,15,14.5,999,99,99
2025,07,29,22,13,250,6.7,99,99,99,99,999,1019.4,14.9,14.6,999,99,99
2025,07,29,23,13,250,10.3,99,99,99,99,999,1018.9,15.1,14.6,999,99,99
2025,07,30,00,13,250,8.8,99,99,99,99,999,1018.4,15,14.3,999,99,99
2025,07,30,01,13,260,8.8,99,99,99,99,999,1017.9,14.9,14.1,999,99,99
2025,07,30,02,13,270,10.8,99,99,99,99,999,1017.9,14.8,13.9,999,99,99
2025,07,30,03,13,270,9.3,99,99,99,99,999,1018.4,14.6,13.7,999,99,99
2025,07,30,04,13,270,8.2,99,99,99,99,999,1018.6,14.4,13.6,999,99,99
2025,07,30,05,13,270,8.2,99,99,99,99,999,1018.9,14.3,13.4,999,99,99
2025,07,30,06,13,270,7.7,99,99,99,99,999,1019,14.1,13.4,999,99,99
2025,07,30,07,13,280,6.7,99,99,99,99,999,1018.9,14,13.5,999,99,99
2025,07,30,08,13,280,6.7,99,99,99,99,999,1018.4,13.9,13.6,999,99,99
2025,07,30,09,13,270,5.7,99,99,99,99,999,1018,14,13.7,999,99,99
2025,07,30,10,13,260,5.7,99,99,99,99,999,1017.9,13.9,13.8,999,99,99
2025,07,30,11,13,270,5.7,99,99,99,99,999,1017.7,14,13.7,999,99,99
2025,07,30,12,13,270,4.6,99,99,99,99,999,1017.6,13.9,13.7,999,99,99
2025,07,30,13,13,270,3.6,99,99,99,99,999,1018,13.8,13.7,999,99,99
2025,07,30,14,13,280,2.6,99,99,99,99,999,1018.2,13.8,13.8,999,99,99
2025,07,30,15,13,290,2.1,99,99,99,99,999,1018.5,14.2,13.8,999,99,99
2025,07,30,16,13,270,3.1,99,99,99,99,999,1018.6,14.1,13.9,999,99,99
2025,07,30,17,13,250,2.1,99,99,99,99,999,1019,14,14,999,99,99
2025,07,30,18,13,240,2.1,99,99,99,99,999,1019.5,14.1,14.1,999,99,99
2025,07,30,19,13,240,3.6,99,99,99,99,999,1019.5,14.3,14.1,999,99,99
2025,07,30,20,13,230,4.1,99,99,99,99,999,1019.4,14.4,14.2,999,99,99
2025,07,30,21,13,220,3.6,99,99,99,99,999,1019.2,14.6,14.3,999,99,99
2025,07,30,22,13,230,3.6,99,99,99,99,999,1018.8,14.8,14.4,999,99,99
2025,07,30,23,13,230,4.1,99,99,99,99,999,1018.3,15,14.9,999,99,99
2025,07,31,00,13,230,5.1,99,99,99,99,999,1017.9,15.1,15.1,999,99,99
2025,07,31,01,13,230,6.7,99,99,99,99,999,1017.6,14.9,15,999,99,99
2025,07,31,02,13,250,5.7,99,99,99,99,999,1017.2,14.8,14.8,999,99,99
2025,07,31,03,13,250,7.2,99,99,99,99,999,1017,14.7,14.4,999,99,99
2025,07,31,04,13,270,8.2,99,99,99,99,999,1016.8,14.7,14.2,999,99,99
2025,07,31,05,13,280,8.8,99,99,99,99,999,1016.9,14.3,13.9,999,99,99
2025,07,31,06,13,280,7.7,99,99,99,99,999,1017.1,14.4,14.1,999,99,99
2025,07,31,07,13,280,6.7,99,99,99,99,999,1017.3,14.3,14.1,999,99,99
2025,07,31,08,13,270,5.7,99,99,99,99,999,1017.3,14.3,14.2,999,99,99
2025,07,31,09,13,260,3.6,99,99,99,99,999,1017.1,14.2,14.3,999,99,99
2025,07,31,10,13,260,5.1,99,99,99,99,999,1016.9,14.2,14.5,999,99,99
2025,07,31,11,13,260,3.6,99,99,99,99,999,1017,14.2,14.6,999,99,99
2025,07,31,12,13,260,3.6,99,99,99,99,999,1016.8,14.1,14.6,999,99,99
2025,07,31,13,13,260,3.1,99,99,99,99,999,1017.3,14.2,14.6,999,99,99
2025,07,31,14,13,280,3.1,99,99,99,99,999,1017.7,14.2,14.6,999,99,99
2025,07,31,16,13,250,2.6,99,99,99,99,999,1018.3,14.2,14.5,999,99,99
2025,07,31,17,13,250,2.6,99,99,99,99,999,1018.6,14.4,14.6,999,99,99
2025,07,31,18,13,260,3.6,99,99,99,99,999,1018.9,14.5,15,999,99,99
2025,07,31,19,13,240,4.1,99,99,99,99,999,1019,14.1,15.3,999,99,99
2025,07,31,20,13,250,5.1,99,99,99,99,999,1018.8,14,15.3,999,99,99
2025,07,31,21,13,260,6.2,99,99,99,99,999,1018.3,14,15.5,999,99,99
2025,07,31,22,13,260,8.2,99,99,99,99,999,1018,14,15.4,999,99,99
2025,08,01,00,13,250,8.8,99,99,99,99,999,1017.3,14,14.8,999,99,99
2025,08,01,01,13,250,5.7,99,99,99,99,999,1017.2,13.8,14.4,999,99,99
2025,08,01,02,13,260,8.8,99,99,99,99,999,1017.3,13.8,13.7,999,99,99
2025,08,01,03,13,260,7.2,99,99,99,99,999,1017.4,13.6,13.6,999,99,99
2025,08,01,04,13,270,11.3,99,99,99,99,999,1017.6,13.7,13.5,999,99,99
2025,08,01,05,13,280,8.8,99,99,99,99,999,1018.3,13.8,13.4,999,99,99
2025,08,01,06,13,280,3.6,99,99,99,99,999,1018.8,13.7,13.4,999,99,99
2025,08,01,07,13,290,4.6,99,99,99,99,999,1018.9,13.6,13.5,999,99,99
2025,08,01,08,13,270,1.5,99,99,99,99,999,1018.8,13.6,13.5,999,99,99
2025,08,01,09,13,270,5.1,99,99,99,99,999,1018.4,13.5,13.5,999,99,99
2025,08,01,10,13,290,2.1,99,99,99,99,999,1018.4,13.5,13.6,999,99,99
2025,08,01,11,13,250,5.1,99,99,99,99,999,1018.2,13.6,14,999,99,99
2025,08,01,12,13,280,3.6,99,99,99,99,999,1018.4,13.6,14.2,999,99,99
2025,08,01,13,13,270,6.2,99,99,99,99,999,1018.7,13.5,14.3,999,99,99
2025,08,01,14,13,290,5.1,99,99,99,99,999,1019.2,13.5,14.5,999,99,99
2025,08,01,15,13,280,3.6,99,99,99,99,999,1019.7,13.6,14.7,999,99,99
2025,08,01,16,13,270,5.7,99,99,99,99,999,1020.1,13.7,14.8,999,99,99
2025,08,01,17,13,280,2.6,99,99,99,99,999,1020.4,13.8,14.9,999,99,99
2025,08,01,18,13,260,4.1,99,99,99,99,999,1020.8,13.8,15,999,99,99
2025,08,01,19,13,250,5.1,99,99,99,99,999,1021.1,13.8,15,999,99,99
2025,08,01,20,13,240,5.1,99,99,99,99,999,1021.2,14.2,14.8,999,99,99
2025,08,01,21,13,240,7.2,99,99,99,99,999,1021.1,14.2,14.7,999,99,99
2025,08,01,22,13,240,5.7,99,99,99,99,999,1021.1,14.3,14.5,999,99,99
2025,08,01,23,13,240,7.2,99,99,99,99,999,1020.8,14.4,13.9,999,99,99
2025,08,02,00,13,240,7.2,99,99,99,99,999,1020.7,14.3,13.7,999,99,99
2025,08,02,01,13,240,10.3,99,99,99,99,999,1020.4,14.2,13.8,999,99,99
2025,08,02,02,13,250,7.7,99,99,99,99,999,1020.7,14,13.6,999,99,99
2025,08,02,03,13,260,6.7,99,99,99,99,999,1020.7,13.9,13.4,999,99,99
2025,08,02,04,13,270,7.7,99,99,99,99,999,1021.2,14,13.2,999,99,99
2025,08,02,05,13,270,8.2,99,99,99,99,999,1021.6,13.9,13.1,999,99,99
2025,08,02,06,13,280,5.7,99,99,99,99,999,1021.7,13.5,13.1,999,99,99
2025,08,02,07,13,290,5.1,99,99,99,99,999,1021.8,13.7,13.1,999,99,99
2025,08,02,08,13,270,4.6,99,99,99,99,999,1021.7,13.5,13.1,999,99,99
2025,08,02,09,13,280,5.7,99,99,99,99,999,1021.6,13.4,13.1,999,99,99
2025,08,02,10,13,270,6.2,99,99,99,99,999,1021.7,13.4,13.1,999,99,99
2025,08,02,11,13,270,7.2,99,99,99,99,999,1022,13.2,13.2,999,99,99
2025,08,02,12,13,280,5.7,99,99,99,99,999,1021.7,13.2,13.2,999,99,99
2025,08,02,13,13,280,3.6,99,99,99,99,999,1022.3,13.1,13.3,999,99,99
2025,08,02,14,13,290,4.1,99,99,99,99,999,1022.5,13.3,13.4,999,99,99
2025,08,02,15,13,260,3.1,99,99,99,99,999,1022.7,13.2,13.4,999,99,99
2025,08,02,16,13,260,3.1,99,99,99,99,999,1022.9,13.3,13.8,999,99,99
2025,08,02,17,13,280,2.6,99,99,99,99,999,1022.9,13.4,13.9,999,99,99
2025,08,02,18,13,260,3.6,99,99,99,99,999,1023,13.6,14,999,99,99
2025,08,02,19,13,260,5.1,99,99,99,99,999,1023.5,13.6,14.1,999,99,99
2025,08,02,20,13,260,8.2,99,99,99,99,999,1023.2,13.6,14.1,999,99,99
2025,08,02,21,13,240,7.7,99,99,99,99,999,1022.8,13.6,13.8,999,99,99
2025,08,02,22,13,240,4.6,99,99,99,99,999,1022.1,13.6,13.6,999,99,99
2025,08,02,23,13,250,6.2,99,99,99,99,999,1021.7,13.7,13.6,999,99,99
2025,08,03,00,13,250,6.2,99,99,99,99,999,1021.3,13.7,13.5,999,99,99
2025,08,03,01,13,250,6.7,99,99,99,99,999,1020.9,13.6,13.4,999,99,99
2025,08,03,02,13,250,5.7,99,99,99,99,999,1020.9,13.6,13.5,999,99,99
2025,08,03,03,13,260,8.8,99,99,99,99,999,1020.3,13.5,13.4,999,99,99
2025,08,03,04,13,270,5.7,99,99,99,99,999,1020.5,13.4,13.3,999,99,99
2025,08,03,05,13,270,8.2,99,99,99,99,999,1020.8,13.5,13.2,999,99,99
2025,08,03,06,13,280,5.1,99,99,99,99,999,1020.6,13.3,13.2,999,99,99
2025,08,03,07,13,290,4.6,99,99,99,99,999,1020.3,13.2,13.2,999,99,99
2025,08,03,08,13,310,3.1,99,99,99,99,999,1020.4,13.3,13.2,999,99,99
2025,08,03,09,13,270,3.1,99,99,99,99,999,1019.9,13.5,13.2,999,99,99
2025,08,03,10,13,300,2.6,99,99,99,99,999,1019.8,13.1,13.1,999,99,99
2025,08,03,11,13,320,3.6,99,99,99,99,999,1019.7,13,13.1,999,99,99
2025,08,03,12,13,310,2.1,99,99,99,99,999,1019.7,13.3,13.6,999,99,99
2025,08,03,13,13,310,2.1,99,99,99,99,999,1019.9,13.1,13.9,999,99,99
2025,08,03,14,13,270,1,99,99,99,99,999,1020.1,13,13.9,999,99,99
2025,08,03,15,13,260,2.6,99,99,99,99,999,1020.2,13.2,13.9,999,99,99
2025,08,03,16,13,260,4.1,99,99,99,99,999,1020.3,13.6,14,999,99,99
2025,08,03,18,13,270,1.5,99,99,99,99,999,1020.5,13.7,14.3,999,99,99
2025,08,03,19,13,260,5.7,99,99,99,99,999,1020.2,14.2,14.5,999,99,99
2025,08,03,20,13,250,8.8,99,99,99,99,999,1019.8,14.2,14.5,999,99,99
2025,08,03,21,13,250,10.3,99,99,99,99,999,1019.4,14.3,14.2,999,99,99
2025,08,03,22,13,260,11.8,99,99,99,99,999,1018.4,14.4,13.8,999,99,99
2025,08,03,23,13,250,9.3,99,99,99,99,999,1018,14.4,13.7,999,99,99
2025,08,04,00,13,260,8.8,99,99,99,99,999,1018.1,14.4,13.4,999,99,99
2025,08,04,01,13,250,12.9,99,99,99,99,999,1017.5,14.2,13.3,999,99,99
2025,08,04,02,13,250,11.8,99,99,99,99,999,1017.2,14.2,13.3,999,99,99
2025,08,04,03,13,260,12.4,99,99,99,99,999,1017.6,14.2,13.2,999,99,99
2025,08,04,04,13,260,8.2,99,99,99,99,999,1018.1,14.2,13.3,999,99,99
2025,08,04,05,13,250,6.2,99,99,99,99,999,1018.9,14,13.2,999,99,99
2025,08,04,06,13,260,6.7,99,99,99,99,999,1019,14,13.1,999,99,99
2025,08,04,07,13,260,7.2,99,99,99,99,999,1018.5,13.8,12.9,999,99,99
2025,08,04,08,13,260,3.1,99,99,99,99,999,1018.5,13.5,12.8,999,99,99
2025,08,04,09,13,250,5.7,99,99,99,99,999,1018.1,13.5,12.7,999,99,99
2025,08,04,10,13,250,5.1,99,99,99,99,999,1018.1,13.3,12.6,999,99,99
2025,08,04,11,13,240,4.6,99,99,99,99,999,1018.2,13.2,12.5,999,99,99
2025,08,04,12,13,260,3.1,99,99,99,99,999,1018.3,13,12.4,999,99,99
2025,08,04,13,13,250,5.1,99,99,99,99,999,1018.4,13.3,12.4,999,99,99
2025,08,04,14,13,240,4.1,99,99,99,99,999,1018.6,13.2,12.9,999,99,99
2025,08,04,15,13,240,3.1,99,99,99,99,999,1018.9,13.4,13,999,99,99
2025,08,04,16,13,250,5.1,99,99,99,99,999,1018.7,13.5,13.1,999,99,99
2025,08,04,17,13,260,3.6,99,99,99,99,999,1019,13.4,13.1,999,99,99
2025,08,04,18,13,250,3.6,99,99,99,99,999,1019.3,13.8,13.2,999,99,99
2025,08,04,19,13,220,4.6,99,99,99,99,999,1019,13.9,13.1,999,99,99
2025,08,04,20,13,240,5.7,99,99,99,99,999,1018.5,14.3,13,999,99,99
2025,08,04,21,13,230,6.7,99,99,99,99,999,1018.1,14.4,13.2,999,99,99
2025,08,04,22,13,250,6.7,99,99,99,99,999,1017.5,14.6,13.6,999,99,99
2025,08,04,23,13,250,10.3,99,99,99,99,999,1016.7,14.5,13.4,999,99,99
2025,08,05,00,13,250,14.4,99,99,99,99,999,1016,14.6,13.5,999,99,99
2025,08,05,02,13,250,12.4,99,99,99,99,999,1015.7,14.6,13.2,999,99,99
2025,08,05,03,13,250,10.3,99,99,99,99,999,1016.4,14.2,13.1,999,99,99
2025,08,05,04,13,250,6.2,99,99,99,99,999,1017.1,14.1,13.1,999,99,99
2025,08,05,05,13,250,7.2,99,99,99,99,999,1017.8,13.7,12.9,999,99,99
2025,08,05,06,13,240,6.7,99,99,99,99,999,1017.7,13.4,12.7,999,99,99
2025,08,05,07,13,240,6.2,99,99,99,99,999,1017.6,13.2,12.4,999,99,99
2025,08,05,08,03,250,4.1,99,99,99,99,999,1017.8,13,12.3,999,99,99
2025,08,05,09,03,230,1.5,99,99,99,99,999,1017.9,12.8,12.2,999,99,99
2025,08,05,10,03,250,2.6,99,99,99,99,999,1017.7,12.8,12.2,999,99,99
2025,08,05,11,03,260,3.6,99,99,99,99,999,1017.9,12.8,12.2,999,99,99
2025,08,05,12,03,250,5.7,99,99,99,99,999,1017.8,12.9,12.2,999,99,99
2025,08,05,13,03,250,4.1,99,99,99,99,999,1018.2,13,12.2,999,99,99
2025,08,05,14,03,340,1,99,99,99,99,999,1018.7,13,12.2,999,99,99
2025,08,05,15,03,350,1,99,99,99,99,999,1019,13.2,12.3,999,99,99
2025,08,05,16,03,0,0,99,99,99,99,999,1019.6,14.2,12.3,999,99,99
2025,08,05,17,03,140,1,99,99,99,99,999,1019.5,14.2,12.5,999,99,99
2025,08,05,18,03,240,3.1,99,99,99,99,999,1019.6,14,12.7,999,99,99
2025,08,05,19,03,240,4.1,99,99,99,99,999,1019.3,13.8,13,999,99,99
2025,08,05,20,13,260,5.1,99,99,99,99,999,1019.1,13.8,12.9,999,99,99
2025,08,05,21,13,250,7.7,99,99,99,99,999,1018.6,13.8,12.5,999,99,99
2025,08,05,22,13,250,8.2,99,99,99,99,999,1018.1,13.8,12.6,999,99,99
2025,08,05,23,13,250,8.2,99,99,99,99,999,1017.8,13.9,12.8,999,99,99
2025,08,06,00,13,250,8.2,99,99,99,99,999,1017.4,14,12.7,999,99,99
2025,08,06,01,13,260,9.3,99,99,99,99,999,1017.1,13.9,12.2,999,99,99
2025,08,06,02,13,260,8.8,99,99,99,99,999,1017.1,13.9,12.2,999,99,99
2025,08,06,03,13,270,8.2,99,99,99,99,999,1017.1,13.7,12,999,99,99
2025,08,06,04,13,270,8.8,99,99,99,99,999,1017.7,13.6,12,999,99,99
2025,08,06,05,13,280,6.7,99,99,99,99,999,1018.3,13.2,11.9,999,99,99
2025,08,06,06,13,270,5.1,99,99,99,99,999,1018.2,12.8,11.8,999,99,99
2025,08,06,07,13,270,3.6,99,99,99,99,999,1018.4,12.9,11.8,999,99,99
2025,08,06,08,13,270,3.6,99,99,99,99,999,1018.3,12.6,11.8,999,99,99
2025,08,06,09,13,300,2.1,99,99,99,99,999,1018.2,13,11.8,999,99,99
2025,08,06,10,13,310,3.1,99,99,99,99,999,1018.3,12.8,11.8,999,99,99
2025,08,06,11,13,320,1,99,99,99,99,999,1018.2,12.8,12.3,999,99,99
2025,08,06,12,13,0,0,99,99,99,99,999,1018.3,12.7,12.5,999,99,99
2025,08,06,13,13,260,1.5,99,99,99,99,999,1018.6,12.6,12.6,999,99,99
2025,08,06,14,13,280,3.6,99,99,99,99,999,1018.8,12.9,12.5,999,99,99
2025,08,06,15,13,360,0.5,99,99,99,99,999,1019.3,12.8,12.5,999,99,99
2025,08,06,16,13,270,3.1,99,99,99,99,999,1019.5,12.6,12.5,999,99,99
2025,08,06,17,13,290,2.6,99,99,99,99,999,1019.4,12.5,12.5,999,99,99
2025,08,06,18,13,240,1.5,99,99,99,99,999,1019.5,13,12.5,999,99,99
2025,08,06,19,13,250,6.7,99,99,99,99,999,1019.6,13,12.7,999,99,99
2025,08,06,20,13,250,6.2,99,99,99,99,999,1019.3,13,12.9,999,99,99
2025,08,06,21,13,260,7.2,99,99,99,99,999,1018.7,12.9,12.8,999,99,99
2025,08,06,22,13,250,5.1,99,99,99,99,999,1018.1,13,12.8,999,99,99
2025,08,06,23,13,260,6.2,99,99,99,99,999,1017.9,13.8,12.7,999,99,99
2025,08,07,00,13,250,5.7,99,99,99,99,999,1017.5,13.4,13,999,99,99
2025,08,07,01,13,250,7.7,99,99,99,99,999,1017.1,13.3,12.9,999,99,99
2025,08,07,02,13,270,9.3,99,99,99,99,999,1016.3,13.5,13.1,999,99,99
2025,08,07,03,13,280,8.2,99,99,99,99,999,1016.4,13.6,13,999,99,99
2025,08,07,04,13,290,4.1,99,99,99,99,999,1017,12.6,12.8,999,99,99
2025,08,07,05,13,280,3.1,99,99,99,99,999,1017.8,13,12.8,999,99,99
2025,08,07,06,13,270,2.1,99,99,99,99,999,1017.7,12.2,12.7,999,99,99
2025,08,07,07,13,0,0,99,99,99,99,999,1017.8,12.4,12.7,999,99,99
2025,08,07,08,13,280,4.1,99,99,99,99,999,1017.9,13.3,12.6,999,99,99
2025,08,07,09,13,270,10.3,99,99,99,99,999,1017.4,13,12.6,999,99,99
2025,08,07,10,13,270,7.7,99,99,99,99,999,1017.6,12.9,13.3,999,99,99
2025,08,07,11,13,280,7.7,99,99,99,99,999,1017.3,12.6,12.8,999,99,99
2025,08,07,12,13,270,9.3,99,99,99,99,999,1017.4,12.6,12.7,999,99,99
2025,08,07,13,13,290,6.2,99,99,99,99,999,1017.6,12.7,12.6,999,99,99
2025,08,07,14,13,260,6.7,99,99,99,99,999,1017.6,12.9,12.5,999,99,99
2025,08,07,15,13,260,4.1,99,99,99,99,999,1017.9,12.9,12.6,999,99,99
2025,08,07,16,13,300,4.1,99,99,99,99,999,1018.1,12.6,12.6,999,99,99
2025,08,07,17,13,270,5.1,99,99,99,99,999,1018.5,12.9,12.7,999,99,99
2025,08,07,18,13,260,6.7,99,99,99,99,999,1018.7,12.9,12.8,999,99,99
2025,08,07,19,13,250,3.6,99,99,99,99,999,1019,13.2,13,999,99,99
2025,08,07,20,13,250,5.1,99,99,99,99,999,1018.1,13.6,13.1,999,99,99
2025,08,07,21,13,250,7.2,99,99,99,99,999,1018,13.7,13,999,99,99
2025,08,07,22,13,240,6.2,99,99,99,99,999,1017.4,13.7,13.1,999,99,99
2025,08,07,23,13,250,5.7,99,99,99,99,999,1016.8,13.6,13,999,99,99
2025,08,08,00,13,250,5.7,99,99,99,99,999,1016.4,13.5,12.9,999,99,99
2025,08,08,01,13,250,6.2,99,99,99,99,999,1016,13.4,12.5,999,99,99
2025,08,08,02,13,250,5.7,99,99,99,99,999,1015.7,13.3,12.6,999,99,99
2025,08,08,03,13,250,6.2,99,99,99,99,999,1015.5,13,12.7,999,99,99
2025,08,08,04,13,270,6.7,99,99,99,99,999,1015.6,13,12.8,999,99,99
2025,08,08,05,13,270,7.2,99,99,99,99,999,1015.8,13.1,12.7,999,99,99
2025,08,08,06,13,260,5.7,99,99,99,99,999,1015.5,13,12.7,999,99,99
2025,08,08,07,13,280,3.1,99,99,99,99,999,1015.3,13,12.7,999,99,99
2025,08,08,08,13,280,3.1,99,99,99,99,999,1015.3,12.9,12.9,999,99,99
2025,08,08,09,13,270,4.1,99,99,99,99,999,1014.9,12.9,13,999,99,99
2025,08,08,10,13,250,2.6,99,99,99,99,999,1014.5,12.8,12.9,999,99,99
2025,08,08,11,13,210,1,99,99,99,99,999,1014.1,12.7,12.9,999,99,99
2025,08,08,12,13,0,0,99,99,99,99,999,1013.7,12.6,12.9,999,99,99
2025,08,08,13,13,0,0,99,99,99,99,999,1013.9,12.3,12.9,999,99,99
2025,08,08,14,13,140,1.5,99,99,99,99,999,1014,12.3,12.8,999,99,99
2025,08,08,15,13,100,1,99,99,99,99,999,1014.4,12.2,12.9,999,99,99
2025,08,08,16,13,140,1.5,99,99,99,99,999,1014.7,12.5,12.9,999,99,99
2025,08,08,17,13,160,1.5,99,99,99,99,999,1014.9,12.7,12.9,999,99,99
2025,08,08,18,13,160,1,99,99,99,99,999,1014.7,13,13.1,999,99,99
2025,08,08,19,13,200,1.5,99,99,99,99,999,1014.5,13.3,13.1,999,99,99
2025,08,08,20,13,200,3.6,99,99,99,99,999,1014.1,13.9,13.2,999,99,99
2025,08,08,21,13,190,5.1,99,99,99,99,999,1013.9,14,13.3,999,99,99
2025,08,08,22,13,190,5.7,99,99,99,99,999,1013.8,14.1,13.4,999,99,99
2025,08,08,23,13,210,3.1,99,99,99,99,999,1013.6,14.2,13.3,999,99,99
2025,08,09,00,13,190,3.6,99,99,99,99,999,1013.3,14.1,13.4,999,99,99
2025,08,09,01,13,180,4.1,99,99,99,99,999,1013.1,14.1,13.9,999,99,99
2025,08,09,02,13,180,4.1,99,99,99,99,999,1013,14.1,14,999,99,99
2025,08,09,03,13,180,3.1,99,99,99,99,999,1013,14,13.8,999,99,99
2025,08,09,04,13,190,4.1,99,99,99,99,999,1013.4,13.9,13.9,999,99,99
2025,08,09,05,13,170,4.6,99,99,99,99,999,1014,13.8,13.7,999,99,99
2025,08,09,06,13,160,3.1,99,99,99,99,999,1014,13.8,13.8,999,99,99
2025,08,09,07,13,160,2.1,99,99,99,99,999,1013.8,13.3,13.8,999,99,99
2025,08,09,08,13,170,3.1,99,99,99,99,999,1013.8,13,13.7,999,99,99
2025,08,09,09,13,140,3.1,99,99,99,99,999,1013.7,12.8,13.8,999,99,99
2025,08,09,10,13,140,2.6,99,99,99,99,999,1013.6,12.8,13.7,999,99,99
2025,08,09,11,13,100,2.6,99,99,99,99,999,1013.4,12.7,13.6,999,99,99
2025,08,09,12,13,100,4.1,99,99,99,99,999,1013.3,12.4,13.6,999,99,99
2025,08,09,13,13,120,3.1,99,99,99,99,999,1013.8,12.5,13.1,999,99,99
2025,08,09,14,13,160,2.1,99,99,99,99,999,1014.1,12.4,13.4,999,99,99
2025,08,09,15,13,150,2.1,99,99,99,99,999,1014.5,12.3,13.3,999,99,99
2025,08,09,16,13,160,1.5,99,99,99,99,999,1014.8,12.4,13.5,999,99,99
2025,08,09,17,13,160,2.1,99,99,99,99,999,1015,12,13.5,999,99,99
2025,08,09,18,13,170,1.5,99,99,99,99,999,1015.2,12.3,13.6,999,99,99
2025,08,09,19,13,170,3.6,99,99,99,99,999,1014.9,12.7,13.8,999,99,99
2025,08,09,20,13,190,5.7,99,99,99,99,999,1014.5,13.1,13.9,999,99,99
2025,08,09,21,13,190,6.2,99,99,99,99,999,1014.5,13.6,13.9,999,99,99
2025,08,09,22,13,190,4.6,99,99,99,99,999,1014.3,14,13.9,999,99,99
2025,08,09,23,13,200,4.6,99,99,99,99,999,1014,14.2,13.9,999,99,99
2025,08,10,00,13,200,4.1,99,99,99,99,999,1013.9,14.4,14,999,99,99
2025,08,10,01,13,200,4.1,99,99,99,99,999,1013.6,14.6,13.9,999,99,99
2025,08,10,02,13,190,3.1,99,99,99,99,999,1013.7,14.6,14.4,999,99,99
2025,08,10,03,13,180,2.6,99,99,99,99,999,1013.8,14.4,14.5,999,99,99
2025,08,10,04,13,160,3.1,99,99,99,99,999,1014,14.3,14.4,999,99,99
2025,08,10,05,13,190,3.1,99,99,99,99,999,1014.2,14,14.4,999,99,99
2025,08,10,06,13,210,1,99,99,99,99,999,1014.3,13.8,14.5,999,99,99
2025,08,10,07,13,150,1.5,99,99,99,99,999,1014.2,13.6,14.5,999,99,99
2025,08,10,08,13,220,1,99,99,99,99,999,1014,13.4,14.6,999,99,99
2025,08,10,09,13,160,2.1,99,99,99,99,999,1013.9,13.3,14.7,999,99,99
2025,08,10,10,13,180,1.5,99,99,99,99,999,1014.2,12.9,14.7,999,99,99
2025,08,10,11,13,250,0.5,99,99,99,99,999,1014.1,12.9,14.7,999,99,99
2025,08,10,12,13,150,0.5,99,99,99,99,999,1014.4,13,14.6,999,99,99
2025,08,10,13,13,180,1,99,99,99,99,999,1014.8,13,14.5,999,99,99
2025,08,10,14,13,140,1,99,99,99,99,999,1015.4,12.8,14.5,999,99,99
2025,08,10,15,13,0,0,99,99,99,99,999,1016.2,12.6,14.5,999,99,99
2025,08,10,16,13,100,1.5,99,99,99,99,999,1016.8,12.7,14.6,999,99,99
2025,08,10,17,13,0,0,99,99,99,99,999,1017.5,13,14.7,999,99,99
2025,08,10,18,13,270,1,99,99,99,99,999,1017.3,13.6,14.8,999,99,99
2025,08,10,19,13,220,1.5,99,99,99,99,999,1017.4,13.9,14.7,999,99,99
2025,08,10,20,13,210,4.1,99,99,99,99,999,1017.1,14.2,15.1,999,99,99
2025,08,10,21,13,220,5.1,99,99,99,99,999,1017,14.6,15.3,999,99,99
2025,08,10,22,13,240,3.6,99,99,99,99,999,1016.7,14.9,15.3,999,99,99
2025,08,10,23,13,220,2.6,99,99,99,99,999,1016.5,15,14.9,999,99,99
2025,08,11,00,13,230,3.1,99,99,99,99,999,1016.1,15.3,15.1,999,99,99
2025,08,11,02,13,230,2.1,99,99,99,99,999,1016,15.2,14.6,999,99,99
2025,08,11,03,13,230,2.1,99,99,99,99,999,1016.2,15.1,14.2,999,99,99
2025,08,11,04,13,230,3.1,99,99,99,99,999,1016.8,15,14.5,999,99,99
2025,08,11,05,13,230,2.6,99,99,99,99,999,1017.2,15,14.6,999,99,99
2025,08,11,06,13,240,1,99,99,99,99,999,1017.2,14.7,14.3,999,99,99
2025,08,11,07,13,290,2.1,99,99,99,99,999,1017.1,14.5,14.1,999,99,99
2025,08,11,08,13,260,2.1,99,99,99,99,999,1017.2,14.4,14.2,999,99,99
2025,08,11,09,13,270,2.6,99,99,99,99,999,1017,14.2,14.2,999,99,99
2025,08,11,10,13,270,3.1,99,99,99,99,999,1016.9,14.1,14.3,999,99,99
2025,08,11,11,13,290,2.1,99,99,99,99,999,1016.9,14.1,14.4,999,99,99
2025,08,11,12,13,290,2.1,99,99,99,99,999,1016.9,14,14.3,999,99,99
2025,08,11,13,13,300,2.6,99,99,99,99,999,1017,13.8,14.3,999,99,99
2025,08,11,14,13,310,1.5,99,99,99,99,999,1017.3,13.6,14.5,999,99,99
2025,08,11,15,13,330,1.5,99,99,99,99,999,1017.4,13.4,14.5,999,99,99
2025,08,11,16,13,350,3.6,99,99,99,99,999,1017.5,13.3,14.4,999,99,99
2025,08,11,17,13,280,1,99,99,99,99,999,1017.8,13.5,14.5,999,99,99
2025,08,11,18,13,270,2.6,99,99,99,99,999,1018,13.6,14.6,999,99,99
2025,08,11,19,13,260,4.1,99,99,99,99,999,1017.8,14.4,14.7,999,99,99
2025,08,11,20,13,240,5.1,99,99,99,99,999,1017.4,14.7,14.8,999,99,99
2025,08,11,21,13,240,6.2,99,99,99,99,999,1017.2,14.9,14.9,999,99,99
2025,08,11,22,13,250,6.7,99,99,99,99,999,1016.8,14.8,15,999,99,99
2025,08,11,23,13,240,6.2,99,99,99,99,999,1016.4,15,14.9,999,99,99
2025,08,12,00,13,240,7.2,99,99,99,99,999,1016.1,14.8,15,999,99,99
2025,08,12,01,13,240,5.7,99,99,99,99,999,1015.7,14.7,15,999,99,99
2025,08,12,02,13,240,7.7,99,99,99,99,999,1015.4,14.4,14.8,999,99,99
2025,08,12,03,13,260,7.2,99,99,99,99,999,1015.6,14.2,14.6,999,99,99
2025,08,12,04,13,260,9.3,99,99,99,99,999,1015.8,14,14.3,999,99,99
2025,08,12,05,13,260,6.7,99,99,99,99,999,1015.7,14,14,999,99,99
2025,08,12,06,13,280,5.1,99,99,99,99,999,1015.3,14,14.1,999,99,99
2025,08,12,07,13,270,6.2,99,99,99,99,999,1015.2,13.6,13.8,999,99,99
2025,08,12,08,13,310,5.1,99,99,99,99,999,1015.1,13.6,14.1,999,99,99
2025,08,12,09,13,320,4.1,99,99,99,99,999,1015,13.4,14.1,999,99,99
2025,08,12,10,13,280,4.6,99,99,99,99,999,1015,13.1,14.1,999,99,99
2025,08,12,11,13,270,4.1,99,99,99,99,999,1014.8,13.2,14.2,999,99,99
2025,08,12,12,13,280,6.7,99,99,99,99,999,1014.8,13.2,14.2,999,99,99
2025,08,12,13,13,290,5.1,99,99,99,99,999,1015.1,13.2,14,999,99,99
2025,08,12,14,13,290,5.1,99,99,99,99,999,1015.5,12.8,13.9,999,99,99
2025,08,12,15,13,310,2.6,99,99,99,99,999,1016,12.8,13.8,999,99,99
2025,08,12,16,13,280,2.1,99,99,99,99,999,1016.2,12.9,13.8,999,99,99
2025,08,12,17,13,290,3.6,99,99,99,99,999,1016.2,13.1,13.9,999,99,99
2025,08,12,18,13,260,3.1,99,99,99,99,999,1016.3,13.5,14.1,999,99,99
2025,08,12,19,13,270,3.1,99,99,99,99,999,1016.2,13.8,14.1,999,99,99
2025,08,12,20,13,260,5.7,99,99,99,99,999,1016.1,14,14.2,999,99,99
2025,08,12,21,13,250,7.2,99,99,99,99,999,1015.9,14.2,14.2,999,99,99
2025,08,12,22,13,250,6.7,99,99,99,99,999,1015.4,14.4,14.3,999,99,99
2025,08,12,23,13,240,6.2,99,99,99,99,999,1015.5,14.6,14.4,999,99,99
2025,08,13,00,13,250,7.2,99,99,99,99,999,1015.2,14.9,14.4,999,99,99
2025,08,13,01,13,240,5.7,99,99,99,99,999,1014.9,15,14.4,999,99,99
2025,08,13,02,13,250,7.7,99,99,99,99,999,1014.8,15,14.4,999,99,99
2025,08,13,03,13,240,5.1,99,99,99,99,999,1015.2,15,14.4,999,99,99
2025,08,13,04,03,260,5.7,99,99,99,99,999,1015.5,15,14.5,999,99,99
2025,08,13,05,13,260,4.6,99,99,99,99,999,1015.6,14.8,14.3,999,99,99
2025,08,13,06,13,260,4.6,99,99,99,99,999,1015.4,14.5,14.4,999,99,99
2025,08,13,07,13,280,3.6,99,99,99,99,999,1015.5,14.4,14.1,999,99,99
2025,08,13,08,13,260,1.5,99,99,99,99,999,1015.6,14.5,14.2,999,99,99
2025,08,13,09,13,280,4.6,99,99,99,99,999,1015.3,14.5,14.1,999,99,99
2025,08,13,10,13,270,2.6,99,99,99,99,999,1015.4,14.2,14.1,999,99,99
2025,08,13,11,13,270,2.1,99,99,99,99,999,1015.4,14,14.1,999,99,99
2025,08,13,12,13,290,1,99,99,99,99,999,1015.6,14,14.1,999,99,99
2025,08,13,13,13,300,0.5,99,99,99,99,999,1015.9,14,14.3,999,99,99
2025,08,13,14,13,270,2.1,99,99,99,99,999,1016.3,14.1,14.3,999,99,99
2025,08,13,15,13,320,1.5,99,99,99,99,999,1016.7,13.9,14.2,999,99,99
2025,08,13,16,13,320,2.1,99,99,99,99,999,1016.7,13.8,14.6,999,99,99
2025,08,13,17,13,280,1,99,99,99,99,999,1017.1,14.1,14.7,999,99,99
2025,08,13,18,13,280,2.6,99,99,99,99,999,1017.3,14.2,14.6,999,99,99
2025,08,13,19,13,260,4.6,99,99,99,99,999,1016.6,14.7,14.9,999,99,99
2025,08,13,20,13,250,5.1,99,99,99,99,999,1016.5,15.2,15,999,99,99
2025,08,13,21,13,240,6.7,99,99,99,99,999,1016.4,15.1,15.1,999,99,99
2025,08,13,22,13,250,7.2,99,99,99,99,999,1015.9,15.5,15.4,999,99,99
2025,08,13,23,13,240,4.1,99,99,99,99,999,1015.6,15.7,15.4,999,99,99
2025,08,14,00,13,230,6.7,99,99,99,99,999,1015.5,15.8,15.4,999,99,99
2025,08,14,01,13,240,7.2,99,99,99,99,999,1015.2,15.8,15.4,999,99,99
2025,08,14,02,13,250,6.2,99,99,99,99,999,1015.2,15.6,15.4,999,99,99
2025,08,14,03,13,260,6.7,99,99,99,99,999,1015.1,15.4,15.2,999,99,99
2025,08,14,04,13,250,7.2,99,99,99,99,999,1015.5,15,15.1,999,99,99
2025,08,14,05,13,260,5.7,99,99,99,99,999,1015.7,14.8,14.9,999,99,99
2025,08,14,06,13,260,7.2,99,99,99,99,999,1015.6,14.7,14.8,999,99,99
2025,08,14,07,13,270,4.6,99,99,99,99,999,1015.6,14.6,14.9,999,99,99
2025,08,14,08,13,290,3.1,99,99,99,99,999,1015.7,14.4,14.8,999,99,99
2025,08,14,09,13,270,2.1,99,99,99,99,999,1015.5,14.5,15,999,99,99
2025,08,14,10,13,250,2.1,99,99,99,99,999,1015.2,14.5,14.9,999,99,99
2025,08,14,11,13,220,2.6,99,99,99,99,999,1015,14.4,15,999,99,99
2025,08,14,12,13,250,2.6,99,99,99,99,999,1015.2,14.5,14.7,999,99,99
2025,08,14,13,13,260,3.6,99,99,99,99,999,1015.2,14,14.5,999,99,99
2025,08,14,14,13,250,3.1,99,99,99,99,999,1015.6,14.3,14.5,999,99,99
2025,08,14,15,13,240,1,99,99,99,99,999,1016,14.4,14.5,999,99,99
2025,08,14,16,13,240,2.1,99,99,99,99,999,1016.4,14.2,14.6,999,99,99
2025,08,14,17,13,250,2.6,99,99,99,99,999,1016.3,14.3,14.8,999,99,99
2025,08,14,18,13,250,3.6,99,99,99,99,999,1016.3,14.8,15,999,99,99
2025,08,14,19,13,250,4.6,99,99,99,99,999,1015.9,14.7,15,999,99,99
2025,08,14,20,13,240,3.6,99,99,99,99,999,1015.9,14.2,14.8,999,99,99
2025,08,14,21,13,260,6.2,99,99,99,99,999,1015.6,14.4,14.9,999,99,99
2025,08,14,22,13,260,5.7,99,99,99,99,999,1015,14.3,15,999,99,99
2025,08,14,23,13,250,7.7,99,99,99,99,999,1014.6,14.6,15,999,99,99
2025,08,15,00,13,250,8.2,99,99,99,99,999,1014.4,14.6,15.1,999,99,99
2025,08,15,01,13,250,8.2,99,99,99,99,999,1013.8,14.7,15.2,999,99,99
2025,08,15,02,13,260,8.2,99,99,99,99,999,1013.4,15,15,999,99,99
2025,08,15,03,13,260,8.8,99,99,99,99,999,1013.5,15.2,14.9,999,99,99
2025,08,15,04,13,270,8.8,99,99,99,99,999,1013.9,15,14.7,999,99,99
2025,08,15,05,13,260,6.7,99,99,99,99,999,1014.1,15.2,14.6,999,99,99
2025,08,15,06,13,270,3.6,99,99,99,99,999,1014.2,14.7,14.5,999,99,99
2025,08,15,07,13,270,3.6,99,99,99,99,999,1014,14.7,14.3,999,99,99
2025,08,15,08,13,260,3.1,99,99,99,99,999,1013.7,14.5,14.1,999,99,99
2025,08,15,09,13,270,1.5,99,99,99,99,999,1013.4,14.5,14.8,999,99,99
2025,08,15,10,13,260,2.6,99,99,99,99,999,1013.2,14.6,14.7,999,99,99
2025,08,15,11,13,240,2.6,99,99,99,99,999,1012.9,14.4,14.7,999,99,99
2025,08,15,12,13,270,3.1,99,99,99,99,999,1013,14.4,14.7,999,99,99
2025,08,15,13,13,280,3.6,99,99,99,99,999,1013.3,14.5,14.7,999,99,99
2025,08,15,14,13,280,3.1,99,99,99,99,999,1013.7,14.5,14.7,999,99,99
2025,08,15,15,13,260,3.1,99,99,99,99,999,1014.3,14.4,14.8,999,99,99
2025,08,15,16,13,270,2.6,99,99,99,99,999,1014.8,14.3,14.8,999,99,99
2025,08,15,17,13,310,1.5,99,99,99,99,999,1015.3,14.5,14.7,999,99,99
2025,08,15,18,13,250,2.6,99,99,99,99,999,1015.6,14.2,14.4,999,99,99
2025,08,15,19,13,250,3.6,99,99,99,99,999,1015.6,14.5,15,999,99,99
2025,08,15,20,13,260,5.7,99,99,99,99,999,1015.6,14.2,15,999,99,99
2025,08,15,21,13,250,8.2,99,99,99,99,999,1015.7,14.3,14.5,999,99,99
2025,08,15,22,13,240,6.2,99,99,99,99,999,1015.5,14.6,14.6,999,99,99
2025,08,15,23,13,250,6.7,99,99,99,99,999,1015,15,14.6,999,99,99
2025,08,16,00,13,250,7.7,99,99,99,99,999,1015,15.2,14.7,999,99,99
2025,08,16,01,13,250,9.3,99,99,99,99,999,1015.1,15.5,14.7,999,99,99
2025,08,16,02,13,250,9.8,99,99,99,99,999,1015.3,15.7,14.6,999,99,99
2025,08,16,03,13,260,6.2,99,99,99,99,999,1015.7,15.5,14.4,999,99,99
2025,08,16,04,13,250,5.7,99,99,99,99,999,1016.3,15,14.1,999,99,99
2025,08,16,05,13,210,4.1,99,99,99,99,999,1017,14.7,13.8,999,99,99
2025,08,16,06,13,240,4.1,99,99,99,99,999,1016.8,14.8,13.5,999,99,99
2025,08,16,07,13,240,6.2,99,99,99,99,999,1016.9,14.8,14.9,999,99,99
2025,08,16,08,13,240,5.1,99,99,99,99,999,1017,14.9,14.9,999,99,99
2025,08,16,09,13,220,4.6,99,99,99,99,999,1016.7,14.8,14.8,999,99,99
2025,08,16,10,13,220,3.6,99,99,99,99,999,1016.6,14.8,14.9,999,99,99
2025,08,16,11,13,210,4.6,99,99,99,99,999,1016.5,15,14.8,999,99,99
2025,08,16,12,13,190,3.1,99,99,99,99,999,1016.8,14.9,14.8,999,99,99
2025,08,16,13,13,180,3.1,99,99,99,99,999,1017.1,14.9,14.9,999,99,99
2025,08,16,14,13,180,2.6,99,99,99,99,999,1017.5,14.9,14.9,999,99,99
2025,08,16,15,13,190,4.6,99,99,99,99,999,1018,15,14.8,999,99,99
2025,08,16,16,13,180,3.6,99,99,99,99,999,1018.5,15,14.9,999,99,99
2025,08,16,17,13,160,4.6,99,99,99,99,999,1018.9,14.9,14.3,999,99,99
2025,08,16,18,13,160,4.1,99,99,99,99,999,1019.1,15,14.3,999,99,99
2025,08,16,19,13,170,3.1,99,99,99,99,999,1019.4,15.3,14.4,999,99,99
2025,08,16,20,13,180,3.6,99,99,99,99,999,1019.2,15.5,14.7,999,99,99
2025,08,16,21,13,180,4.6,99,99,99,99,999,1019,15.8,14.8,999,99,99
2025,08,16,22,13,190,5.1,99,99,99,99,999,1018.7,15.8,15,999,99,99
2025,08,16,23,13,210,4.1,99,99,99,99,999,1018,15.9,15.1,999,99,99
2025,08,17,00,13,200,5.7,99,99,99,99,999,1017.8,15.8,15.3,999,99,99
2025,08,17,01,13,230,5.1,99,99,99,99,999,1017.6,15.9,15.2,999,99,99
2025,08,17,02,13,220,4.6,99,99,99,99,999,1017.4,15.9,15.1,999,99,99
2025,08,17,03,13,230,4.6,99,99,99,99,999,1017.6,15.6,14.9,999,99,99
2025,08,17,04,13,250,4.1,99,99,99,99,999,1018.1,15.4,14.8,999,99,99
2025,08,17,05,13,250,6.2,99,99,99,99,999,1018,15,14.8,999,99,99
2025,08,17,06,13,250,6.7,99,99,99,99,999,1017.9,14.8,14.6,999,99,99
2025,08,17,07,13,250,5.1,99,99,99,99,999,1017.6,14.5,14.5,999,99,99
2025,08,17,08,13,260,6.2,99,99,99,99,999,1017.6,15,14.4,999,99,99
2025,08,17,09,13,260,4.1,99,99,99,99,999,1017.4,15,14.3,999,99,99
2025,08,17,10,13,280,5.1,99,99,99,99,999,1017.2,14.9,14.5,999,99,99
2025,08,17,11,13,310,6.2,99,99,99,99,999,1017.1,14.2,14.4,999,99,99
2025,08,17,12,13,280,5.1,99,99,99,99,999,1017,14.4,14.5,999,99,99
2025,08,17,13,13,300,4.1,99,99,99,99,999,1017.3,14.8,14.5,999,99,99
2025,08,17,14,13,330,10.3,99,99,99,99,999,1018.1,14.9,14.5,999,99,99
2025,08,17,15,13,310,4.1,99,99,99,99,999,1018.5,15,14.6,999,99,99
2025,08,17,16,13,270,7.2,99,99,99,99,999,1018.9,15.5,14.5,999,99,99
2025,08,17,17,13,260,4.1,99,99,99,99,999,1018.9,15.2,14.6,999,99,99
2025,08,17,18,13,260,4.1,99,99,99,99,999,1018.7,15.3,14.6,999,99,99
2025,08,17,19,13,220,4.1,99,99,99,99,999,1018.6,15.8,15.2,999,99,99
2025,08,17,20,13,220,6.7,99,99,99,99,999,1017.9,15.6,14.9,999,99,99
2025,08,17,22,13,230,6.7,99,99,99,99,999,1016.7,15.7,14.6,999,99,99
2025,08,17,23,13,240,7.2,99,99,99,99,999,1016.2,15.9,14.5,999,99,99
2025,08,18,00,13,250,9.3,99,99,99,99,999,1016,16.1,14.6,999,99,99
2025,08,18,01,13,250,9.8,99,99,99,99,999,1015.9,16.2,14.6,999,99,99
2025,08,18,02,13,250,9.3,99,99,99,99,999,1015.9,16.1,14.5,999,99,99
2025,08,18,03,13,260,10.3,99,99,99,99,999,1015.9,15.9,14.3,999,99,99
2025,08,18,05,13,270,6.2,99,99,99,99,999,1016.9,15.5,13.9,999,99,99
2025,08,18,06,13,280,6.2,99,99,99,99,999,1017.1,15.2,13.7,999,99,99
2025,08,18,07,13,290,4.6,99,99,99,99,999,1017.3,15.6,13.6,999,99,99
2025,08,18,08,13,270,5.1,99,99,99,99,999,1017.2,15.4,14.3,999,99,99
2025,08,18,09,13,270,4.6,99,99,99,99,999,1017.2,15.1,14.5,999,99,99
2025,08,18,10,13,280,3.6,99,99,99,99,999,1017.3,15,14.6,999,99,99
2025,08,18,11,03,280,2.1,99,99,99,99,999,1017.3,14.9,14.7,999,99,99
2025,08,18,12,03,300,1.5,99,99,99,99,999,1017.4,14.8,14.8,999,99,99
2025,08,18,13,03,300,1.5,99,99,99,99,999,1017.6,14.6,14.8,999,99,99
2025,08,18,14,03,0,0,99,99,99,99,999,1018.2,14.7,14.8,999,99,99
2025,08,18,15,13,100,1,99,99,99,99,999,1018.7,15.6,14.6,999,99,99
2025,08,18,16,13,240,6.2,99,99,99,99,999,1018.5,15.2,14.4,999,99,99
2025,08,18,17,13,260,2.6,99,99,99,99,999,1018.4,14.7,14.5,999,99,99
2025,08,18,18,03,260,3.6,99,99,99,99,999,1018.3,14.6,14.7,999,99,99
2025,08,18,19,03,260,3.6,99,99,99,99,999,1018.1,14.8,14.7,999,99,99
2025,08,18,20,03,250,5.1,99,99,99,99,999,1017.8,15.1,14.7,999,99,99
2025,08,18,21,03,250,9.8,99,99,99,99,999,1017.3,15.4,14.5,999,99,99
2025,08,18,22,03,250,9.8,99,99,99,99,999,1016.5,15.6,14.1,999,99,99
2025,08,18,23,03,250,10.3,99,99,99,99,999,1015.9,15.9,14.1,999,99,99
2025,08,19,00,03,250,8.8,99,99,99,99,999,1015.4,16.2,14.3,999,99,99
2025,08,19,01,03,260,8.8,99,99,99,99,999,1015.1,16.3,14,999,99,99
2025,08,19,02,03,260,11.3,99,99,99,99,999,1015,16.4,13.9,999,99,99
2025,08,19,03,03,260,8.2,99,99,99,99,999,1015.1,16.7,13.7,999,99,99
2025,08,19,04,03,270,9.8,99,99,99,99,999,1016,16.2,13.7,999,99,99
2025,08,19,05,13,270,5.7,99,99,99,99,999,1016.8,15.9,14.3,999,99,99
2025,08,19,06,03,270,8.2,99,99,99,99,999,1017.1,15.8,14.6,999,99,99
2025,08,19,07,03,260,5.7,99,99,99,99,999,1017.4,15.8,14.5,999,99,99
2025,08,19,08,03,250,5.1,99,99,99,99,999,1017.7,15.7,14.3,999,99,99
2025,08,19,09,03,260,5.1,99,99,99,99,999,1017.6,15.5,14.1,999,99,99
2025,08,19,10,03,270,7.7,99,99,99,99,999,1017.7,15.7,14.1,999,99,99
2025,08,19,11,03,270,4.6,99,99,99,99,999,1017.5,15.4,14.6,999,99,99
2025,08,19,12,03,270,4.1,99,99,99,99,999,1017.4,15.2,14.6,999,99,99
2025,08,19,13,03,270,4.6,99,99,99,99,999,1017.9,15.1,14.6,999,99,99
2025,08,19,14,03,280,5.7,99,99,99,99,999,1018.4,15.2,14.6,999,99,99
2025,08,19,15,03,260,4.1,99,99,99,99,999,1018.9,15.1,14.5,999,99,99
2025,08,19,16,03,300,2.1,99,99,99,99,999,1019.3,15.1,14.5,999,99,99
2025,08,19,17,03,280,3.6,99,99,99,99,999,1019.6,15.2,14.6,999,99,99
2025,08,19,18,03,250,3.6,99,99,99,99,999,1019.7,15,14.6,999,99,99
2025,08,19,19,13,260,6.7,99,99,99,99,999,1019.4,15.4,14.6,999,99,99
2025,08,19,20,13,250,6.7,99,99,99,99,999,1019.4,15.5,14.4,999,99,99
2025,08,19,21,03,240,8.2,99,99,99,99,999,1019.2,15.5,14.4,999,99,99
2025,08,19,22,03,250,10.8,99,99,99,99,999,1018.7,15.7,14.4,999,99,99
2025,08,19,23,13,250,10.3,99,99,99,99,999,1018.2,15.6,14.3,999,99,99
2025,08,20,00,13,250,10.8,99,99,99,99,999,1017.9,15.6,14.5,999,99,99
2025,08,20,01,13,250,10.3,99,99,99,99,999,1017.6,15.9,14.5,999,99,99
2025,08,20,02,13,260,12.4,99,99,99,99,999,1017.2,16.1,14.4,999,99,99
2025,08,20,03,13,270,8.2,99,99,99,99,999,1018,15.9,14.3,999,99,99
2025,08,20,04,23,280,6.7,99,99,99,99,999,1019,15.5,14.2,999,99,99
2025,08,20,05,23,290,4.1,99,99,99,99,999,1019.3,15.2,14,999,99,99
2025,08,20,07,13,260,4.1,99,99,99,99,999,1019.2,15.2,14.2,999,99,99
2025,08,20,08,13,250,3.6,99,99,99,99,999,1019.1,15.2,14.2,999,99,99
2025,08,20,16,23,0,0,99,99,99,99,999,1019.2,13.1,13.9,999,99,99
2025,08,20,17,13,260,3.1,99,99,99,99,999,1019.2,13.5,14.1,999,99,99
2025,08,20,18,13,260,6.2,99,99,99,99,999,1018.9,13.4,14.2,999,99,99
2025,08,20,19,13,260,7.2,99,99,99,99,999,1018.3,13.3,14.2,999,99,99
2025,08,20,20,13,270,5.7,99,99,99,99,999,1018,13.7,14.2,999,99,99
2025,08,20,21,03,260,5.1,99,99,99,99,999,1017.6,14.4,14.3,999,99,99
2025,08,20,22,03,260,5.7,99,99,99,99,999,1017,14.8,14.4,999,99,99
2025,08,20,23,03,240,3.6,99,99,99,99,999,1016.4,14.8,14.5,999,99,99
2025,08,21,00,03,250,6.7,99,99,99,99,999,1015.7,14.4,14.4,999,99,99
2025,08,21,01,03,270,8.2,99,99,99,99,999,1015,15,14.5,999,99,99
2025,08,21,02,03,280,8.8,99,99,99,99,999,1014.8,15.2,14.6,999,99,99
2025,08,21,03,03,280,8.2,99,99,99,99,999,1015,14.3,14,999,99,99
2025,08,21,04,03,280,8.8,99,99,99,99,999,1015.5,13.7,13.8,999,99,99
2025,08,21,05,03,280,5.7,99,99,99,99,999,1015.7,14.4,13.7,999,99,99
2025,08,21,06,03,280,4.6,99,99,99,99,999,1015.5,14.6,13.9,999,99,99
2025,08,21,07,03,270,4.6,99,99,99,99,999,1015.6,14.7,14.1,999,99,99
2025,08,21,08,03,270,4.6,99,99,99,99,999,1015.6,14.7,14.3,999,99,99
2025,08,21,09,03,270,4.6,99,99,99,99,999,1015.4,14.4,14.1,999,99,99
2025,08,21,10,03,270,3.6,99,99,99,99,999,1014.9,14.3,13.7,999,99,99
2025,08,21,11,03,280,4.1,99,99,99,99,999,1014.6,14.4,13.8,999,99,99
2025,08,21,12,03,280,2.1,99,99,99,99,999,1014.1,14,13.9,999,99,99
2025,08,21,13,03,290,2.6,99,99,99,99,999,1014,14.1,13.9,999,99,99
2025,08,21,14,03,270,3.6,99,99,99,99,999,1014.4,14,13.9,999,99,99
2025,08,21,15,03,350,2.6,99,99,99,99,999,1014.7,13.4,13.9,999,99,99
2025,08,21,16,13,310,2.1,99,99,99,99,999,1014.9,13.2,14.2,999,99,99
2025,08,21,17,03,290,2.1,99,99,99,99,999,1015.1,13.2,14.4,999,99,99
2025,08,21,18,13,270,7.2,99,99,99,99,999,1014.4,14,14.7,999,99,99
2025,08,21,19,13,260,7.2,99,99,99,99,999,1013.9,14.6,14.7,999,99,99
2025,08,21,20,13,260,7.7,99,99,99,99,999,1013.6,14.6,14.8,999,99,99
2025,08,21,21,13,260,7.2,99,99,99,99,999,1013.2,14.8,14.8,999,99,99
2025,08,21,22,03,260,7.7,99,99,99,99,999,1012.7,14.8,14.6,999,99,99
2025,08,21,23,13,260,7.7,99,99,99,99,999,1011.6,14.9,14.4,999,99,99
2025,08,22,00,03,270,9.3,99,99,99,99,999,1011.2,15,14.4,999,99,99
2025,08,22,01,03,270,8.8,99,99,99,99,999,1011,15,14,999,99,99
2025,08,22,02,03,270,11.3,99,99,99,99,999,1010.2,15,13.9,999,99,99
2025,08,22,03,03,270,10.8,99,99,99,99,999,1010.8,14.8,13.5,999,99,99
2025,08,22,04,03,270,9.3,99,99,99,99,999,1011.2,14.7,13.4,999,99,99
2025,08,22,05,03,270,9.8,99,99,99,99,999,1011.6,14.4,13.5,999,99,99
2025,08,22,06,03,260,8.2,99,99,99,99,999,1011.9,14.2,13.4,999,99,99
2025,08,22,07,03,270,7.2,99,99,99,99,999,1012,13.9,13.6,999,99,99
2025,08,22,08,03,270,8.2,99,99,99,99,999,1012.1,13.6,13.7,999,99,99
2025,08,22,09,03,270,7.7,99,99,99,99,999,1012,13.2,13.6,999,99,99
2025,08,22,10,03,270,10.3,99,99,99,99,999,1012,13.1,13.6,999,99,99
2025,08,22,11,13,270,10.8,99,99,99,99,999,1011.7,13,13.6,999,99,99
2025,08,22,12,13,280,8.2,99,99,99,99,999,1011.8,13.5,13.6,999,99,99
2025,08,22,13,13,280,8.8,99,99,99,99,999,1012.1,13.8,13.5,999,99,99
2025,08,22,14,13,280,5.1,99,99,99,99,999,1012.6,14,13.9,999,99,99
2025,08,22,15,13,290,3.6,99,99,99,99,999,1012.9,13.7,13.9,999,99,99
2025,08,22,16,13,270,7.2,99,99,99,99,999,1012.9,13.6,14,999,99,99
2025,08,22,17,13,270,6.2,99,99,99,99,999,1013.4,13.7,14.2,999,99,99
2025,08,22,18,03,270,8.2,99,99,99,99,999,1013.4,13.4,14.2,999,99,99
2025,08,22,19,13,260,7.2,99,99,99,99,999,1013.4,13.2,14.2,999,99,99
2025,08,22,20,03,260,10.3,99,99,99,99,999,1012.7,13.2,14.1,999,99,99
2025,08,22,21,13,260,7.2,99,99,99,99,999,1012.4,13.5,14.2,999,99,99
2025,08,22,22,13,260,8.2,99,99,99,99,999,1012.3,13.8,14.3,999,99,99
2025,08,22,23,13,260,7.7,99,99,99,99,999,1011.7,14,14.2,999,99,99
2025,08,23,00,13,260,10.3,99,99,99,99,999,1011.5,14,14.2,999,99,99
2025,08,23,01,13,250,8.2,99,99,99,99,999,1011.5,13.8,13.9,999,99,99
2025,08,23,02,13,260,8.2,99,99,99,99,999,1011.5,13.6,13.7,999,99,99
2025,08,23,03,13,260,6.7,99,99,99,99,999,1012.1,13.4,13.6,999,99,99
2025,08,23,04,03,270,8.2,99,99,99,99,999,1012.2,13,13.4,999,99,99
2025,08,23,05,13,270,6.2,99,99,99,99,999,1012.6,13,13.1,999,99,99
2025,08,23,06,13,280,4.6,99,99,99,99,999,1012.5,13.2,13.1,999,99,99
2025,08,23,07,13,290,3.6,99,99,99,99,999,1013,13.4,13.1,999,99,99
2025,08,23,08,13,260,4.6,99,99,99,99,999,1013.2,12.8,13.1,999,99,99
2025,08,23,09,03,270,6.7,99,99,99,99,999,1012.7,12.6,13.2,999,99,99
2025,08,23,10,13,270,6.2,99,99,99,99,999,1012.8,12.6,13.2,999,99,99
2025,08,23,11,03,270,5.1,99,99,99,99,999,1012.9,12.5,13.2,999,99,99
2025,08,23,12,13,260,4.6,99,99,99,99,999,1012.8,12.6,13.1,999,99,99
2025,08,23,13,13,270,2.1,99,99,99,99,999,1013.2,12.8,13.1,999,99,99
2025,08,23,14,13,260,3.1,99,99,99,99,999,1013.9,13,13.1,999,99,99
2025,08,23,15,13,270,2.1,99,99,99,99,999,1014,13.2,13.1,999,99,99
2025,08,23,16,13,10,2.6,99,99,99,99,999,1014.3,13.2,13.5,999,99,99
2025,08,23,17,13,310,1.5,99,99,99,99,999,1014.7,12.9,13.5,999,99,99
2025,08,23,18,13,270,2.1,99,99,99,99,999,1015.1,13,13.5,999,99,99
2025,08,23,19,13,260,7.7,99,99,99,99,999,1014.6,13.6,13.6,999,99,99
2025,08,23,20,13,250,5.1,99,99,99,99,999,1014.7,13.9,13.6,999,99,99
2025,08,23,21,13,230,6.2,99,99,99,99,999,1014.4,14.5,13.7,999,99,99
2025,08,23,22,13,220,5.7,99,99,99,99,999,1014.4,14.7,13.6,999,99,99
2025,08,23,23,13,210,5.1,99,99,99,99,999,1014.5,14.8,13.8,999,99,99
2025,08,24,00,13,220,4.6,99,99,99,99,999,1014.2,15,13.2,999,99,99
2025,08,24,01,13,230,5.1,99,99,99,99,999,1014,15,13.5,999,99,99
2025,08,24,02,03,230,4.6,99,99,99,99,999,1013.6,14.8,13.6,999,99,99
2025,08,24,04,13,260,6.7,99,99,99,99,999,1013.4,14.7,13.6,999,99,99
2025,08,24,05,03,260,6.2,99,99,99,99,999,1013.4,14.3,13.7,999,99,99
2025,08,24,06,03,270,6.7,99,99,99,99,999,1013.4,14.2,13.5,999,99,99
2025,08,24,07,03,280,3.6,99,99,99,99,999,1013.5,14,13.6,999,99,99
2025,08,24,08,03,310,3.6,99,99,99,99,999,1013.7,13.9,13.2,999,99,99
2025,08,24,09,13,300,3.6,99,99,99,99,999,1013.9,14.2,13.6,999,99,99
2025,08,24,10,13,280,4.1,99,99,99,99,999,1014.1,14.3,13.5,999,99,99
2025,08,24,11,13,360,1.5,99,99,99,99,999,1013.8,14.1,13.4,999,99,99
2025,08,24,12,13,300,1,99,99,99,99,999,1014,14.2,13.5,999,99,99
2025,08,24,13,13,340,2.6,99,99,99,99,999,1013.9,14.1,13.6,999,99,99
2025,08,24,14,13,290,1,99,99,99,99,999,1014.2,14.1,13.6,999,99,99
2025,08,24,15,13,360,1,99,99,99,99,999,1014.5,14.1,13.7,999,99,99
2025,08,24,16,13,280,2.1,99,99,99,99,999,1014.8,13.9,13.7,999,99,99
2025,08,24,17,13,290,2.1,99,99,99,99,999,1015.6,14,13.6,999,99,99
2025,08,24,18,13,0,0,99,99,99,99,999,1015.2,15.1,13.9,999,99,99
2025,08,24,19,13,230,3.1,99,99,99,99,999,1015.3,15.3,14.2,999,99,99
2025,08,24,20,13,240,4.6,99,99,99,99,999,1014.8,15.2,14.7,999,99,99
2025,08,24,21,03,220,4.6,99,99,99,99,999,1014.4,15.4,14.8,999,99,99
2025,08,24,22,03,220,5.7,99,99,99,99,999,1013.7,15.5,15.2,999,99,99
2025,08,24,23,03,220,5.7,99,99,99,99,999,1013.5,15.5,14.8,999,99,99
2025,08,25,00,03,220,4.6,99,99,99,99,999,1013.3,15.5,14.7,999,99,99
2025,08,25,01,13,210,4.6,99,99,99,99,999,1013.1,15.6,14.5,999,99,99
2025,08,25,02,13,230,5.1,99,99,99,99,999,1012.9,15.3,14.1,999,99,99
2025,08,25,03,13,230,6.2,99,99,99,99,999,1013,14.9,13.9,999,99,99
2025,08,25,04,13,240,5.1,99,99,99,99,999,1013.1,14.8,14,999,99,99
2025,08,25,05,13,260,4.6,99,99,99,99,999,1012.6,14.6,13.9,999,99,99
2025,08,25,06,13,280,5.7,99,99,99,99,999,1012.5,14.4,13.9,999,99,99
2025,08,25,07,13,310,4.1,99,99,99,99,999,1012.6,14.2,13.8,999,99,99
2025,08,25,08,13,290,4.6,99,99,99,99,999,1012.6,14.5,13.9,999,99,99
2025,08,25,09,13,320,3.1,99,99,99,99,999,1012.7,14.4,14,999,99,99
2025,08,25,10,13,300,1,99,99,99,99,999,1012.9,14.3,14.3,999,99,99
2025,08,25,11,13,270,1.5,99,99,99,99,999,1012.7,14.4,14.3,999,99,99
2025,08,25,12,13,260,2.1,99,99,99,99,999,1012.6,14.6,14.4,999,99,99
2025,08,25,13,13,300,1.5,99,99,99,99,999,1012.8,14.3,14.4,999,99,99
2025,08,25,14,13,360,1,99,99,99,99,999,1013.3,14.4,14.3,999,99,99
2025,08,25,15,13,20,1.5,99,99,99,99,999,1013.7,14.2,14.3,999,99,99
2025,08,25,16,03,360,1.5,99,99,99,99,999,1013.9,14.2,14.2,999,99,99
2025,08,25,17,03,80,0.5,99,99,99,99,999,1014.3,14.5,14.2,999,99,99
2025,08,25,18,03,90,0.5,99,99,99,99,999,1014.4,14.9,14.2,999,99,99
2025,08,25,19,03,150,1,99,99,99,99,999,1014.2,15.3,14.6,999,99,99
2025,08,25,20,03,220,1.5,99,99,99,99,999,1014,15.8,14.9,999,99,99
2025,08,25,21,13,240,3.1,99,99,99,99,999,1013.9,16.1,14.8,999,99,99
2025,08,25,22,13,220,3.1,99,99,99,99,999,1013.3,16,14.9,999,99,99
2025,08,25,23,13,200,3.1,99,99,99,99,999,1012.7,15.9,14.8,999,99,99
2025,08,26,00,13,210,3.1,99,99,99,99,999,1012.6,16.3,15.1,999,99,99
2025,08,26,01,03,210,2.1,99,99,99,99,999,1012.6,16.2,15.6,999,99,99
2025,08,26,02,03,230,3.1,99,99,99,99,999,1012.5,16.1,14.9,999,99,99
2025,08,26,03,03,200,1.5,99,99,99,99,999,1012.7,16,15,999,99,99
2025,08,26,04,03,180,1.5,99,99,99,99,999,1013.2,15.5,14.9,999,99,99
2025,08,26,05,03,240,2.1,99,99,99,99,999,1013.1,15.6,15,999,99,99
2025,08,26,06,03,210,2.6,99,99,99,99,999,1012.8,15.6,14.9,999,99,99
2025,08,26,07,03,250,1.5,99,99,99,99,999,1012.9,15.4,14.6,999,99,99
2025,08,26,08,03,270,1.5,99,99,99,99,999,1013.4,15.2,14.6,999,99,99
2025,08,26,09,03,310,1,99,99,99,99,999,1013.5,15.6,14.3,999,99,99
2025,08,26,10,13,250,1.5,99,99,99,99,999,1013.7,15.4,14.2,999,99,99
2025,08,26,11,13,300,1,99,99,99,99,999,1013.7,15.4,14,999,99,99
2025,08,26,12,13,100,1,99,99,99,99,999,1013.8,15,14.2,999,99,99
2025,08,26,13,03,0,0,99,99,99,99,999,1014,15,14.2,999,99,99
2025,08,26,14,03,50,1,99,99,99,99,999,1014.7,15,14.8,999,99,99
2025,08,26,15,03,70,0.5,99,99,99,99,999,1015.2,15.3,15.1,999,99,99
2025,08,26,16,13,80,1,99,99,99,99,999,1015.7,15.2,15.8,999,99,99
2025,08,26,17,13,30,1.5,99,99,99,99,999,1016.1,15.5,15.3,999,99,99
2025,08,26,18,13,0,0,99,99,99,99,999,1016.3,16.3,15.8,999,99,99
2025,08,26,19,13,200,2.6,99,99,99,99,999,1016.3,16.6,15.3,999,99,99
2025,08,26,20,13,210,2.6,99,99,99,99,999,1016.3,17,16.2,999,99,99
2025,08,26,21,13,230,3.6,99,99,99,99,999,1016.1,17,15.8,999,99,99
2025,08,26,22,13,230,3.1,99,99,99,99,999,1015.9,17.2,15.9,999,99,99
2025,08,26,23,13,200,2.6,99,99,99,99,999,1015.4,17.3,16.4,999,99,99
2025,08,27,00,03,200,3.6,99,99,99,99,999,1015,17,15.4,999,99,99
2025,08,27,01,03,190,3.1,99,99,99,99,999,1015,17.1,16.4,999,99,99
2025,08,27,02,03,200,1.5,99,99,99,99,999,1014.9,17,16.6,999,99,99
2025,08,27,03,03,340,0.5,99,99,99,99,999,1015.2,16.5,15.9,999,99,99
2025,08,27,04,03,0,0,99,99,99,99,999,1016,16.2,16.3,999,99,99
2025,08,27,05,03,150,1.5,99,99,99,99,999,1016.3,16.2,15.9,999,99,99
2025,08,27,06,03,150,1.5,99,99,99,99,999,1016.6,16.2,15.4,999,99,99
2025,08,27,07,13,170,1.5,99,99,99,99,999,1016.8,15.9,14.3,999,99,99
2025,08,27,08,13,50,1,99,99,99,99,999,1016.8,15.4,14,999,99,99
2025,08,27,09,13,100,0.5,99,99,99,99,999,1016.5,14.7,14.2,999,99,99
2025,08,27,10,03,100,1.5,99,99,99,99,999,1016.5,14.3,13.8,999,99,99
2025,08,27,11,03,0,0,99,99,99,99,999,1017,14.2,13.7,999,99,99
2025,08,27,12,03,30,1,99,99,99,99,999,1016.9,14.6,13.1,999,99,99
2025,08,27,13,03,20,1.5,99,99,99,99,999,1017.4,14.6,13.5,999,99,99
2025,08,27,14,03,50,1.5,99,99,99,99,999,1017.9,14.2,12.8,999,99,99
2025,08,27,15,03,70,2.1,99,99,99,99,999,1018.5,14,13.7,999,99,99
2025,08,27,16,03,60,2.6,99,99,99,99,999,1018.8,14.4,13.6,999,99,99
2025,08,27,17,03,60,1,99,99,99,99,999,1019.3,14.9,13.6,999,99,99
2025,08,27,18,03,70,1.5,99,99,99,99,999,1019.3,16.2,13.9,999,99,99
2025,08,27,19,03,0,0,99,99,99,99,999,1018.8,18,13.8,999,99,99
2025,08,27,20,03,180,1.5,99,99,99,99,999,1018.3,17.6,14.2,999,99,99
2025,08,27,21,03,230,2.6,99,99,99,99,999,1018.4,17.4,16.6,999,99,99
2025,08,27,22,13,220,2.1,99,99,99,99,999,1017.9,16.7,14.8,999,99,99
2025,08,27,23,13,230,2.1,99,99,99,99,999,1017.7,16.5,15,999,99,99
2025,08,28,00,13,210,2.6,99,99,99,99,999,1017.6,16.8,15,999,99,99
2025,08,28,01,13,190,1.5,99,99,99,99,999,1017.5,17,15.7,999,99,99
2025,08,28,02,13,200,2.6,99,99,99,99,999,1017.7,17,16.1,999,99,99
2025,08,28,03,13,200,2.6,99,99,99,99,999,1018.1,16.6,16,999,99,99
2025,08,28,04,13,190,2.1,99,99,99,99,999,1018.6,16.5,14.6,999,99,99
2025,08,28,05,03,180,1.5,99,99,99,99,999,1018.9,16.3,15.7,999,99,99
2025,08,28,06,03,210,1,99,99,99,99,999,1019.2,16,14.2,999,99,99
2025,08,28,07,03,120,2.1,99,99,99,99,999,1019.1,15.6,14.1,999,99,99
2025,08,28,08,03,110,2.1,99,99,99,99,999,1018.8,14.7,14.2,999,99,99
2025,08,28,09,03,120,1.5,99,99,99,99,999,1018.6,14.7,14.1,999,99,99
2025,08,28,10,13,170,1.5,99,99,99,99,999,1018.5,15.3,14.9,999,99,99
2025,08,28,11,13,190,1,99,99,99,99,999,1018.4,15.7,14.7,999,99,99
2025,08,28,12,13,340,0.5,99,99,99,99,999,1018.6,15.2,15,999,99,99
2025,08,28,13,13,50,1,99,99,99,99,999,1018.7,14.5,15.1,999,99,99
2025,08,28,14,13,60,1.5,99,99,99,99,999,1018.8,14.5,15.2,999,99,99
2025,08,28,15,13,360,1.5,99,99,99,99,999,1019.2,14.8,15.7,999,99,99
2025,08,28,16,13,360,2.1,99,99,99,99,999,1019.4,14.8,15.7,999,99,99
2025,08,28,17,03,310,1,99,99,99,99,999,1019.5,15.3,15.9,999,99,99
2025,08,28,18,03,270,3.6,99,99,99,99,999,1019.4,16.1,16.2,999,99,99
2025,08,28,19,03,250,3.6,99,99,99,99,999,1019,16.4,16.2,999,99,99
2025,08,28,20,03,250,4.1,99,99,99,99,999,1018.6,16.6,16.4,999,99,99
2025,08,28,21,13,250,5.7,99,99,99,99,999,1018.1,16.9,16.6,999,99,99
2025,08,28,22,13,240,7.2,99,99,99,99,999,1017.2,16.8,16.2,999,99,99
2025,08,28,23,13,250,7.2,99,99,99,99,999,1016.9,16.8,16.1,999,99,99
2025,08,29,00,13,240,6.2,99,99,99,99,999,1017,16.8,15.7,999,99,99
2025,08,29,01,13,250,7.2,99,99,99,99,999,1017,16.7,15.6,999,99,99
2025,08,29,02,13,240,5.1,99,99,99,99,999,1017.2,16.5,15.4,999,99,99
2025,08,29,03,13,240,6.7,99,99,99,99,999,1017.6,16.4,15.4,999,99,99
2025,08,29,04,13,250,5.7,99,99,99,99,999,1018,16.3,15.7,999,99,99
2025,08,29,05,13,250,5.7,99,99,99,99,999,1018,16.1,15.3,999,99,99
2025,08,29,06,13,260,6.2,99,99,99,99,999,1017.9,15.3,14.6,999,99,99
2025,08,29,07,13,270,5.7,99,99,99,99,999,1017.8,15.3,14.6,999,99,99
2025,08,29,08,13,290,3.6,99,99,99,99,999,1017.7,15.4,15,999,99,99
2025,08,29,09,13,270,3.1,99,99,99,99,999,1017.5,15,14.7,999,99,99
2025,08,29,10,13,310,6.2,99,99,99,99,999,1017.7,15.1,14.6,999,99,99
2025,08,29,11,13,280,2.6,99,99,99,99,999,1018,15.1,14.4,999,99,99
2025,08,29,12,13,340,4.1,99,99,99,99,999,1017.8,14.7,14.3,999,99,99
2025,08,29,13,13,320,4.1,99,99,99,99,999,1018.5,14.3,14.5,999,99,99
2025,08,29,14,13,350,2.6,99,99,99,99,999,1018.6,14.4,14.6,999,99,99
2025,08,29,15,03,350,2.1,99,99,99,99,999,1019,14.7,14.6,999,99,99
2025,08,29,16,03,20,2.1,99,99,99,99,999,1019.6,14.8,14.7,999,99,99
2025,08,29,17,03,360,0.5,99,99,99,99,999,1020,15.7,14.7,999,99,99
2025,08,29,18,13,290,0.5,99,99,99,99,999,1020.1,16.4,15,999,99,99
2025,08,29,19,13,250,3.1,99,99,99,99,999,1019.8,15.8,14.9,999,99,99
2025,08,29,20,13,260,6.7,99,99,99,99,999,1019.2,16,15.1,999,99,99
2025,08,29,21,13,270,6.7,99,99,99,99,999,1018.4,16,15,999,99,99
2025,08,29,22,13,260,6.7,99,99,99,99,999,1017.8,15.9,15.2,999,99,99
2025,08,29,23,13,260,7.7,99,99,99,99,999,1017.1,15.8,14.5,999,99,99
2025,08,30,00,13,260,9.3,99,99,99,99,999,1016.8,15.9,14.3,999,99,99
2025,08,30,01,13,250,7.2,99,99,99,99,999,1016.6,15.8,14.2,999,99,99
2025,08,30,02,03,260,11.3,99,99,99,99,999,1016.2,15.5,14.1,999,99,99
2025,08,30,03,13,270,7.7,99,99,99,99,999,1016.4,15.2,13.7,999,99,99
2025,08,30,04,13,280,3.1,99,99,99,99,999,1016.8,14.6,13.6,999,99,99
2025,08,30,05,13,270,4.6,99,99,99,99,999,1016.9,14.8,14,999,99,99
2025,08,30,06,13,280,3.1,99,99,99,99,999,1016.7,14.4,14.1,999,99,99
2025,08,30,07,13,270,2.6,99,99,99,99,999,1016.6,14.6,14.2,999,99,99
2025,08,30,08,13,270,3.6,99,99,99,99,999,1016.1,14.6,14.3,999,99,99
2025,08,30,09,13,290,3.1,99,99,99,99,999,1015.9,14.3,14.3,999,99,99
2025,08,30,10,03,290,3.1,99,99,99,99,999,1015.9,14.3,14.3,999,99,99
2025,08,30,11,13,270,3.6,99,99,99,99,999,1015.9,14.3,14.1,999,99,99
2025,08,30,12,13,280,3.6,99,99,99,99,999,1015.7,14.4,14.1,999,99,99
2025,08,30,13,13,280,3.1,99,99,99,99,999,1016.1,14.2,14.1,999,99,99
2025,08,30,14,13,290,1.5,99,99,99,99,999,1016.5,14.1,14,999,99,99
2025,08,30,15,13,290,1.5,99,99,99,99,999,1016.6,14.4,14.1,999,99,99
2025,08,30,16,13,280,2.6,99,99,99,99,999,1016.8,14.7,14.2,999,99,99
2025,08,30,17,13,270,5.7,99,99,99,99,999,1016.5,14.5,14.4,999,99,99
2025,08,30,18,13,270,5.1,99,99,99,99,999,1016.2,14.8,14.4,999,99,99
2025,08,30,19,13,260,5.1,99,99,99,99,999,1015.5,14.9,14.5,999,99,99
2025,08,30,20,13,260,5.7,99,99,99,99,999,1014.8,15.2,14.6,999,99,99
2025,08,30,21,13,260,7.7,99,99,99,99,999,1013.9,15.5,14.7,999,99,99
2025,08,30,22,13,260,7.7,99,99,99,99,999,1013.4,15.7,14.6,999,99,99
2025,08,30,22,53,250,10.3,99,99,99,99,999,1012.9,15.8,14.6,999,99,99
2025,08,30,23,53,260,12.9,99,99,99,99,999,1011.9,16,14.5,999,99,99
2025,08,31,00,53,260,11.3,99,99,99,99,999,1011.8,16.1,14.2,999,99,99
2025,08,31,03,13,280,7.2,99,99,99,99,999,1012.3,15.4,13.9,999,99,99
2025,08,31,04,13,270,4.1,99,99,99,99,999,1013,14.9,14.2,999,99,99
2025,08,31,05,13,280,4.1,99,99,99,99,999,1013.4,14.8,14.1,999,99,99
2025,08,31,06,13,270,3.1,99,99,99,99,999,1013.4,14.5,14,999,99,99
2025,08,31,07,13,270,4.1,99,99,99,99,999,1013.4,14.5,13.7,999,99,99
2025,08,31,08,13,290,3.1,99,99,99,99,999,1013.1,14.5,14.4,999,99,99
2025,08,31,09,13,270,3.1,99,99,99,99,999,1013.2,14.5,14.5,999,99,99
2025,08,31,10,13,290,3.1,99,99,99,99,999,1013.2,14.7,14.9,999,99,99
2025,08,31,11,13,280,3.1,99,99,99,99,999,1013.2,14.8,15,999,99,99
2025,08,31,12,13,270,4.1,99,99,99,99,999,1013,14.9,15.1,999,99,99
2025,08,31,13,13,320,1.5,99,99,99,99,999,1013.2,14.9,15.1,999,99,99
2025,08,31,14,13,280,3.1,99,99,99,99,999,1013.7,15,14.7,999,99,99
2025,08,31,15,13,280,3.1,99,99,99,99,999,1014.3,15,14.5,999,99,99
2025,08,31,16,13,270,2.6,99,99,99,99,999,1014.3,14.9,14.3,999,99,99
2025,08,31,17,13,280,4.1,99,99,99,99,999,1014.4,15,14.3,999,99,99
2025,08,31,18,13,260,4.1,99,99,99,99,999,1014.3,15.1,14.5,999,99,99
2025,08,31,19,13,260,6.2,99,99,99,99,999,1014.3,15.2,14.5,999,99,99
2025,08,31,20,13,250,6.7,99,99,99,99,999,1014.1,15.4,14.5,999,99,99
2025,08,31,21,13,240,5.1,99,99,99,99,999,1013.7,15.6,14.5,999,99,99
2025,08,31,22,13,260,10.3,99,99,99,99,999,1012.2,16.2,14.1,999,99,99
2025,08,31,23,13,260,9.3,99,99,99,99,999,1011.5,16.3,13.9,999,99,99
2025,09,01,00,13,260,9.8,99,99,99,99,999,1011.3,16.5,13.9,999,99,99
2025,09,01,01,13,270,9.3,99,99,99,99,999,1011.4,16.4,14.1,999,99,99
2025,09,01,02,13,300,5.7,99,99,99,99,999,1011.8,15.8,13.8,999,99,99
2025,09,01,03,13,270,8.2,99,99,99,99,999,1012.2,15.5,13.6,999,99,99
2025,09,01,04,13,260,6.7,99,99,99,99,999,1013,15.1,13.6,999,99,99
2025,09,01,05,13,270,6.2,99,99,99,99,999,1013.3,14.8,13.4,999,99,99
2025,09,01,06,13,270,6.7,99,99,99,99,999,1013.2,14.5,13.4,999,99,99
2025,09,01,07,13,270,5.1,99,99,99,99,999,1013.4,14.4,13.6,999,99,99
2025,09,01,08,13,270,6.7,99,99,99,99,999,1013.4,14.3,13.6,999,99,99
2025,09,01,09,13,270,8.8,99,99,99,99,999,1013.2,14.5,14.6,999,99,99
2025,09,01,10,13,270,7.2,99,99,99,99,999,1013.2,14.6,14.7,999,99,99
2025,09,01,11,13,270,8.2,99,99,99,99,999,1013.2,14.4,14.5,999,99,99
2025,09,01,12,13,270,8.2,99,99,99,99,999,1013,13.7,14,999,99,99
2025,09,01,13,13,280,7.2,99,99,99,99,999,1013.3,13.4,13.9,999,99,99
2025,09,01,14,13,280,6.7,99,99,99,99,999,1013.7,13.2,13.7,999,99,99
2025,09,01,15,13,270,6.7,99,99,99,99,999,1014,13.3,13.6,999,99,99
2025,09,01,16,13,270,6.7,99,99,99,99,999,1013.6,13.1,13.6,999,99,99
2025,09,01,16,53,270,6.2,99,99,99,99,999,1014.2,13.5,13.5,999,99,99
2025,09,01,17,53,270,7.2,99,99,99,99,999,1014.1,13.2,13.7,999,99,99
2025,09,01,19,13,260,7.7,99,99,99,99,999,1013.7,13.4,13.9,999,99,99
2025,09,01,20,13,250,6.7,99,99,99,99,999,1013.3,13.6,14.1,999,99,99
2025,09,01,21,13,240,7.2,99,99,99,99,999,1013.2,13.6,14,999,99,99
2025,09,01,22,13,240,7.7,99,99,99,99,999,1013,13.8,14,999,99,99
2025,09,01,23,13,250,8.8,99,99,99,99,999,1012.9,13.8,14,999,99,99
2025,09,02,00,13,240,7.2,99,99,99,99,999,1013,13.9,13.6,999,99,99
2025,09,02,01,13,250,3.6,99,99,99,99,999,1013.1,14.3,13.7,999,99,99
2025,09,02,02,13,250,4.6,99,99,99,99,999,1013,13.8,13.7,999,99,99
2025,09,02,03,13,250,4.1,99,99,99,99,999,1013.3,13.6,13.7,999,99,99
2025,09,02,04,13,260,4.1,99,99,99,99,999,1013.5,13.4,13.5,999,99,99
2025,09,02,05,13,240,2.1,99,99,99,99,999,1013.8,13.4,13.3,999,99,99
2025,09,02,06,13,230,1.5,99,99,99,99,999,1013.4,13,13.4,999,99,99
2025,09,02,07,13,220,1,99,99,99,99,999,1013.8,12.9,13.4,999,99,99
2025,09,02,08,13,0,0,99,99,99,99,999,1013.5,13.1,14.8,999,99,99
2025,09,02,09,13,160,2.6,99,99,99,99,999,1013.6,13.2,14.7,999,99,99
2025,09,02,10,13,180,1,99,99,99,99,999,1013.5,12.9,14.1,999,99,99
2025,09,02,11,13,90,1,99,99,99,99,999,1013.5,13.3,13.8,999,99,99
2025,09,02,12,13,120,2.6,99,99,99,99,999,1013.5,13.6,14,999,99,99
2025,09,02,13,13,130,2.6,99,99,99,99,999,1013.6,13.6,13.8,999,99,99
2025,09,02,14,13,160,5.7,99,99,99,99,999,1014.4,13.8,13.8,999,99,99
2025,09,02,15,13,170,4.6,99,99,99,99,999,1014.7,14,13.9,999,99,99
2025,09,02,15,53,170,4.1,99,99,99,99,999,1014.9,14,13.9,999,99,99
2025,09,02,16,53,160,6.2,99,99,99,99,999,1015.5,14.3,14,999,99,99
2025,09,02,17,53,160,5.7,99,99,99,99,999,1015.7,14.8,14.4,999,99,99
2025,09,02,18,53,170,5.7,99,99,99,99,999,1015.9,15.3,14.6,999,99,99
2025,09,02,19,53,180,5.1,99,99,99,99,999,1015.7,15.9,14.7,999,99,99
2025,09,02,21,13,180,5.7,99,99,99,99,999,1015.7,16.3,15.3,999,99,99
2025,09,02,22,13,190,5.1,99,99,99,99,999,1015.3,16.5,15.4,999,99,99
2025,09,02,23,13,180,5.7,99,99,99,99,999,1015.3,16.5,15.8,999,99,99
2025,09,02,23,53,170,5.7,99,99,99,99,999,1015.8,16.6,15.8,999,99,99
2025,09,03,01,13,190,3.1,99,99,99,99,999,1016.1,16.5,15.8,999,99,99
2025,09,03,02,13,180,2.6,99,99,99,99,999,1016.2,16.3,15.8,999,99,99
2025,09,03,03,13,190,2.6,99,99,99,99,999,1016.5,16.1,15.7,999,99,99
2025,09,03,04,13,180,1,99,99,99,99,999,1016.9,16,15.7,999,99,99
2025,09,03,05,13,140,1.5,99,99,99,99,999,1016.9,16.1,15.7,999,99,99
2025,09,03,05,53,130,1,99,99,99,99,999,1016.6,16.1,15.7,999,99,99
2025,09,03,06,53,0,0,99,99,99,99,999,1016.5,15.8,15.7,999,99,99
2025,09,03,08,13,140,0.5,99,99,99,99,999,1016.2,15.5,15.7,999,99,99
2025,09,03,09,13,0,0,99,99,99,99,999,1016.1,15.3,15.6,999,99,99
2025,09,03,09,53,150,1,99,99,99,99,999,1016.1,15.5,15.6,999,99,99
2025,09,03,10,53,20,2.1,99,99,99,99,999,1016.3,15.4,15.6,999,99,99
2025,09,03,11,53,100,1,99,99,99,99,999,1016,15.4,15.5,999,99,99
2025,09,03,12,53,60,1.5,99,99,99,99,999,1016,15.3,15.7,999,99,99
2025,09,03,13,53,50,1,99,99,99,99,999,1016.3,15.4,15.6,999,99,99
2025,09,03,14,53,80,1,99,99,99,99,999,1016.7,15.7,15.8,999,99,99
2025,09,03,15,53,220,1.5,99,99,99,99,999,1016.9,16,15.8,999,99,99
2025,09,03,16,53,250,1.5,99,99,99,99,999,1017.1,15.6,15.9,999,99,99
2025,09,03,17,53,130,1.5,99,99,99,99,999,1017.2,16.3,15.9,999,99,99
2025,09,03,18,53,220,4.1,99,99,99,99,999,1016.8,15.4,15.9,999,99,99
2025,09,03,19,53,210,4.1,99,99,99,99,999,1016.6,15.4,16,999,99,99
2025,09,03,20,53,250,4.1,99,99,99,99,999,1016.3,15.7,16.1,999,99,99
2025,09,03,22,13,230,2.6,99,99,99,99,999,1015.5,16.1,16.2,999,99,99
2025,09,03,22,53,210,2.6,99,99,99,99,999,1015.2,16.4,16.4,999,99,99
2025,09,04,00,13,210,3.6,99,99,99,99,999,1014.7,16.5,16.3,999,99,99
2025,09,04,01,13,220,2.6,99,99,99,99,999,1014.5,16.4,16.3,999,99,99
2025,09,04,02,13,230,3.1,99,99,99,99,999,1014.8,16.3,16.2,999,99,99
2025,09,04,03,13,260,5.1,99,99,99,99,999,1015.1,15.2,16,999,99,99
2025,09,04,04,13,250,3.6,99,99,99,99,999,1015.8,14.6,15.8,999,99,99
2025,09,04,04,53,240,1.5,99,99,99,99,999,1016.1,14.5,15.8,999,99,99
2025,09,04,05,53,0,0,99,99,99,99,999,1016,14.2,15.9,999,99,99
2025,09,04,06,53,260,1.5,99,99,99,99,999,1015.7,14.6,15.9,999,99,99
2025,09,04,08,13,270,2.6,99,99,99,99,999,1015.5,14.7,16.1,999,99,99
2025,09,04,09,13,260,4.1,99,99,99,99,999,1015.4,14.6,16.1,999,99,99
2025,09,04,10,13,330,2.6,99,99,99,99,999,1015.1,14.4,16.1,999,99,99
2025,09,04,10,53,260,1.5,99,99,99,99,999,1014.9,14.3,16,999,99,99
2025,09,04,12,13,240,3.1,99,99,99,99,999,1014.6,14.2,16,999,99,99
2025,09,04,13,13,260,3.6,99,99,99,99,999,1014.5,14.1,15.9,999,99,99
2025,09,04,14,13,270,3.1,99,99,99,99,999,1014.7,14.1,15.9,999,99,99
2025,09,04,15,13,300,3.1,99,99,99,99,999,1014.9,14.1,15.8,999,99,99
2025,09,04,16,13,260,2.6,99,99,99,99,999,1015.1,14.1,15.8,999,99,99
2025,09,04,17,13,290,5.1,99,99,99,99,999,1015.3,14.2,15.8,999,99,99
2025,09,04,18,13,310,4.1,99,99,99,99,999,1015.2,14.4,15.9,999,99,99
2025,09,04,19,13,270,5.7,99,99,99,99,999,1015,15.6,15.9,999,99,99
2025,09,04,20,13,260,3.1,99,99,99,99,999,1014.6,15.9,16,999,99,99
2025,09,04,21,04,240,7.2,99,99,99,99,999,1014.2,15.8,16.1,999,99,99
2025,09,04,22,13,230,5.1,99,99,99,99,999,1013.4,16,16.2,999,99,99
2025,09,04,23,13,240,7.7,99,99,99,99,999,1012.7,16.3,16.3,999,99,99
2025,09,05,00,13,240,6.7,99,99,99,99,999,1012.5,16.2,16.2,999,99,99
2025,09,05,01,13,250,6.7,99,99,99,99,999,1011.8,16.3,16.1,999,99,99
2025,09,05,02,13,250,8.2,99,99,99,99,999,1011.3,16.4,16,999,99,99
2025,09,05,03,13,270,10.3,99,99,99,99,999,1011,16.5,16,999,99,99
2025,09,05,04,13,270,8.8,99,99,99,99,999,1011.7,16.4,16,999,99,99
2025,09,05,05,13,280,6.7,99,99,99,99,999,1012.3,16.1,16,999,99,99
2025,09,05,05,53,290,5.7,99,99,99,99,999,1012.6,16.3,15.9,999,99,99
2025,09,05,06,53,310,2.1,99,99,99,99,999,1012.8,16.2,15.9,999,99,99
2025,09,05,07,53,290,2.6,99,99,99,99,999,1012.9,16.1,15.8,999,99,99
2025,09,05,08,53,270,4.1,99,99,99,99,999,1012.7,16,15.9,999,99,99
2025,09,05,09,53,280,5.7,99,99,99,99,999,1012.4,15.8,15.9,999,99,99
2025,09,05,10,53,300,4.6,99,99,99,99,999,1012.3,15.8,15.9,999,99,99
2025,09,05,12,13,290,5.1,99,99,99,99,999,1012.2,15.9,15.9,999,99,99
2025,09,05,13,13,320,2.1,99,99,99,99,999,1012.1,15.6,15.8,999,99,99
2025,09,05,14,04,60,2.1,99,99,99,99,999,1012.6,15.7,15.8,999,99,99
2025,09,05,15,13,300,2.1,99,99,99,99,999,1013.1,15.9,15.8,999,99,99
2025,09,05,16,13,0,0,99,99,99,99,999,1013.2,16.1,15.8,999,99,99
2025,09,05,17,13,250,3.1,99,99,99,99,999,1013.4,16.1,15.9,999,99,99
2025,09,05,17,53,260,2.1,99,99,99,99,999,1013.4,16.1,15.9,999,99,99
2025,09,05,18,53,280,2.6,99,99,99,99,999,1013.3,16.2,16,999,99,99
2025,09,05,19,53,270,5.1,99,99,99,99,999,1013,16.2,16.1,999,99,99
2025,09,05,21,13,260,9.8,99,99,99,99,999,1012,16.3,16.1,999,99,99
2025,09,05,22,13,250,8.2,99,99,99,99,999,1011.6,16.4,16.2,999,99,99
2025,09,05,23,13,250,8.8,99,99,99,99,999,1011.2,16.5,16.3,999,99,99
2025,09,06,00,13,240,7.7,99,99,99,99,999,1011.5,16.4,16.4,999,99,99
2025,09,06,01,13,240,9.8,99,99,99,99,999,1011.3,16.3,16.4,999,99,99
2025,09,06,02,13,260,8.8,99,99,99,99,999,1011.1,16.4,16.3,999,99,99
2025,09,06,02,53,260,11.8,99,99,99,99,999,1011.1,16.2,16.2,999,99,99
2025,09,06,04,04,270,7.7,99,99,99,99,999,1012.4,16,16.1,999,99,99
2025,09,06,04,53,280,4.6,99,99,99,99,999,1012.7,16,16.1,999,99,99
2025,09,06,05,53,290,3.6,99,99,99,99,999,1013.2,16.1,15.9,999,99,99
2025,09,06,06,53,280,4.1,99,99,99,99,999,1013.6,16.1,15.9,999,99,99
2025,09,06,08,13,320,4.1,99,99,99,99,999,1013.6,15.6,15.7,999,99,99
2025,09,06,09,13,320,1,99,99,99,99,999,1013.7,15.5,15.6,999,99,99
2025,09,06,10,13,300,1.5,99,99,99,99,999,1013.5,15.3,15.5,999,99,99
2025,09,06,11,13,280,3.1,99,99,99,99,999,1013.7,15.6,15.5,999,99,99
2025,09,06,12,13,260,4.6,99,99,99,99,999,1014,15.8,15.4,999,99,99
2025,09,06,13,13,270,4.1,99,99,99,99,999,1014.6,15.7,15.3,999,99,99
2025,09,06,14,13,300,3.1,99,99,99,99,999,1015.2,15.7,15.3,999,99,99
2025,09,06,15,13,300,3.6,99,99,99,99,999,1015.9,15.5,15.4,999,99,99
2025,09,06,16,13,280,3.6,99,99,99,99,999,1016.4,15.3,15.5,999,99,99
2025,09,06,17,13,290,2.6,99,99,99,99,999,1017.2,15.5,15.6,999,99,99
2025,09,06,17,53,310,1.5,99,99,99,99,999,1017.2,15.7,15.6,999,99,99
2025,09,06,19,13,310,2.6,99,99,99,99,999,1017.6,16.4,16.3,999,99,99
2025,09,06,20,13,0,0,99,99,99,99,999,1017.2,17.9,17,999,99,99
2025,09,06,21,03,230,3.1,99,99,99,99,999,1017.1,17.3,16.5,999,99,99
2025,09,06,22,13,230,5.7,99,99,99,99,999,1016.7,17.5,17,999,99,99
2025,09,06,23,13,220,6.2,99,99,99,99,999,1016.7,17.4,16.6,999,99,99
2025,09,07,00,13,210,3.6,99,99,99,99,999,1016.7,17.4,16.7,999,99,99
2025,09,07,01,13,210,5.1,99,99,99,99,999,1016.5,17.3,17,999,99,99
2025,09,07,02,13,210,5.1,99,99,99,99,999,1016.7,17,16.8,999,99,99
2025,09,07,03,13,230,5.1,99,99,99,99,999,1016.9,16.6,16.5,999,99,99
2025,09,07,04,13,270,4.6,99,99,99,99,999,1017.4,16.5,16.3,999,99,99
2025,09,07,05,13,300,2.6,99,99,99,99,999,1017.9,16.4,16.1,999,99,99
2025,09,07,06,13,300,4.1,99,99,99,99,999,1018.1,16.3,15.9,999,99,99
2025,09,07,07,13,340,2.6,99,99,99,99,999,1018.5,16.2,15.6,999,99,99
2025,09,07,08,13,350,1,99,99,99,99,999,1018.6,16,15.4,999,99,99
2025,09,07,09,13,0,0,99,99,99,99,999,1018.5,15.7,15.3,999,99,99
2025,09,07,09,53,10,1.5,99,99,99,99,999,1018.4,15.5,15.2,999,99,99
2025,09,07,10,53,350,1.5,99,99,99,99,999,1018.3,15.3,15.1,999,99,99
2025,09,07,11,53,10,2.1,99,99,99,99,999,1018.5,15.4,15.2,999,99,99
2025,09,07,13,53,320,3.1,99,99,99,99,999,1019.1,15.3,15.3,999,99,99
2025,09,07,15,13,10,2.6,99,99,99,99,999,1019.7,15.6,15.6,999,99,99
2025,09,07,16,04,50,4.1,99,99,99,99,999,1019.6,14.8,15.7,999,99,99
2025,09,07,16,53,20,1.5,99,99,99,99,999,1020,15,15.9,999,99,99
2025,09,07,17,53,270,1.5,99,99,99,99,999,1020.2,15.7,15.7,999,99,99
2025,09,07,19,13,240,5.1,99,99,99,99,999,1019.9,16.7,16.2,999,99,99
2025,09,07,20,13,250,5.7,99,99,99,99,999,1019.7,16.3,16.1,999,99,99
2025,09,07,20,53,240,3.6,99,99,99,99,999,1019.6,16.5,16.1,999,99,99
2025,09,07,21,53,240,4.6,99,99,99,99,999,1019.3,17.1,16.5,999,99,99
2025,09,07,23,13,230,7.7,99,99,99,99,999,1018.7,16.9,16.3,999,99,99
2025,09,08,00,13,240,8.8,99,99,99,99,999,1018.1,16.2,16,999,99,99
2025,09,08,01,13,240,7.7,99,99,99,99,999,1017.8,16,15.8,999,99,99
2025,09,08,02,13,230,7.7,99,99,99,99,999,1017.4,15.9,15.7,999,99,99
2025,09,08,03,13,240,8.8,99,99,99,99,999,1018,15.7,15.7,999,99,99
2025,09,08,04,14,260,5.7,99,99,99,99,999,1018.8,15.4,15.7,999,99,99
2025,09,08,05,14,270,4.6,99,99,99,99,999,1018.9,15.4,15.6,999,99,99
2025,09,08,06,14,300,2.6,99,99,99,99,999,1018.8,15,15.6,999,99,99
2025,09,08,06,54,290,2.1,99,99,99,99,999,1018.8,15,15.6,999,99,99
2025,09,08,07,54,320,3.6,99,99,99,99,999,1018.7,14.8,15.5,999,99,99
2025,09,08,09,14,290,2.6,99,99,99,99,999,1018.9,15.2,15.5,999,99,99
2025,09,08,10,14,260,1.5,99,99,99,99,999,1018.8,15.5,15.4,999,99,99
2025,09,08,11,14,0,0,99,99,99,99,999,1018.7,15.4,15.6,999,99,99
2025,09,08,12,14,130,1,99,99,99,99,999,1018.6,15.4,15.3,999,99,99
2025,09,08,13,14,0,0,99,99,99,99,999,1018.9,15.3,15.6,999,99,99
2025,09,08,14,14,0,0,99,99,99,99,999,1019.2,15.5,15.6,999,99,99
2025,09,08,14,54,40,1.5,99,99,99,99,999,1019.3,15.5,15.5,999,99,99
2025,09,08,15,54,80,2.1,99,99,99,99,999,1019.7,15.3,15.7,999,99,99
2025,09,08,17,14,90,2.6,99,99,99,99,999,1020.1,15.5,15.6,999,99,99
2025,09,08,18,14,110,2.1,99,99,99,99,999,1020.5,15.8,15.8,999,99,99
2025,09,08,19,14,80,1.5,99,99,99,99,999,1020,16.1,15.7,999,99,99
2025,09,08,20,14,90,2.1,99,99,99,99,999,1019.5,16.6,16.5,999,99,99
2025,09,08,21,14,160,2.1,99,99,99,99,999,1018.9,17.4,15.9,999,99,99
2025,09,08,21,54,180,2.1,99,99,99,99,999,1018.4,18,16.4,999,99,99
2025,09,08,22,54,200,2.6,99,99,99,99,999,1017.8,18.3,16.4,999,99,99
2025,09,08,23,54,190,2.6,99,99,99,99,999,1017.2,18.3,17.7,999,99,99
2025,09,09,00,54,190,3.6,99,99,99,99,999,1016.8,18.1,17.4,999,99,99
2025,09,09,02,14,170,2.1,99,99,99,99,999,1016.3,17.6,16.6,999,99,99
2025,09,09,02,54,180,2.1,99,99,99,99,999,1016.4,17.6,16.3,999,99,99
2025,09,09,04,14,180,2.1,99,99,99,99,999,1016.7,17.4,16.5,999,99,99
2025,09,09,04,54,190,3.1,99,99,99,99,999,1016.8,17.6,16.5,999,99,99
2025,09,09,05,54,140,2.1,99,99,99,99,999,1016.6,17.3,16.3,999,99,99
2025,09,09,06,54,150,3.1,99,99,99,99,999,1016.4,17.3,16.5,999,99,99
2025,09,09,07,54,150,3.6,99,99,99,99,999,1016.1,17,16.4,999,99,99
2025,09,09,08,54,170,4.1,99,99,99,99,999,1015.9,17.3,16.4,999,99,99
2025,09,09,09,54,160,3.1,99,99,99,99,999,1015.5,17.4,16.7,999,99,99
2025,09,09,11,14,200,2.6,99,99,99,99,999,1015.5,17.4,17,999,99,99
2025,09,09,12,14,220,1.5,99,99,99,99,999,1015.4,17.3,17,999,99,99
2025,09,09,13,14,230,1,99,99,99,99,999,1015.3,16.7,17,999,99,99
2025,09,09,14,14,200,1.5,99,99,99,99,999,1015.4,16.6,17.1,999,99,99
2025,09,09,15,14,170,2.1,99,99,99,99,999,1015.7,16.7,17.1,999,99,99
2025,09,09,16,14,140,2.6,99,99,99,99,999,1015.5,17.1,17.2,999,99,99
2025,09,09,17,14,160,3.1,99,99,99,99,999,1015.5,17.2,17.3,999,99,99
2025,09,09,18,14,140,2.6,99,99,99,99,999,1015.3,17.3,17.4,999,99,99
2025,09,09,18,54,160,3.6,99,99,99,99,999,1015.4,17.4,17.4,999,99,99
2025,09,09,19,54,140,3.6,99,99,99,99,999,1015.1,17.6,17.6,999,99,99
2025,09,09,20,54,180,4.6,99,99,99,99,999,1014.7,18.2,17.9,999,99,99
2025,09,09,21,54,190,2.6,99,99,99,99,999,1014.2,18.3,17.8,999,99,99
2025,09,09,22,54,220,2.6,99,99,99,99,999,1013.8,18.4,18.2,999,99,99
2025,09,09,23,54,220,4.1,99,99,99,99,999,1013.4,18.3,17.7,999,99,99
2025,09,10,00,54,220,3.1,99,99,99,99,999,1013.1,18.3,17.7,999,99,99
2025,09,10,01,54,210,3.1,99,99,99,99,999,1012.7,18.3,17.6,999,99,99
2025,09,10,02,54,210,3.1,99,99,99,99,999,1012.5,17.9,17.5,999,99,99
2025,09,10,03,54,200,1.5,99,99,99,99,999,1012.8,17.8,17.5,999,99,99
2025,09,10,04,54,210,2.6,99,99,99,99,999,1012.9,17.7,17.3,999,99,99
2025,09,10,05,54,200,1.5,99,99,99,99,999,1012.9,17.8,17.3,999,99,99
2025,09,10,07,14,260,2.6,99,99,99,99,999,1012.7,17.5,17.4,999,99,99
2025,09,10,07,54,240,2.1,99,99,99,99,999,1012.6,17.4,17.3,999,99,99
2025,09,10,09,14,220,1.5,99,99,99,99,999,1012.3,17.2,17.3,999,99,99
2025,09,10,10,14,230,1,99,99,99,99,999,1012.1,17.2,17.3,999,99,99
2025,09,10,11,14,200,2.1,99,99,99,99,999,1012,17.3,17.2,999,99,99
2025,09,10,12,14,0,0,99,99,99,99,999,1012.1,17.1,17.2,999,99,99
2025,09,10,13,14,60,1,99,99,99,99,999,1012.2,16.6,17.3,999,99,99
2025,09,10,14,14,100,1.5,99,99,99,99,999,1012.8,16.8,17.2,999,99,99
2025,09,10,15,14,160,2.6,99,99,99,99,999,1013.1,17.1,17.3,999,99,99
2025,09,10,15,54,140,3.1,99,99,99,99,999,1013.3,17.3,17.2,999,99,99
2025,09,10,17,14,170,3.1,99,99,99,99,999,1013.8,17.4,17.5,999,99,99
2025,09,10,18,14,180,4.6,99,99,99,99,999,1014.3,17.5,17.7,999,99,99
2025,09,10,18,54,180,3.1,99,99,99,99,999,1014.5,17.9,17.6,999,99,99
2025,09,10,20,14,190,3.6,99,99,99,99,999,1014.5,17.9,17.8,999,99,99
2025,09,10,21,14,190,3.1,99,99,99,99,999,1014.3,17.3,17.7,999,99,99
2025,09,10,21,54,190,3.6,99,99,99,99,999,1014.1,17.7,17.7,999,99,99
2025,09,10,22,54,190,3.1,99,99,99,99,999,1014.1,18.1,18,999,99,99
2025,09,10,23,54,240,3.6,99,99,99,99,999,1013.8,18.3,18,999,99,99
2025,09,11,00,54,250,5.1,99,99,99,99,999,1014,17.8,18,999,99,99
2025,09,11,01,54,250,5.1,99,99,99,99,999,1014,17.8,17.8,999,99,99
2025,09,11,02,54,260,5.1,99,99,99,99,999,1014.3,17.5,17.1,999,99,99
2025,09,11,04,14,260,5.7,99,99,99,99,999,1014.9,17.5,17.2,999,99,99
2025,09,11,05,14,240,4.1,99,99,99,99,999,1015.1,17.4,17.2,999,99,99
2025,09,11,06,14,240,2.6,99,99,99,99,999,1015.1,17.2,17.2,999,99,99
2025,09,11,07,14,230,2.1,99,99,99,99,999,1015.3,17.1,17.1,999,99,99
2025,09,11,08,14,240,1.5,99,99,99,99,999,1015.4,17.1,16.9,999,99,99
2025,09,11,08,54,270,4.1,99,99,99,99,999,1015.4,17.1,16.9,999,99,99
2025,09,11,10,14,260,2.6,99,99,99,99,999,1015.6,17.3,16.8,999,99,99
2025,09,11,10,54,260,5.1,99,99,99,99,999,1015.6,17.2,16.9,999,99,99
2025,09,11,11,54,250,3.1,99,99,99,99,999,1015.9,17.1,16.9,999,99,99
2025,09,11,13,14,260,3.1,99,99,99,99,999,1016.2,17.2,16.9,999,99,99
2025,09,11,14,14,260,3.6,99,99,99,99,999,1016.5,17,16.9,999,99,99
2025,09,11,15,14,280,3.6,99,99,99,99,999,1016.8,17,17,999,99,99
2025,09,11,16,14,260,3.1,99,99,99,99,999,1017.3,17.1,17.1,999,99,99
2025,09,11,17,14,240,3.1,99,99,99,99,999,1017.6,17.2,17.2,999,99,99
2025,09,11,18,14,230,3.6,99,99,99,99,999,1017.5,17.4,17.3,999,99,99
2025,09,11,18,54,230,4.6,99,99,99,99,999,1017.5,17.4,17.4,999,99,99
2025,09,11,19,54,230,6.2,99,99,99,99,999,1017.1,17.5,17.4,999,99,99
2025,09,11,22,54,250,7.7,99,99,99,99,999,1015.9,17.6,17.3,999,99,99
2025,09,11,23,54,240,7.2,99,99,99,99,999,1015.6,17.6,17.2,999,99,99
2025,09,12,00,54,250,9.3,99,99,99,99,999,1015.3,17.7,17.2,999,99,99
2025,09,12,03,24,260,9.3,99,99,99,99,999,1015.2,17,17,999,99,99
2025,09,12,05,24,280,5.7,99,99,99,99,999,1015.6,16.6,16.6,999,99,99
2025,09,12,06,24,280,5.7,99,99,99,99,999,1015.8,16.4,16.4,999,99,99
2025,09,12,07,24,280,5.1,99,99,99,99,999,1015.7,16.3,16.4,999,99,99
2025,09,12,08,24,290,5.1,99,99,99,99,999,1015.5,16.2,16.2,999,99,99
2025,09,12,09,24,270,7.2,99,99,99,99,999,1015.3,16.1,16.1,999,99,99
2025,09,12,09,54,270,6.7,99,99,99,99,999,1015.3,16,16,999,99,99
2025,09,12,11,24,270,5.1,99,99,99,99,999,1015.1,15.8,16,999,99,99
2025,09,12,12,24,280,5.1,99,99,99,99,999,1015.3,15.8,16,999,99,99
2025,09,12,13,24,280,5.7,99,99,99,99,999,1015.6,15.7,16,999,99,99
2025,09,12,14,24,290,3.6,99,99,99,99,999,1016.1,15.6,16.2,999,99,99
2025,09,12,15,24,290,2.6,99,99,99,99,999,1016.6,15.7,16.3,999,99,99
2025,09,12,16,14,260,2.1,99,99,99,99,999,1016.8,15.7,16.3,999,99,99
2025,09,12,16,54,270,2.6,99,99,99,99,999,1017,15.7,16.3,999,99,99
2025,09,12,18,24,300,2.6,99,99,99,99,999,1017,15.6,16.3,999,99,99
2025,09,12,19,24,270,3.6,99,99,99,99,999,1016.9,15.6,16.4,999,99,99
2025,09,12,19,54,270,3.6,99,99,99,99,999,1016.6,15.5,16.4,999,99,99
2025,09,12,21,24,260,7.2,99,99,99,99,999,1015.7,16.4,16.5,999,99,99
2025,09,12,21,54,250,6.2,99,99,99,99,999,1015.5,16.2,16.5,999,99,99
2025,09,12,22,54,250,7.2,99,99,99,99,999,1014.8,16.1,16.5,999,99,99
2025,09,12,23,54,250,9.8,99,99,99,99,999,1014.6,16.1,16.5,999,99,99
2025,09,13,00,54,260,9.3,99,99,99,99,999,1014.3,16,16.4,999,99,99
2025,09,13,01,54,260,8.2,99,99,99,99,999,1014.1,16,16.3,999,99,99
2025,09,13,02,54,270,9.3,99,99,99,99,999,1014,16,16.3,999,99,99
2025,09,13,03,54,280,6.7,99,99,99,99,999,1014.6,15.8,16.3,999,99,99
2025,09,13,04,54,270,5.7,99,99,99,99,999,1015.1,15.8,16.1,999,99,99
2025,09,13,05,54,270,7.7,99,99,99,99,999,1015.5,15.7,16,999,99,99
2025,09,13,06,54,270,6.7,99,99,99,99,999,1015.4,15.7,16.1,999,99,99
2025,09,13,08,24,280,2.6,99,99,99,99,999,1015.3,15.8,16,999,99,99
2025,09,13,09,24,270,4.6,99,99,99,99,999,1015.1,15.9,16,999,99,99
2025,09,13,10,24,270,5.1,99,99,99,99,999,1014.9,15.7,16,999,99,99
2025,09,13,11,24,290,5.1,99,99,99,99,999,1014.9,15.7,16,999,99,99
2025,09,13,12,24,270,2.6,99,99,99,99,999,1015.1,15.8,16,999,99,99
2025,09,13,12,54,330,2.6,99,99,99,99,999,1015.1,15.6,16,999,99,99
2025,09,13,13,54,340,4.1,99,99,99,99,999,1015.3,15.3,16,999,99,99
2025,09,13,14,54,330,2.6,99,99,99,99,999,1015.8,15.5,16,999,99,99
2025,09,13,17,24,350,2.6,99,99,99,99,999,1016.2,15.6,16.1,999,99,99
2025,09,13,18,24,270,4.1,99,99,99,99,999,1016.3,15.6,16.1,999,99,99
2025,09,13,19,24,270,5.1,99,99,99,99,999,1016.2,16,16.1,999,99,99
2025,09,13,20,04,270,5.1,99,99,99,99,999,1015.9,16.1,16.1,999,99,99
2025,09,13,21,24,260,5.7,99,99,99,99,999,1015.2,16.2,16.4,999,99,99
2025,09,13,21,54,260,6.7,99,99,99,99,999,1014.7,16.3,16.4,999,99,99
2025,09,13,22,54,260,6.7,99,99,99,99,999,1014.3,16.4,16.4,999,99,99
2025,09,14,00,24,250,9.8,99,99,99,99,999,1013.7,16.2,16.2,999,99,99
2025,09,14,01,24,250,9.8,99,99,99,99,999,1013.3,16.5,16,999,99,99
2025,09,14,02,24,260,10.3,99,99,99,99,999,1012.9,16.3,16,999,99,99
2025,09,14,03,24,270,9.8,99,99,99,99,999,1013.7,16.2,15.8,999,99,99
2025,09,14,04,24,290,7.2,99,99,99,99,999,1014.5,16.2,15.8,999,99,99
2025,09,14,05,24,290,4.1,99,99,99,99,999,1014.6,16,15.6,999,99,99
2025,09,14,06,04,280,3.6,99,99,99,99,999,1014.7,15.8,15.6,999,99,99
2025,09,14,07,24,290,3.1,99,99,99,99,999,1014.3,15.8,15.5,999,99,99
2025,09,14,08,24,300,2.1,99,99,99,99,999,1014.4,15.4,15.5,999,99,99
2025,09,14,09,24,280,1,99,99,99,99,999,1014.6,15.5,15.5,999,99,99
2025,09,14,10,24,290,4.6,99,99,99,99,999,1014.4,15.7,15.5,999,99,99
2025,09,14,11,14,280,3.6,99,99,99,99,999,1014.4,15.4,15.5,999,99,99
2025,09,14,12,24,340,1,99,99,99,99,999,1014.4,15.4,15.5,999,99,99
2025,09,14,14,24,0,0,99,99,99,99,999,1015.2,15,15.5,999,99,99
2025,09,14,14,54,300,1,99,99,99,99,999,1015.1,15.2,15.6,999,99,99
2025,09,14,16,24,360,1.5,99,99,99,99,999,1016,14,15.6,999,99,99
2025,09,14,16,54,20,1,99,99,99,99,999,1015.5,14.4,15.7,999,99,99
2025,09,14,17,54,60,2.1,99,99,99,99,999,1015.4,15.8,15.9,999,99,99
2025,09,14,18,54,280,1,99,99,99,99,999,1015.2,16.6,16.3,999,99,99
2025,09,14,20,24,240,5.7,99,99,99,99,999,1014.4,17,16.9,999,99,99
2025,09,14,21,24,250,7.2,99,99,99,99,999,1013.4,16.8,17.2,999,99,99
2025,09,14,22,24,260,7.7,99,99,99,99,999,1012.7,17.3,16.7,999,99,99
2025,09,14,23,24,260,8.2,99,99,99,99,999,1011.9,17.3,16.5,999,99,99
2025,09,15,00,24,260,9.8,99,99,99,99,999,1011.8,17.3,16.4,999,99,99
2025,09,15,01,24,250,11.8,99,99,99,99,999,1011.4,16.9,16,999,99,99
2025,09,15,02,24,250,10.3,99,99,99,99,999,1011.6,16.6,15.7,999,99,99
2025,09,15,02,54,250,8.2,99,99,99,99,999,1011.7,16.5,15.6,999,99,99
2025,09,15,03,54,270,8.2,99,99,99,99,999,1012.5,15.8,15.5,999,99,99
2025,09,15,05,24,270,8.8,99,99,99,99,999,1013,15.4,15.4,999,99,99
2025,09,15,06,24,280,6.2,99,99,99,99,999,1013.5,15.5,15.4,999,99,99
2025,09,15,07,24,290,3.1,99,99,99,99,999,1013.7,15.5,15.4,999,99,99
2025,09,15,08,24,270,4.1,99,99,99,99,999,1013.3,15.1,15.5,999,99,99
2025,09,15,09,04,270,3.6,99,99,99,99,999,1013,15,15.4,999,99,99
2025,09,15,09,54,260,4.6,99,99,99,99,999,1012.7,14.6,15.4,999,99,99
2025,09,15,10,54,270,4.1,99,99,99,99,999,1012.2,14.6,15.4,999,99,99
2025,09,15,11,54,270,4.1,99,99,99,99,999,1011.9,14.6,15.4,999,99,99
2025,09,15,12,54,260,2.6,99,99,99,99,999,1011.8,14.4,15.4,999,99,99
2025,09,15,13,54,270,4.1,99,99,99,99,999,1011.9,14.4,15.4,999,99,99
2025,09,15,14,54,290,3.6,99,99,99,99,999,1012.6,14.3,15.5,999,99,99
2025,09,15,15,54,310,3.6,99,99,99,99,999,1012.8,14.4,15.5,999,99,99
2025,09,15,16,54,10,2.6,99,99,99,99,999,1013.3,14.4,15.6,999,99,99
2025,09,15,17,54,300,1.5,99,99,99,99,999,1013.4,14.6,15.7,999,99,99
2025,09,15,18,54,260,4.6,99,99,99,99,999,1012.8,14.3,16,999,99,99
2025,09,15,19,54,250,4.1,99,99,99,99,999,1012.5,14.8,16,999,99,99
2025,09,15,20,54,230,4.1,99,99,99,99,999,1012.3,15,16.2,999,99,99
2025,09,15,22,04,230,5.1,99,99,99,99,999,1012.2,15.7,16.1,999,99,99
2025,09,15,22,54,220,4.1,99,99,99,99,999,1012,15.6,16.1,999,99,99
2025,09,16,00,24,230,2.6,99,99,99,99,999,1011.7,15.4,16,999,99,99
2025,09,16,01,24,230,1,99,99,99,99,999,1012,15.2,16,999,99,99
2025,09,16,02,24,180,2.1,99,99,99,99,999,1012.1,15.1,15.8,999,99,99
2025,09,16,03,24,210,1,99,99,99,99,999,1012.4,14.8,15.9,999,99,99
2025,09,16,05,14,0,0,99,99,99,99,999,1012.7,14.4,15.9,999,99,99
2025,09,16,06,24,360,1,99,99,99,99,999,1012.8,14,16,999,99,99
2025,09,16,07,24,0,0,99,99,99,99,999,1012.9,13.5,15.9,999,99,99
2025,09,16,08,24,0,0,99,99,99,99,999,1013,13.4,15.9,999,99,99
2025,09,16,09,54,0,0,99,99,99,99,999,1013.3,13.2,16,999,99,99
2025,09,16,10,54,0,0,99,99,99,99,999,1013,13.1,16,999,99,99
2025,09,16,11,54,0,0,99,99,99,99,999,1013.2,13,15.9,999,99,99
2025,09,16,13,24,20,1.5,99,99,99,99,999,1013.7,13.3,16,999,99,99
2025,09,16,14,24,0,0,99,99,99,99,999,1014.2,13.2,16,999,99,99
2025,09,16,15,24,140,1,99,99,99,99,999,1014.7,13.2,16,999,99,99
2025,09,16,16,54,190,2.1,99,99,99,99,999,1015.8,13.2,16.1,999,99,99
2025,09,16,17,54,200,1.5,99,99,99,99,999,1016.5,13.8,16.2,999,99,99
2025,09,16,18,54,210,2.1,99,99,99,99,999,1015.6,14.3,16.1,999,99,99
2025,09,16,20,24,230,4.6,99,99,99,99,999,1015.4,15.1,16,999,99,99
2025,09,16,21,24,240,4.6,99,99,99,99,999,1015.2,15.6,16,999,99,99
2025,09,16,22,24,240,4.1,99,99,99,99,999,1015.1,16.6,16.2,999,99,99
2025,09,16,23,24,240,3.6,99,99,99,99,999,1014.7,16.8,16.2,999,99,99
2025,09,17,00,24,260,3.1,99,99,99,99,999,1014.4,16.7,16.3,999,99,99
2025,09,17,01,24,260,3.6,99,99,99,99,999,1014.1,16.2,16.2,999,99,99
2025,09,17,02,24,260,2.1,99,99,99,99,999,1014,15.6,16.2,999,99,99
2025,09,17,03,24,270,2.6,99,99,99,99,999,1014.6,15.2,16.1,999,99,99
2025,09,17,04,24,250,3.1,99,99,99,99,999,1014.9,15.1,16,999,99,99
2025,09,17,05,24,270,4.1,99,99,99,99,999,1015.1,14.8,16.1,999,99,99
2025,09,17,06,24,270,4.6,99,99,99,99,999,1015.2,14.7,16,999,99,99
2025,09,17,06,54,270,4.6,99,99,99,99,999,1015.5,14.7,16.1,999,99,99
2025,09,17,08,24,230,3.1,99,99,99,99,999,1015.3,14.2,16.1,999,99,99
2025,09,17,09,24,350,2.6,99,99,99,99,999,1015.2,14.5,16,999,99,99
2025,09,17,10,24,330,2.6,99,99,99,99,999,1014.8,14.2,16,999,99,99
2025,09,17,11,24,10,1,99,99,99,99,999,1014.8,14,16,999,99,99
2025,09,17,12,24,320,1.5,99,99,99,99,999,1014.8,13.8,16,999,99,99
2025,09,17,13,24,330,3.1,99,99,99,99,999,1015,13.9,16,999,99,99
2025,09,17,13,54,270,2.6,99,99,99,99,999,1015.2,13.8,15.9,999,99,99
2025,09,17,14,54,280,1.5,99,99,99,99,999,1015.5,13.8,15.9,999,99,99
2025,09,17,15,54,300,2.1,99,99,99,99,999,1015.7,13.6,15.9,999,99,99
2025,09,17,16,54,260,1,99,99,99,99,999,1016.2,13.7,16,999,99,99
2025,09,17,18,04,280,3.6,99,99,99,99,999,1015.4,14.2,15.9,999,99,99
2025,09,17,18,54,270,6.2,99,99,99,99,999,1014.8,14.5,15.9,999,99,99
2025,09,17,19,54,260,7.2,99,99,99,99,999,1014.2,14.9,15.7,999,99,99
2025,09,17,21,14,240,5.7,99,99,99,99,999,1014.1,15.4,16.1,999,99,99
2025,09,17,22,14,250,4.6,99,99,99,99,999,1013.7,15.8,15.9,999,99,99
2025,09,17,23,14,250,6.2,99,99,99,99,999,1013.4,15.9,15.7,999,99,99
2025,09,18,00,14,250,4.6,99,99,99,99,999,1012.9,15.8,15.8,999,99,99
2025,09,18,01,14,240,3.1,99,99,99,99,999,1012.5,15.5,15.8,999,99,99
2025,09,18,01,54,230,5.1,99,99,99,99,999,1012.6,15.6,15.9,999,99,99
2025,09,18,03,14,240,3.6,99,99,99,99,999,1012.1,15.4,16,999,99,99
2025,09,18,04,14,250,4.6,99,99,99,99,999,1012,15.9,16,999,99,99
2025,09,18,05,14,270,3.1,99,99,99,99,999,1011.7,15.7,16,999,99,99
2025,09,18,05,54,290,1.5,99,99,99,99,999,1011.7,15.9,16,999,99,99
2025,09,18,06,54,330,3.1,99,99,99,99,999,1011.6,15.8,16,999,99,99
2025,09,18,07,54,240,2.1,99,99,99,99,999,1011.4,15.9,15.9,999,99,99
2025,09,18,08,54,270,2.6,99,99,99,99,999,1011.1,16,15.8,999,99,99
2025,09,18,10,14,210,5.1,99,99,99,99,999,1010.9,16.1,15.7,999,99,99
2025,09,18,11,14,220,3.6,99,99,99,99,999,1011,16.2,15.7,999,99,99
2025,09,18,12,14,220,3.1,99,99,99,99,999,1010.9,16.2,15.7,999,99,99
2025,09,18,13,14,240,2.6,99,99,99,99,999,1011,16,15.7,999,99,99
2025,09,18,14,14,240,3.1,99,99,99,99,999,1011.5,15.9,15.7,999,99,99
2025,09,18,14,54,280,1,99,99,99,99,999,1012,15.9,15.7,999,99,99
2025,09,18,16,14,290,1.5,99,99,99,99,999,1012.2,15.6,15.8,999,99,99
2025,09,18,16,54,310,1.5,99,99,99,99,999,1012.3,15.6,15.8,999,99,99
2025,09,18,18,14,50,2.1,99,99,99,99,999,1013,15.8,16.2,999,99,99
2025,09,18,18,54,350,2.6,99,99,99,99,999,1012.9,15.8,16.3,999,99,99
2025,09,18,19,54,330,2.6,99,99,99,99,999,1012.3,15.7,16.3,999,99,99
2025,09,18,20,54,290,3.1,99,99,99,99,999,1011.3,15.7,16.3,999,99,99
2025,09,18,21,54,270,3.1,99,99,99,99,999,1010.6,16.1,16.5,999,99,99
2025,09,18,22,54,260,4.1,99,99,99,99,999,1010.4,16,16.4,999,99,99
2025,09,19,00,14,250,4.1,99,99,99,99,999,1010.3,16.2,16.4,999,99,99
2025,09,19,01,14,250,7.2,99,99,99,99,999,1009.8,16.1,16,999,99,99
2025,09,19,02,14,270,4.1,99,99,99,99,999,1010.2,15.9,16,999,99,99
2025,09,19,03,14,250,3.1,99,99,99,99,999,1011.1,15.9,15.9,999,99,99
2025,09,19,04,14,230,6.2,99,99,99,99,999,1011.5,15.8,15.9,999,99,99
2025,09,19,05,14,250,3.1,99,99,99,99,999,1011.7,15.9,16,999,99,99
2025,09,19,06,14,280,2.1,99,99,99,99,999,1012.3,15.7,16,999,99,99
2025,09,19,07,14,280,2.1,99,99,99,99,999,1012.3,15.6,16.1,999,99,99
2025,09,19,08,14,140,0.5,99,99,99,99,999,1012.5,15.7,16.1,999,99,99
2025,09,19,08,54,0,0,99,99,99,99,999,1012.5,15.8,16.1,999,99,99
2025,09,19,09,54,0,0,99,99,99,99,999,1012.3,15.5,16.2,999,99,99
2025,09,19,11,14,270,2.6,99,99,99,99,999,1011.8,15.7,16.1,999,99,99
2025,09,19,12,14,260,3.1,99,99,99,99,999,1012.2,15.8,16.1,999,99,99
2025,09,19,12,54,270,3.1,99,99,99,99,999,1012.2,15.7,16.1,999,99,99
2025,09,19,13,54,280,2.6,99,99,99,99,999,1012.5,15.8,16.1,999,99,99
2025,09,19,14,54,260,2.1,99,99,99,99,999,1013,15.8,16.1,999,99,99
2025,09,19,15,54,270,3.6,99,99,99,99,999,1013.5,15.8,16.1,999,99,99
2025,09,19,16,54,280,4.1,99,99,99,99,999,1013.9,15.6,16.1,999,99,99
2025,09,19,18,14,330,1.5,99,99,99,99,999,1014.2,15.5,16.2,999,99,99
2025,09,19,18,54,190,1.5,99,99,99,99,999,1014.5,16.2,16.2,999,99,99
2025,09,19,19,54,230,1,99,99,99,99,999,1014.6,16.6,16.4,999,99,99
2025,09,19,21,14,220,3.1,99,99,99,99,999,1014.5,16.9,17,999,99,99
2025,09,19,22,14,240,3.1,99,99,99,99,999,1014.3,17.3,16.8,999,99,99
2025,09,19,22,54,230,3.1,99,99,99,99,999,1014.1,17.4,16.7,999,99,99
2025,09,19,23,54,230,2.6,99,99,99,99,999,1014.2,17.5,16.8,999,99,99
2025,09,20,01,14,210,2.6,99,99,99,99,999,1014.5,17.3,16.7,999,99,99
2025,09,20,02,14,220,2.6,99,99,99,99,999,1014.5,17.1,16.9,999,99,99
2025,09,20,03,14,220,1.5,99,99,99,99,999,1015,16.9,16.9,999,99,99
2025,09,20,04,04,220,1.5,99,99,99,99,999,1015.4,17,16.9,999,99,99
2025,09,20,04,54,220,1.5,99,99,99,99,999,1015.7,16.8,16.7,999,99,99
2025,09,20,06,14,0,0,99,99,99,99,999,1015.6,16.6,16.6,999,99,99
2025,09,20,07,14,180,1.5,99,99,99,99,999,1015.7,16.5,16.7,999,99,99
2025,09,20,08,14,250,3.1,99,99,99,99,999,1015.7,16.7,16.5,999,99,99
2025,09,20,09,14,310,3.6,99,99,99,99,999,1015.6,16.3,16.5,999,99,99
2025,09,20,10,14,360,2.6,99,99,99,99,999,1015.5,16.3,16.5,999,99,99
2025,09,20,11,14,10,2.6,99,99,99,99,999,1015.4,16.1,16.5,999,99,99
2025,09,20,12,14,340,1.5,99,99,99,99,999,1015.6,16.1,16.4,999,99,99
2025,09,20,13,14,250,2.1,99,99,99,99,999,1015.9,16,16.5,999,99,99
2025,09,20,14,14,290,2.1,99,99,99,99,999,1016.3,16.2,16.5,999,99,99
2025,09,20,15,14,350,2.1,99,99,99,99,999,1016.6,16.3,16.4,999,99,99
2025,09,20,16,14,20,2.1,99,99,99,99,999,1017,16.4,16.5,999,99,99
2025,09,20,17,14,280,0.5,99,99,99,99,999,1017.5,16.8,16.6,999,99,99
2025,09,20,18,14,250,2.1,99,99,99,99,999,1017.6,16.6,16.7,999,99,99
2025,09,20,19,14,260,5.1,99,99,99,99,999,1017.2,17,16.9,999,99,99
2025,09,20,20,14,250,6.2,99,99,99,99,999,1016.8,17.1,16.7,999,99,99
2025,09,20,21,14,240,4.6,99,99,99,99,999,1016.3,17.1,16.6,999,99,99
2025,09,20,21,54,230,5.1,99,99,99,99,999,1016.1,17.2,16.6,999,99,99
2025,09,20,23,14,240,6.2,99,99,99,99,999,1015.6,17.1,16.7,999,99,99
2025,09,21,00,14,240,5.1,99,99,99,99,999,1015.4,17,16.4,999,99,99
2025,09,21,01,14,250,8.8,99,99,99,99,999,1014.8,17,16.1,999,99,99
2025,09,21,02,14,250,8.2,99,99,99,99,999,1014.7,16.9,16.1,999,99,99
2025,09,21,02,54,260,5.7,99,99,99,99,999,1014.5,16.7,16.2,999,99,99
2025,09,21,03,54,250,6.2,99,99,99,99,999,1014.8,16.8,16.4,999,99,99
2025,09,21,05,14,270,5.7,99,99,99,99,999,1015.1,16.4,16.3,999,99,99
2025,09,21,05,54,280,3.6,99,99,99,99,999,1015.1,16.4,16.2,999,99,99
2025,09,21,06,54,290,4.1,99,99,99,99,999,1015.1,16.2,16.1,999,99,99
2025,09,21,07,54,270,4.6,99,99,99,99,999,1015.3,16.4,16.1,999,99,99
2025,09,21,08,54,270,6.7,99,99,99,99,999,1015,16.1,16.2,999,99,99
2025,09,21,09,54,290,5.1,99,99,99,99,999,1014.7,15.6,16.1,999,99,99
2025,09,21,11,04,280,3.1,99,99,99,99,999,1014.8,15.9,16,999,99,99
2025,09,21,11,54,280,4.6,99,99,99,99,999,1014.5,15.9,15.9,999,99,99
2025,09,21,13,14,270,6.7,99,99,99,99,999,1014.9,15.9,15.8,999,99,99
2025,09,21,14,14,270,7.2,99,99,99,99,999,1015.3,15.9,15.7,999,99,99
2025,09,21,14,54,270,5.7,99,99,99,99,999,1015.6,15.8,15.6,999,99,99
2025,09,21,16,14,290,5.1,99,99,99,99,999,1015.6,15.4,15.8,999,99,99
2025,09,21,17,14,270,3.1,99,99,99,99,999,1015.7,15.1,15.9,999,99,99
2025,09,21,18,14,300,2.6,99,99,99,99,999,1015.8,15.1,15.9,999,99,99
2025,09,21,18,54,280,5.1,99,99,99,99,999,1015.6,15.5,15.8,999,99,99
2025,09,21,19,54,260,6.2,99,99,99,99,999,1015,15.5,15.9,999,99,99
2025,09,21,20,54,260,6.7,99,99,99,99,999,1014.4,15.4,16,999,99,99
2025,09,21,21,54,250,8.8,99,99,99,99,999,1013.6,15.6,15.9,999,99,99
2025,09,21,23,14,250,5.7,99,99,99,99,999,1013,15.4,15.7,999,99,99
2025,09,22,00,14,240,5.1,99,99,99,99,999,1012.8,15.2,15.7,999,99,99
2025,09,22,00,54,250,6.2,99,99,99,99,999,1012.6,15.3,15.8,999,99,99
2025,09,22,02,14,250,4.6,99,99,99,99,999,1012.3,15.6,15.8,999,99,99
2025,09,22,03,14,280,5.7,99,99,99,99,999,1012.4,15.6,15.8,999,99,99
2025,09,22,04,04,290,4.1,99,99,99,99,999,1012.6,15.3,15.7,999,99,99
2025,09,22,05,14,270,4.1,99,99,99,99,999,1012.8,14.7,15.6,999,99,99
2025,09,22,06,14,300,1.5,99,99,99,99,999,1012.9,15,15.5,999,99,99
2025,09,22,07,14,290,1,99,99,99,99,999,1012.8,14.3,15.5,999,99,99
2025,09,22,08,14,360,0.5,99,99,99,99,999,1012.9,14,15.5,999,99,99
2025,09,22,08,54,310,0.5,99,99,99,99,999,1012.8,13.8,15.4,999,99,99
2025,09,22,10,04,280,1,99,99,99,99,999,1012.8,13.8,15.4,999,99,99
2025,09,22,10,54,0,0,99,99,99,99,999,1012.7,13.9,15.4,999,99,99
2025,09,22,11,54,360,2.1,99,99,99,99,999,1012.8,14,15.5,999,99,99
2025,09,22,12,54,320,2.1,99,99,99,99,999,1013.1,14.3,15.5,999,99,99
2025,09,22,13,54,250,2.6,99,99,99,99,999,1013.4,14,15.5,999,99,99
2025,09,22,14,54,290,1,99,99,99,99,999,1013.7,14,15.5,999,99,99
2025,09,22,15,54,310,2.1,99,99,99,99,999,1014,14.1,15.4,999,99,99
2025,09,22,16,54,290,1.5,99,99,99,99,999,1014.1,13.8,15.4,999,99,99
2025,09,22,17,54,260,5.1,99,99,99,99,999,1013.9,13.6,15.5,999,99,99
2025,09,22,18,54,260,5.1,99,99,99,99,999,1013.9,14.2,15.6,999,99,99
2025,09,22,19,54,270,5.1,99,99,99,99,999,1012.5,14.9,15.7,999,99,99
2025,09,22,20,54,260,5.7,99,99,99,99,999,1011.9,15.4,15.6,999,99,99
2025,09,22,22,14,250,4.1,99,99,99,99,999,1011,15.8,15.9,999,99,99
2025,09,22,23,14,240,5.7,99,99,99,99,999,1010.5,16.1,16.1,999,99,99
2025,09,23,00,14,230,5.1,99,99,99,99,999,1010.1,16.3,16,999,99,99
2025,09,23,01,14,250,5.7,99,99,99,99,999,1009.7,16.3,16.1,999,99,99
2025,09,23,02,04,240,4.6,99,99,99,99,999,1009.8,16,16,999,99,99
2025,09,23,03,14,250,6.7,99,99,99,99,999,1009.8,15.8,15.9,999,99,99
2025,09,23,04,14,260,4.1,99,99,99,99,999,1010.1,16,15.7,999,99,99
2025,09,23,05,14,270,3.6,99,99,99,99,999,1010.4,15.6,15.6,999,99,99
2025,09,23,06,14,320,2.6,99,99,99,99,999,1010.6,15.6,15.6,999,99,99
2025,09,23,07,14,350,4.1,99,99,99,99,999,1010.6,15.6,15.5,999,99,99
2025,09,23,08,14,20,2.1,99,99,99,99,999,1010.8,15.7,15.4,999,99,99
2025,09,23,09,14,70,1.5,99,99,99,99,999,1010.7,15.7,15.4,999,99,99
2025,09,23,10,14,190,1,99,99,99,99,999,1010.7,15.5,15.4,999,99,99
2025,09,23,11,14,0,0,99,99,99,99,999,1010.6,15.2,15.5,999,99,99
2025,09,23,12,14,300,2.1,99,99,99,99,999,1010.7,15.2,15.4,999,99,99
2025,09,23,12,54,320,2.1,99,99,99,99,999,1010.7,15.2,15.4,999,99,99
2025,09,23,14,14,340,2.1,99,99,99,99,999,1010.8,15.4,15.4,999,99,99
2025,09,23,15,14,350,2.1,99,99,99,99,999,1011.1,15.9,15.5,999,99,99
2025,09,23,15,54,20,1,99,99,99,99,999,1011.5,16.1,15.5,999,99,99
2025,09,23,16,54,310,3.6,99,99,99,99,999,1011.3,16.2,15.8,999,99,99
2025,09,23,17,54,280,2.1,99,99,99,99,999,1011.6,16.5,15.9,999,99,99
2025,09,23,18,54,260,5.1,99,99,99,99,999,1011.1,16.7,16.1,999,99,99
2025,09,23,20,14,240,4.1,99,99,99,99,999,1010.5,16.9,16.5,999,99,99
2025,09,23,21,14,210,4.1,99,99,99,99,999,1010,17.3,16.7,999,99,99
2025,09,23,22,14,200,4.6,99,99,99,99,999,1010,17.5,16.8,999,99,99
2025,09,23,22,54,200,4.6,99,99,99,99,999,1010,17.6,16.7,999,99,99
2025,09,24,00,14,230,6.2,99,99,99,99,999,1009.8,17.6,16.6,999,99,99
2025,09,24,01,14,190,3.6,99,99,99,99,999,1010.8,17.6,16.3,999,99,99
2025,09,24,01,54,190,4.1,99,99,99,99,999,1011.4,17.4,16.3,999,99,99
2025,09,24,02,54,220,4.1,99,99,99,99,999,1012.2,17.1,16.4,999,99,99
2025,09,24,03,54,160,4.6,99,99,99,99,999,1013.7,16.9,16.5,999,99,99
2025,09,24,04,54,170,4.1,99,99,99,99,999,1014.4,16.8,16.4,999,99,99
2025,09,24,05,54,220,2.6,99,99,99,99,999,1014.2,16.9,16.3,999,99,99
2025,09,24,06,54,0,0,99,99,99,99,999,1014.2,16.4,16.4,999,99,99
2025,09,24,07,54,270,1,99,99,99,99,999,1014.3,16.5,16.4,999,99,99
2025,09,24,08,54,120,2.6,99,99,99,99,999,1015.8,16.6,16.4,999,99,99
2025,09,24,09,54,180,1.5,99,99,99,99,999,1015,16.8,16.4,999,99,99
2025,09,24,10,54,340,2.6,99,99,99,99,999,1014.3,16.7,16.3,999,99,99
2025,09,24,12,14,10,2.1,99,99,99,99,999,1014.1,16.7,16.3,999,99,99
2025,09,24,13,14,40,5.1,99,99,99,99,999,1015.1,17.1,16.3,999,99,99
2025,09,24,13,54,20,3.1,99,99,99,99,999,1015,17.1,16.3,999,99,99
2025,09,24,14,54,40,6.2,99,99,99,99,999,1015.2,17.4,16.3,999,99,99
2025,09,24,15,54,20,7.7,99,99,99,99,999,1015.2,17.5,16.2,999,99,99
2025,09,24,17,14,10,4.1,99,99,99,99,999,1016.1,17.6,16.1,999,99,99
2025,09,24,18,14,10,5.1,99,99,99,99,999,1016.4,18.4,16.1,999,99,99
2025,09,24,19,14,290,5.1,99,99,99,99,999,1015.7,18.1,16.1,999,99,99
2025,09,24,20,14,360,1,99,99,99,99,999,1016.2,17.9,16.3,999,99,99
2025,09,24,20,54,300,3.1,99,99,99,99,999,1015.6,18.3,16.2,999,99,99
2025,09,24,21,54,240,2.6,99,99,99,99,999,1015.4,17.9,16.5,999,99,99
2025,09,24,22,54,250,3.1,99,99,99,99,999,1015.3,18.3,16.7,999,99,99
2025,09,24,23,54,230,2.1,99,99,99,99,999,1015.5,18.1,16.7,999,99,99
2025,09,25,01,14,170,3.1,99,99,99,99,999,1015.5,18.1,16.9,999,99,99
2025,09,25,01,54,170,2.1,99,99,99,99,999,1015.4,18.3,16.7,999,99,99
2025,09,25,03,14,170,2.1,99,99,99,99,999,1015.3,18,16.7,999,99,99
2025,09,25,04,14,190,2.6,99,99,99,99,999,1015.6,17.8,16.6,999,99,99
2025,09,25,05,14,0,0,99,99,99,99,999,1015.7,17,16.6,999,99,99
2025,09,25,06,14,330,2.6,99,99,99,99,999,1015.5,16.6,16.7,999,99,99
2025,09,25,07,14,300,2.6,99,99,99,99,999,1015.3,16.8,16.7,999,99,99
2025,09,25,08,14,270,1,99,99,99,99,999,1015.5,16.9,16.6,999,99,99
2025,09,25,09,14,270,2.1,99,99,99,99,999,1015.3,17.3,16.4,999,99,99
2025,09,25,10,14,280,3.6,99,99,99,99,999,1015.2,16.9,16.2,999,99,99
2025,09,25,10,54,40,2.1,99,99,99,99,999,1015.4,17.2,16.1,999,99,99
2025,09,25,12,14,210,2.6,99,99,99,99,999,1015.7,16.7,16.1,999,99,99
2025,09,25,13,14,270,4.1,99,99,99,99,999,1016.4,17.3,16.2,999,99,99
2025,09,25,14,14,260,4.6,99,99,99,99,999,1016.3,16.4,16.1,999,99,99
2025,09,25,15,04,260,8.2,99,99,99,99,999,1015.7,16,16,999,99,99
2025,09,25,15,54,300,5.1,99,99,99,99,999,1016.8,15.7,16,999,99,99
2025,09,25,16,54,250,3.6,99,99,99,99,999,1017.2,15.7,16.1,999,99,99
2025,09,25,18,14,230,2.6,99,99,99,99,999,1017.3,16.1,16.5,999,99,99
2025,09,25,19,04,220,4.1,99,99,99,99,999,1017.1,16.2,16.5,999,99,99
2025,09,25,20,14,240,5.7,99,99,99,99,999,1017.1,16.2,16.4,999,99,99
2025,09,25,20,54,240,6.7,99,99,99,99,999,1016.9,17,16.5,999,99,99
2025,09,25,21,54,230,3.6,99,99,99,99,999,1016.3,17.4,16.5,999,99,99
2025,09,25,23,14,250,7.7,99,99,99,99,999,1015.4,17.4,16.5,999,99,99
2025,09,26,00,14,230,4.1,99,99,99,99,999,1015.2,17.3,16.7,999,99,99
2025,09,26,01,14,240,5.1,99,99,99,99,999,1015.2,17,16.8,999,99,99
2025,09,26,02,14,240,6.2,99,99,99,99,999,1015.3,17,16.7,999,99,99
2025,09,26,03,14,240,5.1,99,99,99,99,999,1015.5,17.2,16.5,999,99,99
2025,09,26,04,14,240,3.1,99,99,99,99,999,1015.8,16.9,16.5,999,99,99
2025,09,26,04,54,250,4.6,99,99,99,99,999,1015.8,16.8,16.6,999,99,99
2025,09,26,05,54,260,4.6,99,99,99,99,999,1015.4,16.5,16.5,999,99,99
2025,09,26,06,54,250,3.6,99,99,99,99,999,1014.7,16.3,16.5,999,99,99
2025,09,26,07,54,250,3.1,99,99,99,99,999,1014.6,16.2,16.5,999,99,99
2025,09,26,08,54,270,1.5,99,99,99,99,999,1014.3,16.1,16.5,999,99,99
2025,09,26,10,14,120,1,99,99,99,99,999,1013.5,15.9,16.5,999,99,99
2025,09,26,11,14,0,0,99,99,99,99,999,1013.3,15.9,16.4,999,99,99
2025,09,26,12,14,0,0,99,99,99,99,999,1012.7,15.7,16.3,999,99,99
2025,09,26,13,14,290,1.5,99,99,99,99,999,1012.7,15.6,16.2,999,99,99
2025,09,26,13,54,0,0,99,99,99,99,999,1012.9,15.7,16.2,999,99,99
2025,09,26,15,04,20,3.1,99,99,99,99,999,1013.3,16,16.2,999,99,99
2025,09,26,15,54,60,1.5,99,99,99,99,999,1013.5,15.9,16.2,999,99,99
2025,09,26,16,54,10,1,99,99,99,99,999,1013.3,15.8,16.4,999,99,99
2025,09,26,17,54,310,1.5,99,99,99,99,999,1013.2,16,16.5,999,99,99
2025,09,26,19,14,250,3.6,99,99,99,99,999,1012.9,15.9,16.9,999,99,99
2025,09,26,19,54,230,4.1,99,99,99,99,999,1012.5,16,16.7,999,99,99
2025,09,26,21,14,210,3.1,99,99,99,99,999,1011.7,16.4,16.9,999,99,99
2025,09,26,22,04,210,3.1,99,99,99,99,999,1011.4,16.7,16.8,999,99,99
2025,09,26,23,14,220,3.6,99,99,99,99,999,1010.8,16.7,16.7,999,99,99
2025,09,27,00,14,230,4.1,99,99,99,99,999,1010.5,16.2,16.6,999,99,99
2025,09,27,01,14,200,2.6,99,99,99,99,999,1010.5,16.3,16.7,999,99,99
2025,09,27,02,14,210,1.5,99,99,99,99,999,1010.4,16,16.5,999,99,99
2025,09,27,03,14,230,3.1,99,99,99,99,999,1010.6,16,16.3,999,99,99
2025,09,27,04,14,220,4.6,99,99,99,99,999,1011.1,15.9,16.5,999,99,99
2025,09,27,05,14,220,2.6,99,99,99,99,999,1011.5,15.9,16.5,999,99,99
2025,09,27,06,14,210,2.6,99,99,99,99,999,1011.2,15.9,16.2,999,99,99
2025,09,27,07,14,180,2.1,99,99,99,99,999,1011.2,15.9,16.5,999,99,99
2025,09,27,08,14,190,2.1,99,99,99,99,999,1011.3,16.2,16.4,999,99,99
2025,09,27,09,14,190,3.1,99,99,99,99,999,1011.3,16.2,16.4,999,99,99
2025,09,27,10,04,190,2.6,99,99,99,99,999,1011.3,16.2,16.4,999,99,99
2025,09,27,10,54,170,1.5,99,99,99,99,999,1011.3,16.2,16.4,999,99,99
2025,09,27,12,14,140,3.1,99,99,99,99,999,1011.1,16.2,16.3,999,99,99
2025,09,27,13,14,100,2.6,99,99,99,99,999,1011.2,15.4,16.2,999,99,99
2025,09,27,14,14,110,2.6,99,99,99,99,999,1011.6,15.5,16,999,99,99
2025,09,27,14,54,110,3.6,99,99,99,99,999,1011.9,16.1,15.9,999,99,99
2025,09,27,16,14,110,1,99,99,99,99,999,1012.5,15.9,15.8,999,99,99
2025,09,27,16,54,0,0,99,99,99,99,999,1012.7,16.1,15.7,999,99,99
2025,09,27,17,54,0,0,99,99,99,99,999,1013,16.3,15.8,999,99,99
2025,09,27,18,54,200,4.1,99,99,99,99,999,1012.9,16.6,15.8,999,99,99
2025,09,27,19,54,240,3.6,99,99,99,99,999,1012.5,16.3,16.1,999,99,99
2025,09,27,20,54,240,3.1,99,99,99,99,999,1012.3,16.2,16.1,999,99,99
2025,09,27,21,54,260,4.6,99,99,99,99,999,1011.9,16.1,16.1,999,99,99
2025,09,27,22,54,270,5.1,99,99,99,99,999,1011.7,15.8,15.8,999,99,99
2025,09,27,23,54,250,2.1,99,99,99,99,999,1011.7,16.3,15.9,999,99,99
2025,09,28,00,54,260,2.1,99,99,99,99,999,1011.5,16.6,15.9,999,99,99
2025,09,28,01,54,270,1.5,99,99,99,99,999,1011.7,16.4,16,999,99,99
2025,09,28,02,54,260,2.6,99,99,99,99,999,1012.2,16.7,16.2,999,99,99
2025,09,28,03,54,310,1.5,99,99,99,99,999,1012.8,16.7,16.2,999,99,99
2025,09,28,04,54,300,2.6,99,99,99,99,999,1013.2,16.8,16.3,999,99,99
2025,09,28,06,14,260,1.5,99,99,99,99,999,1013.3,17.1,16.3,999,99,99
2025,09,28,07,14,0,0,99,99,99,99,999,1013.2,16.8,16.3,999,99,99
2025,09,28,08,04,240,1,99,99,99,99,999,1013.2,16.6,16.3,999,99,99
2025,09,28,08,54,270,1.5,99,99,99,99,999,1013.4,16.4,16.2,999,99,99
2025,09,28,10,14,310,1.5,99,99,99,99,999,1013.5,16.3,16.2,999,99,99
2025,09,28,11,14,300,2.1,99,99,99,99,999,1013.7,16,16.2,999,99,99
2025,09,28,12,14,310,1,99,99,99,99,999,1014,15.9,16.1,999,99,99
2025,09,28,13,14,0,0,99,99,99,99,999,1014.5,16,16.1,999,99,99
2025,09,28,14,14,20,1.5,99,99,99,99,999,1014.9,16.1,16.2,999,99,99
2025,09,28,15,14,360,1.5,99,99,99,99,999,1015.4,16.2,16.2,999,99,99
2025,09,28,16,14,320,1,99,99,99,99,999,1016,16.4,16.1,999,99,99
2025,09,28,17,14,280,1,99,99,99,99,999,1016.5,16.5,16.2,999,99,99
2025,09,28,18,14,40,1.5,99,99,99,99,999,1016.7,16.8,16.4,999,99,99
2025,09,28,19,14,10,2.1,99,99,99,99,999,1016.7,17.6,17,999,99,99
2025,09,28,20,14,210,2.1,99,99,99,99,999,1016.5,18.2,17.3,999,99,99
2025,09,28,21,14,220,5.1,99,99,99,99,999,1015.9,17.8,17.2,999,99,99
2025,09,28,21,54,200,5.7,99,99,99,99,999,1015.7,18,17.3,999,99,99
2025,09,28,22,54,200,7.2,99,99,99,99,999,1015.1,17.9,17.4,999,99,99
2025,09,29,00,14,200,6.2,99,99,99,99,999,1014.9,17.8,17.3,999,99,99
2025,09,29,01,14,190,4.6,99,99,99,99,999,1015,17.8,17.2,999,99,99
2025,09,29,02,14,190,5.1,99,99,99,99,999,1015,17.8,17.2,999,99,99
2025,09,29,02,54,200,5.7,99,99,99,99,999,1015.3,17.8,17.2,999,99,99
2025,09,29,04,14,310,1,99,99,99,99,999,1016,17.5,17.1,999,99,99
2025,09,29,05,14,60,0.5,99,99,99,99,999,1015.9,17.5,17.2,999,99,99
2025,09,29,05,54,0,0,99,99,99,99,999,1016,17.6,17.2,999,99,99
2025,09,29,07,14,50,1,99,99,99,99,999,1015.6,17.6,17.1,999,99,99
2025,09,29,08,14,330,0.5,99,99,99,99,999,1015.7,17.2,16.9,999,99,99
2025,09,29,09,14,280,1.5,99,99,99,99,999,1015.6,17.1,16.8,999,99,99
2025,09,29,10,14,200,2.1,99,99,99,99,999,1015.5,17.5,16.7,999,99,99
2025,09,29,11,14,220,3.6,99,99,99,99,999,1015.4,16.9,16.4,999,99,99
2025,09,29,12,14,210,1.5,99,99,99,99,999,1015.4,16.8,16.4,999,99,99
2025,09,29,13,14,150,1,99,99,99,99,999,1015.1,16.8,16.9,999,99,99
2025,09,29,14,14,130,2.1,99,99,99,99,999,1015.5,16.7,16.9,999,99,99
2025,09,29,15,14,170,1.5,99,99,99,99,999,1015.9,16.8,17.1,999,99,99
2025,09,29,16,04,90,2.6,99,99,99,99,999,1015.7,17,17.2,999,99,99
2025,09,29,16,54,90,3.1,99,99,99,99,999,1016,17.1,16.9,999,99,99
2025,09,29,17,54,60,2.6,99,99,99,99,999,1015.7,17.1,17,999,99,99
2025,09,29,18,54,310,1,99,99,99,99,999,1016.1,17.2,17,999,99,99
2025,09,29,19,54,230,2.1,99,99,99,99,999,1016.3,17.6,17.1,999,99,99
2025,09,29,20,54,230,2.1,99,99,99,99,999,1016.1,17.7,17.3,999,99,99
2025,09,29,21,54,240,3.1,99,99,99,99,999,1016,18,17.5,999,99,99
2025,09,29,22,54,120,2.6,99,99,99,99,999,1015.5,18.5,18,999,99,99
2025,09,29,23,54,240,1.5,99,99,99,99,999,1015.1,18,17.9,999,99,99
2025,09,30,01,14,210,1.5,99,99,99,99,999,1015.2,17.8,17.7,999,99,99
2025,09,30,02,14,0,0,99,99,99,99,999,1014.7,17.4,17.5,999,99,99
2025,09,30,03,04,0,0,99,99,99,99,999,1014.7,17.4,17.7,999,99,99
2025,09,30,03,54,340,1,99,99,99,99,999,1014.8,17.5,17.6,999,99,99
2025,09,30,05,14,160,2.1,99,99,99,99,999,1015.1,17.6,17.6,999,99,99
2025,09,30,06,14,160,3.1,99,99,99,99,999,1015,17.6,17.6,999,99,99
2025,09,30,07,14,160,3.6,99,99,99,99,999,1015.1,17.7,17.6,999,99,99
2025,09,30,07,54,150,3.6,99,99,99,99,999,1015.2,17.4,17.5,999,99,99
2025,09,30,09,14,130,3.1,99,99,99,99,999,1015.1,16.8,17.4,999,99,99
2025,09,30,10,14,110,4.1,99,99,99,99,999,1014.8,16.9,17.3,999,99,99
2025,09,30,11,14,80,4.6,99,99,99,99,999,1014.6,17.1,17.3,999,99,99
2025,09,30,12,14,50,3.6,99,99,99,99,999,1014.7,16.7,17.4,999,99,99
2025,09,30,13,14,80,3.6,99,99,99,99,999,1015.2,16.8,17.5,999,99,99
2025,09,30,14,14,70,3.6,99,99,99,99,999,1015.2,17,17.4,999,99,99
2025,09,30,15,14,80,3.1,99,99,99,99,999,1015.8,17.1,17.2,999,99,99
2025,09,30,16,14,80,2.6,99,99,99,99,999,1016.2,17.2,17,999,99,99
2025,09,30,16,54,80,2.1,99,99,99,99,999,1016.7,17.4,17.2,999,99,99
2025,09,30,17,54,170,2.1,99,99,99,99,999,1017.1,17.7,17.3,999,99,99
2025,09,30,18,54,170,6.2,99,99,99,99,999,1017.3,17.7,17.4,999,99,99
2025,09,30,19,54,170,6.2,99,99,99,99,999,1016.9,17.6,17.5,999,99,99
2025,09,30,20,54,160,6.2,99,99,99,99,999,1016.6,17.9,17.4,999,99,99
2025,09,30,21,54,180,5.1,99,99,99,99,999,1016.7,17.9,17.4,999,99,99
2025,09,30,22,54,170,4.6,99,99,99,99,999,1016.4,17.7,17.5,999,99,99
2025,10,01,00,54,170,4.1,99,99,99,99,999,1016.6,17.9,17.6,999,99,99
2025,10,01,01,54,190,3.1,99,99,99,99,999,1016.7,17.6,17.6,999,99,99
2025,10,01,03,14,180,5.1,99,99,99,99,999,1016.8,17.4,17.3,999,99,99
2025,10,01,04,04,150,5.1,99,99,99,99,999,1017.1,17.2,17.2,999,99,99
2025,10,01,05,14,170,3.6,99,99,99,99,999,1017.2,16.7,17.2,999,99,99
2025,10,01,06,14,180,4.1,99,99,99,99,999,1017.2,16.6,17.2,999,99,99
2025,10,01,07,14,140,4.6,99,99,99,99,999,1017.2,16.8,17.2,999,99,99
2025,10,01,07,54,130,3.6,99,99,99,99,999,1017.2,16.6,17.2,999,99,99
2025,10,01,08,54,150,4.1,99,99,99,99,999,1017.5,16.6,17.2,999,99,99
2025,10,01,09,54,120,4.6,99,99,99,99,999,1017.2,16.3,17.2,999,99,99
2025,10,01,10,54,130,2.1,99,99,99,99,999,1017.3,16.6,17.2,999,99,99
2025,10,01,11,54,120,2.6,99,99,99,99,999,1017.2,16.7,17.2,999,99,99
2025,10,01,12,54,120,3.6,99,99,99,99,999,1017.2,16.7,17.2,999,99,99
2025,10,01,13,54,110,3.6,99,99,99,99,999,1017.3,16.8,17.3,999,99,99
2025,10,01,14,54,90,4.6,99,99,99,99,999,1017.4,16.9,17.5,999,99,99
2025,10,01,15,54,80,3.1,99,99,99,99,999,1018,17,17.4,999,99,99
2025,10,01,16,54,70,4.6,99,99,99,99,999,1018.2,16.9,17.1,999,99,99
2025,10,01,17,54,70,3.6,99,99,99,99,999,1018.4,17.4,16.9,999,99,99
2025,10,01,18,54,120,1,99,99,99,99,999,1018.1,18.4,17.1,999,99,99
2025,10,01,20,14,0,0,99,99,99,99,999,1017.3,18.3,17.6,999,99,99
2025,10,01,20,54,190,1.5,99,99,99,99,999,1017.1,18.1,17.7,999,99,99
2025,10,01,21,54,180,3.1,99,99,99,99,999,1016.8,17.8,17.7,999,99,99
2025,10,01,22,54,170,3.1,99,99,99,99,999,1016.4,17.8,17.7,999,99,99
2025,10,01,23,54,200,2.1,99,99,99,99,999,1016.2,17.9,17.6,999,99,99
2025,10,02,00,54,180,1.5,99,99,99,99,999,1016.2,17.9,17.6,999,99,99
2025,10,02,01,54,270,1.5,99,99,99,99,999,1016.3,17.7,17.6,999,99,99
2025,10,02,02,54,0,0,99,99,99,99,999,1016.3,17.6,17.6,999,99,99
2025,10,02,03,54,0,0,99,99,99,99,999,1016.4,17.5,17.5,999,99,99
2025,10,02,05,14,60,1,99,99,99,99,999,1017,17.5,17.4,999,99,99
2025,10,02,06,14,40,0.5,99,99,99,99,999,1016.9,17.5,17.4,999,99,99
2025,10,02,07,14,360,1.5,99,99,99,99,999,1016.8,17.5,17.3,999,99,99
2025,10,02,08,14,30,2.1,99,99,99,99,999,1016.4,17.7,17.6,999,99,99
2025,10,02,09,14,50,4.1,99,99,99,99,999,1016.2,17.6,17.5,999,99,99
2025,10,02,10,14,90,3.1,99,99,99,99,999,1015.8,17.3,17.4,999,99,99
2025,10,02,10,54,90,2.1,99,99,99,99,999,1015.5,17.4,17.4,999,99,99
2025,10,02,11,54,130,2.6,99,99,99,99,999,1015.7,17.1,17.4,999,99,99
2025,10,02,12,54,240,7.2,99,99,99,99,999,1015.7,17.2,17.3,999,99,99
2025,10,02,14,14,270,5.1,99,99,99,99,999,1016.6,16.6,17.5,999,99,99
2025,10,02,14,54,270,2.1,99,99,99,99,999,1017.4,16.7,17.5,999,99,99
2025,10,02,16,14,190,4.1,99,99,99,99,999,1018.1,16.7,17.4,999,99,99
2025,10,02,17,14,180,1,99,99,99,99,999,1018.5,17,17.4,999,99,99
2025,10,02,18,14,240,2.6,99,99,99,99,999,1018.1,17.1,17.4,999,99,99
2025,10,02,19,14,260,3.6,99,99,99,99,999,1017.9,17.2,17.8,999,99,99
2025,10,02,20,14,250,4.6,99,99,99,99,999,1017.8,17,17.7,999,99,99
2025,10,02,21,14,240,4.1,99,99,99,99,999,1017.2,17.2,17.8,999,99,99
2025,10,02,22,04,240,4.6,99,99,99,99,999,1017,17.3,17.8,999,99,99
2025,10,02,22,54,240,6.7,99,99,99,99,999,1017,17.2,17.8,999,99,99
2025,10,02,23,54,250,7.7,99,99,99,99,999,1016.5,17.1,17.8,999,99,99
2025,10,03,00,54,240,6.7,99,99,99,99,999,1016.5,17.2,17.7,999,99,99
2025,10,03,01,54,250,6.7,99,99,99,99,999,1016.6,17,17.7,999,99,99
2025,10,03,02,54,250,8.2,99,99,99,99,999,1016.8,16.9,17.6,999,99,99
2025,10,03,03,54,260,6.7,99,99,99,99,999,1017,17,17.5,999,99,99
2025,10,03,04,54,270,5.7,99,99,99,99,999,1017.5,17.2,17.5,999,99,99
2025,10,03,06,14,190,1,99,99,99,99,999,1017.9,17.1,17.5,999,99,99
2025,10,03,07,14,300,1.5,99,99,99,99,999,1017.8,16.8,17.5,999,99,99
2025,10,03,08,14,260,5.1,99,99,99,99,999,1017.6,16.9,17.5,999,99,99
2025,10,03,09,14,270,7.7,99,99,99,99,999,1017.6,17,17.5,999,99,99
2025,10,03,10,14,270,6.2,99,99,99,99,999,1017.4,16.8,17.4,999,99,99
2025,10,03,10,54,270,6.2,99,99,99,99,999,1017.5,16.8,17.4,999,99,99
2025,10,03,12,14,270,8.8,99,99,99,99,999,1017.5,16.5,17.4,999,99,99
2025,10,03,13,14,270,6.7,99,99,99,99,999,1018.1,16.6,17.3,999,99,99
2025,10,03,14,14,270,5.7,99,99,99,99,999,1018.6,16.6,17.3,999,99,99
2025,10,03,15,14,270,6.2,99,99,99,99,999,1018.9,16.6,17.3,999,99,99
2025,10,03,15,54,280,5.7,99,99,99,99,999,1019.2,16.5,17.3,999,99,99
2025,10,03,17,14,270,9.3,99,99,99,99,999,1019.5,16.7,17.3,999,99,99
2025,10,03,18,14,260,8.2,99,99,99,99,999,1019.6,16.7,17.4,999,99,99
2025,10,03,19,14,270,9.8,99,99,99,99,999,1019.6,16.6,17.4,999,99,99
2025,10,03,20,14,260,7.2,99,99,99,99,999,1019.6,16.6,17.5,999,99,99
2025,10,03,21,14,260,11.3,99,99,99,99,999,1018.7,16.6,17.5,999,99,99
2025,10,03,22,14,270,9.8,99,99,99,99,999,1018.4,16.5,17.5,999,99,99
2025,10,03,23,04,260,10.8,99,99,99,99,999,1017.8,16.4,17.5,999,99,99
2025,10,03,23,54,260,10.8,99,99,99,99,999,1017.5,16.5,17.5,999,99,99
2025,10,04,00,54,260,9.3,99,99,99,99,999,1017.4,16.4,17.4,999,99,99
2025,10,04,01,54,260,9.3,99,99,99,99,999,1017.4,16.4,17.4,999,99,99
2025,10,04,02,54,260,12.4,99,99,99,99,999,1017.5,16.5,17.3,999,99,99
2025,10,04,03,54,270,11.3,99,99,99,99,999,1017.8,16.4,17.3,999,99,99
2025,10,04,04,54,270,9.3,99,99,99,99,999,1018,16.3,17.2,999,99,99
2025,10,04,05,54,270,6.7,99,99,99,99,999,1017.9,16.1,17.1,999,99,99
2025,10,04,07,14,270,6.7,99,99,99,99,999,1017.7,15.9,17,999,99,99
2025,10,04,08,14,270,6.2,99,99,99,99,999,1017.6,15.8,16.9,999,99,99
2025,10,04,09,14,320,2.1,99,99,99,99,999,1017.7,15.5,16.9,999,99,99
2025,10,04,09,54,310,2.1,99,99,99,99,999,1017.4,15.6,16.9,999,99,99
2025,10,04,10,54,340,1.5,99,99,99,99,999,1017.1,15.4,16.8,999,99,99
2025,10,04,11,54,0,0,99,99,99,99,999,1016.9,15.2,16.9,999,99,99
2025,10,04,12,54,0,0,99,99,99,99,999,1017,15.1,16.9,999,99,99
2025,10,04,13,54,0,0,99,99,99,99,999,1017.1,15.1,16.9,999,99,99
2025,10,04,14,54,300,2.1,99,99,99,99,999,1017.2,15.1,16.9,999,99,99
2025,10,04,15,54,50,1.5,99,99,99,99,999,1017.3,15,17,999,99,99
2025,10,04,16,54,0,0,99,99,99,99,999,1017.6,15.2,17,999,99,99
2025,10,04,17,54,200,1,99,99,99,99,999,1017.5,15.4,17.1,999,99,99
2025,10,04,18,54,280,1.5,99,99,99,99,999,1017,15.3,17.3,999,99,99
2025,10,04,20,14,260,4.1,99,99,99,99,999,1016.4,15.2,17.4,999,99,99
2025,10,04,20,54,250,4.6,99,99,99,99,999,1015.6,15.2,17.4,999,99,99
2025,10,04,22,14,250,6.2,99,99,99,99,999,1014.7,15.9,17.4,999,99,99
2025,10,04,22,54,260,7.7,99,99,99,99,999,1014.1,16,17.3,999,99,99
2025,10,04,23,54,250,8.8,99,99,99,99,999,1013.3,16.1,17.3,999,99,99
2025,10,05,01,14,250,10.3,99,99,99,99,999,1012.6,16.1,17,999,99,99
2025,10,05,02,14,260,9.8,99,99,99,99,999,1012,15.9,16.9,999,99,99
2025,10,05,03,14,270,11.3,99,99,99,99,999,1012.3,15.6,16.6,999,99,99
2025,10,05,04,14,270,7.2,99,99,99,99,999,1012.6,15.5,16.6,999,99,99
2025,10,05,05,14,270,7.7,99,99,99,99,999,1012.6,15.4,16.4,999,99,99
2025,10,05,06,14,280,3.6,99,99,99,99,999,1012.5,15.4,16.4,999,99,99
2025,10,05,07,14,280,2.6,99,99,99,99,999,1012.2,15.3,16.3,999,99,99
2025,10,05,08,14,290,4.1,99,99,99,99,999,1012.1,15.1,16.2,999,99,99
2025,10,05,08,54,290,2.6,99,99,99,99,999,1012,15.1,16.2,999,99,99
2025,10,05,09,54,340,3.1,99,99,99,99,999,1011.6,15,16.2,999,99,99
2025,10,05,10,54,320,2.1,99,99,99,99,999,1011,15,16.2,999,99,99
2025,10,05,12,14,320,3.1,99,99,99,99,999,1010.8,14.8,16.2,999,99,99
2025,10,05,13,14,300,1.5,99,99,99,99,999,1011.1,14.8,16.2,999,99,99
2025,10,05,14,14,50,2.6,99,99,99,99,999,1011.1,14.8,16.2,999,99,99
2025,10,05,15,14,20,3.1,99,99,99,99,999,1011.2,14.1,16.2,999,99,99
2025,10,05,16,14,30,4.1,99,99,99,99,999,1011.2,13.4,16.3,999,99,99
2025,10,05,16,54,40,3.1,99,99,99,99,999,1011.3,13.5,16.3,999,99,99
2025,10,05,17,54,350,1.5,99,99,99,99,999,1011.3,13.6,16.3,999,99,99
2025,10,05,19,14,270,5.7,99,99,99,99,999,1010.8,14.1,16.6,999,99,99
2025,10,05,20,14,260,7.2,99,99,99,99,999,1010.1,14.2,16.6,999,99,99
2025,10,05,21,14,250,5.7,99,99,99,99,999,1009.3,14.7,16.6,999,99,99
2025,10,05,21,54,250,8.8,99,99,99,99,999,1009.1,15.2,16.6,999,99,99
2025,10,05,22,54,260,6.7,99,99,99,99,999,1008.6,15.5,16.6,999,99,99
2025,10,05,23,54,260,10.3,99,99,99,99,999,1008.3,15.5,16.6,999,99,99
2025,10,06,01,14,250,6.7,99,99,99,99,999,1008.3,15.3,16.3,999,99,99
2025,10,06,01,54,240,7.2,99,99,99,99,999,1008.3,15.2,16.3,999,99,99
2025,10,06,03,14,220,4.1,99,99,99,99,999,1009,15.4,16.2,999,99,99
2025,10,06,04,14,220,3.6,99,99,99,99,999,1009.1,15.9,16.1,999,99,99
2025,10,06,05,14,90,3.6,99,99,99,99,999,1009.2,15.8,16,999,99,99
2025,10,06,05,54,30,1.5,99,99,99,99,999,1009.4,15.7,16,999,99,99
2025,10,06,06,54,10,2.1,99,99,99,99,999,1009.6,15.8,15.9,999,99,99
2025,10,06,07,54,360,4.1,99,99,99,99,999,1009.6,15.7,16,999,99,99
2025,10,06,09,14,360,2.6,99,99,99,99,999,1009.5,16.1,16.1,999,99,99
2025,10,06,10,14,320,3.6,99,99,99,99,999,1009.2,15.8,16.1,999,99,99
2025,10,06,11,14,70,3.6,99,99,99,99,999,1009.3,15.5,16,999,99,99
2025,10,06,11,54,50,2.1,99,99,99,99,999,1009.4,15.7,16,999,99,99
2025,10,06,12,54,60,2.6,99,99,99,99,999,1009.6,15.5,16,999,99,99
2025,10,06,13,54,350,2.1,99,99,99,99,999,1009.9,15.7,15.9,999,99,99
2025,10,06,14,54,20,3.6,99,99,99,99,999,1010.2,15.2,16,999,99,99
2025,10,06,15,54,30,4.6,99,99,99,99,999,1010.6,15,16,999,99,99
2025,10,06,16,54,40,3.1,99,99,99,99,999,1010.9,15.8,16.1,999,99,99
2025,10,06,17,54,80,2.1,99,99,99,99,999,1011.1,16.5,16.3,999,99,99
2025,10,06,18,54,170,5.7,99,99,99,99,999,1011.1,14.9,16.4,999,99,99
2025,10,06,19,54,170,8.2,99,99,99,99,999,1010.9,15,16.4,999,99,99
2025,10,06,21,14,180,7.2,99,99,99,99,999,1010.6,15.5,16.4,999,99,99
2025,10,06,21,54,180,5.1,99,99,99,99,999,1010.3,15.6,16.3,999,99,99
2025,10,06,22,54,180,7.2,99,99,99,99,999,1010.4,15.3,16.4,999,99,99
2025,10,07,00,14,180,5.1,99,99,99,99,999,1010.3,15.7,16.4,999,99,99
2025,10,07,01,14,190,4.1,99,99,99,99,999,1010.7,15.9,16.4,999,99,99
2025,10,07,02,14,180,2.1,99,99,99,99,999,1011,15.8,16.3,999,99,99
2025,10,07,03,04,270,1,99,99,99,99,999,1011.2,15.7,16.3,999,99,99
2025,10,07,04,14,190,1,99,99,99,99,999,1011.4,15.5,16.3,999,99,99
2025,10,07,04,54,120,1.5,99,99,99,99,999,1011.5,15.4,16.3,999,99,99
2025,10,07,05,54,130,1,99,99,99,99,999,1011.6,15.5,16.2,999,99,99
2025,10,07,06,54,260,0.5,99,99,99,99,999,1011.5,15.5,16.2,999,99,99
2025,10,07,07,54,0,0,99,99,99,99,999,1011.8,15,16.2,999,99,99
2025,10,07,08,54,40,2.1,99,99,99,99,999,1011.7,15,16.2,999,99,99
2025,10,07,09,54,40,2.1,99,99,99,99,999,1011.3,14.9,16.2,999,99,99
2025,10,07,10,54,30,3.1,99,99,99,99,999,1010.8,14.7,16.2,999,99,99
2025,10,07,11,54,30,3.1,99,99,99,99,999,1010.7,14,16.2,999,99,99
2025,10,07,12,54,90,3.1,99,99,99,99,999,1011,13.8,16.2,999,99,99
2025,10,07,14,14,170,5.1,99,99,99,99,999,1011.2,14.6,16.2,999,99,99
2025,10,07,14,54,180,5.1,99,99,99,99,999,1011.7,14.8,16.2,999,99,99
2025,10,07,15,54,160,5.1,99,99,99,99,999,1012.3,15.2,16.3,999,99,99
2025,10,07,16,54,150,4.1,99,99,99,99,999,1012.6,15.3,16.3,999,99,99
2025,10,07,17,54,160,4.1,99,99,99,99,999,1012.6,15.4,16.3,999,99,99
2025,10,07,18,54,160,3.6,99,99,99,99,999,1012.5,15.9,16.4,999,99,99
2025,10,07,19,54,170,4.6,99,99,99,99,999,1012.5,16.2,16.5,999,99,99
2025,10,07,20,54,170,5.7,99,99,99,99,999,1012.1,16.4,16.5,999,99,99
2025,10,07,22,14,190,4.6,99,99,99,99,999,1012,16.6,16.5,999,99,99
2025,10,07,22,54,190,3.1,99,99,99,99,999,1012,16.8,16.6,999,99,99
2025,10,07,23,54,180,3.1,99,99,99,99,999,1011.8,16.9,16.6,999,99,99
2025,10,08,00,54,180,4.1,99,99,99,99,999,1011.9,16.9,16.6,999,99,99
2025,10,08,01,54,170,2.6,99,99,99,99,999,1011.9,16.8,16.6,999,99,99
2025,10,08,02,54,170,3.1,99,99,99,99,999,1012,16.6,16.5,999,99,99
2025,10,08,04,14,170,3.1,99,99,99,99,999,1012.4,16.5,16.5,999,99,99
2025,10,08,05,14,160,2.1,99,99,99,99,999,1012.6,16.4,16.5,999,99,99
2025,10,08,06,14,170,2.1,99,99,99,99,999,1012.6,16.4,16.4,999,99,99
2025,10,08,07,14,160,4.6,99,99,99,99,999,1012.3,16.5,16.4,999,99,99
2025,10,08,08,14,150,4.1,99,99,99,99,999,1012.1,16.5,16.4,999,99,99
2025,10,08,09,14,140,5.1,99,99,99,99,999,1012,16.3,16.4,999,99,99
2025,10,08,09,54,150,4.1,99,99,99,99,999,1011.8,16.1,16.4,999,99,99
2025,10,08,10,54,160,3.1,99,99,99,99,999,1011.9,16.1,16.4,999,99,99
2025,10,08,12,14,150,5.7,99,99,99,99,999,1011.8,16.4,16.4,999,99,99
2025,10,08,12,54,150,5.7,99,99,99,99,999,1012,16.6,16.4,999,99,99
2025,10,08,13,54,140,4.1,99,99,99,99,999,1012.1,16.6,16.4,999,99,99
2025,10,08,14,54,140,3.6,99,99,99,99,999,1012.2,16.4,16.4,999,99,99
2025,10,08,15,54,130,6.2,99,99,99,99,999,1012.5,16.6,16.3,999,99,99
2025,10,08,16,54,130,3.6,99,99,99,99,999,1012.9,16.8,16.4,999,99,99
2025,10,08,18,14,150,2.1,99,99,99,99,999,1013,16.7,16.4,999,99,99
2025,10,08,19,04,120,1.5,99,99,99,99,999,1012.9,17.1,16.5,999,99,99
2025,10,08,19,54,160,6.2,99,99,99,99,999,1012.6,16.8,16.6,999,99,99
2025,10,08,20,54,170,7.2,99,99,99,99,999,1012,16.8,16.6,999,99,99
2025,10,08,21,54,170,6.7,99,99,99,99,999,1011.8,16.9,16.6,999,99,99
2025,10,08,22,54,160,9.3,99,99,99,99,999,1011.3,17.1,16.6,999,99,99
2025,10,08,23,54,170,7.2,99,99,99,99,999,1011.3,16.9,16.6,999,99,99
2025,10,09,00,54,170,6.7,99,99,99,99,999,1011.2,16.9,16.6,999,99,99
2025,10,09,01,54,170,7.2,99,99,99,99,999,1011.1,16.9,16.6,999,99,99
2025,10,09,02,54,160,9.8,99,99,99,99,999,1011.2,17.1,16.5,999,99,99
2025,10,09,03,54,170,9.3,99,99,99,99,999,1011.6,17.2,16.6,999,99,99
2025,10,09,04,54,150,7.7,99,99,99,99,999,1012,17.1,16.6,999,99,99
2025,10,09,06,14,160,5.1,99,99,99,99,999,1012.2,17.2,16.6,999,99,99
2025,10,09,06,54,160,4.1,99,99,99,99,999,1012.5,17.1,16.5,999,99,99
2025,10,09,07,54,80,3.1,99,99,99,99,999,1012.7,16.5,16.5,999,99,99
2025,10,09,09,14,50,2.6,99,99,99,99,999,1012.7,15.9,16.5,999,99,99
2025,10,09,10,04,60,4.1,99,99,99,99,999,1012.7,15.7,16.5,999,99,99
2025,10,09,10,54,60,5.1,99,99,99,99,999,1012.5,15.6,16.5,999,99,99
2025,10,09,11,54,60,4.6,99,99,99,99,999,1012.7,15.6,16.4,999,99,99
2025,10,09,13,14,60,6.2,99,99,99,99,999,1013.2,15.6,16.3,999,99,99
2025,10,09,14,04,50,4.6,99,99,99,99,999,1013.5,14.8,16.2,999,99,99
2025,10,09,15,14,40,3.6,99,99,99,99,999,1014.1,15.2,16.3,999,99,99
2025,10,09,15,54,50,5.1,99,99,99,99,999,1014.3,15.2,16.3,999,99,99
2025,10,09,17,14,60,5.7,99,99,99,99,999,1014.5,15.9,16.4,999,99,99
2025,10,09,18,14,70,3.6,99,99,99,99,999,1014.6,16.8,16.6,999,99,99
2025,10,09,18,54,60,2.1,99,99,99,99,999,1014.3,17.3,16.8,999,99,99
2025,10,09,20,14,330,1.5,99,99,99,99,999,1014,18,17,999,99,99
2025,10,09,21,04,290,1,99,99,99,99,999,1013.6,18.5,17.1,999,99,99
2025,10,09,22,14,260,1.5,99,99,99,99,999,1013.2,18.2,17,999,99,99
2025,10,09,22,54,220,3.1,99,99,99,99,999,1013.1,18.1,17.6,999,99,99
2025,10,09,23,54,210,2.6,99,99,99,99,999,1012.8,18.1,18,999,99,99
2025,10,10,01,14,210,3.6,99,99,99,99,999,1012.7,17.6,17.7,999,99,99
2025,10,10,02,14,200,2.6,99,99,99,99,999,1012.9,17.3,17.5,999,99,99
2025,10,10,03,14,200,2.1,99,99,99,99,999,1013.3,17.1,17.4,999,99,99
2025,10,10,04,14,190,2.6,99,99,99,99,999,1014,17,17.2,999,99,99
2025,10,10,05,04,200,1,99,99,99,99,999,1014.5,17,17.3,999,99,99
2025,10,10,05,54,190,2.6,99,99,99,99,999,1014.6,17,17.2,999,99,99
2025,10,10,07,14,280,3.1,99,99,99,99,999,1014.7,16.8,17.4,999,99,99
2025,10,10,07,54,290,2.1,99,99,99,99,999,1014.8,16.7,17.4,999,99,99
2025,10,10,08,54,20,2.6,99,99,99,99,999,1014.9,16.5,17.3,999,99,99
2025,10,10,10,14,200,1.5,99,99,99,99,999,1015.1,16.5,17.1,999,99,99
2025,10,10,10,54,270,1,99,99,99,99,999,1015,16.4,17.2,999,99,99
2025,10,10,11,54,280,3.6,99,99,99,99,999,1015,16.1,17.2,999,99,99
2025,10,10,12,54,290,3.6,99,99,99,99,999,1015.1,16.2,17.1,999,99,99
2025,10,10,13,54,270,4.1,99,99,99,99,999,1015.6,16.2,17.1,999,99,99
2025,10,10,14,54,280,2.6,99,99,99,99,999,1016.1,16,16.9,999,99,99
2025,10,10,16,14,270,3.6,99,99,99,99,999,1016.5,16.2,16.9,999,99,99
2025,10,10,17,04,290,1,99,99,99,99,999,1016.7,16.5,17,999,99,99
2025,10,10,18,14,50,0.5,99,99,99,99,999,1016.8,17.2,17.2,999,99,99
2025,10,10,18,54,0,0,99,99,99,99,999,1016.8,17.7,17.2,999,99,99
2025,10,10,19,54,170,1,99,99,99,99,999,1016.5,17.2,17.5,999,99,99
2025,10,10,21,14,220,3.1,99,99,99,99,999,1015.5,17.1,17.7,999,99,99
2025,10,10,22,04,220,4.6,99,99,99,99,999,1015.1,17.2,17.7,999,99,99
2025,10,10,23,04,240,5.1,99,99,99,99,999,1014.9,17.6,17.5,999,99,99
2025,10,11,00,04,230,6.2,99,99,99,99,999,1014.9,17.7,17.7,999,99,99
2025,10,11,01,14,240,8.8,99,99,99,99,999,1014.4,17.3,17.2,999,99,99
2025,10,11,01,54,250,6.2,99,99,99,99,999,1014.7,17.1,16.8,999,99,99
2025,10,11,03,14,250,3.6,99,99,99,99,999,1015.3,17,16.9,999,99,99
2025,10,11,04,04,250,5.1,99,99,99,99,999,1015.4,16.9,16.9,999,99,99
2025,10,11,05,04,270,1.5,99,99,99,99,999,1015.2,16.7,16.9,999,99,99
2025,10,11,06,04,260,3.1,99,99,99,99,999,1015.3,16.9,17,999,99,99
2025,10,11,06,54,260,2.6,99,99,99,99,999,1015.2,17,16.9,999,99,99
2025,10,11,07,54,280,2.6,99,99,99,99,999,1015,16.8,16.8,999,99,99
2025,10,11,08,54,280,3.6,99,99,99,99,999,1014.9,16.7,16.8,999,99,99
2025,10,11,09,54,360,1.5,99,99,99,99,999,1014.9,15.6,16.8,999,99,99
2025,10,11,10,54,10,1,99,99,99,99,999,1015,15.3,16.7,999,99,99
2025,10,11,11,54,260,0.5,99,99,99,99,999,1014.8,15.5,16.6,999,99,99
2025,10,11,12,54,320,1.5,99,99,99,99,999,1015,15.9,16.3,999,99,99
2025,10,11,13,54,310,2.6,99,99,99,99,999,1015.7,16,16.3,999,99,99
2025,10,11,14,54,320,2.6,99,99,99,99,999,1016,15.8,16,999,99,99
2025,10,11,15,54,310,2.1,99,99,99,99,999,1016.7,16.1,15.9,999,99,99
2025,10,11,16,54,10,1.5,99,99,99,99,999,1016.7,16.2,16.1,999,99,99
2025,10,11,18,14,260,3.6,99,99,99,99,999,1016.8,16.4,16.1,999,99,99
2025,10,11,19,14,260,2.1,99,99,99,99,999,1016.3,17,16.3,999,99,99
2025,10,11,20,04,260,7.7,99,99,99,99,999,1015.9,16.8,16.1,999,99,99
2025,10,11,20,54,260,8.8,99,99,99,99,999,1015.2,16.7,16.2,999,99,99
2025,10,11,21,54,260,10.8,99,99,99,99,999,1014.9,16.6,16.2,999,99,99
2025,10,11,23,14,270,12.9,99,99,99,99,999,1013.9,16.7,16.1,999,99,99
2025,10,12,00,04,260,12.4,99,99,99,99,999,1014.3,16.6,15.8,999,99,99
2025,10,12,01,04,270,12.4,99,99,99,99,999,1014.5,16.5,15.8,999,99,99
2025,10,12,02,04,270,10.8,99,99,99,99,999,1014.3,16.3,15.4,999,99,99
2025,10,12,03,04,270,10.3,99,99,99,99,999,1015.2,16.2,15.4,999,99,99
2025,10,12,03,54,280,7.2,99,99,99,99,999,1015.5,16.1,15.4,999,99,99
2025,10,12,04,54,280,7.2,99,99,99,99,999,1016,15.9,15.6,999,99,99
2025,10,12,05,54,280,6.7,99,99,99,99,999,1015.8,15.8,15.7,999,99,99
2025,10,12,06,54,280,7.2,99,99,99,99,999,1015.4,15.7,15.8,999,99,99
2025,10,12,07,54,280,7.2,99,99,99,99,999,1015.1,15.6,15.8,999,99,99
2025,10,12,08,54,280,3.1,99,99,99,99,999,1015.2,15.5,15.9,999,99,99
2025,10,12,09,54,300,3.6,99,99,99,99,999,1014.8,15.3,15.7,999,99,99
2025,10,12,10,54,350,3.1,99,99,99,99,999,1014.3,14.9,16,999,99,99
2025,10,12,11,54,360,2.6,99,99,99,99,999,1014.5,14.6,15.7,999,99,99
2025,10,12,12,54,0,0,99,99,99,99,999,1014.6,14.3,15.6,999,99,99
2025,10,12,13,54,50,1.5,99,99,99,99,999,1014.4,14.4,15.4,999,99,99
2025,10,12,14,54,40,1.5,99,99,99,99,999,1014.3,14.5,15.4,999,99,99
2025,10,12,16,14,20,1,99,99,99,99,999,1014.6,14.4,15.4,999,99,99
2025,10,12,17,04,50,1,99,99,99,99,999,1014.5,14.5,15.4,999,99,99
2025,10,12,17,54,110,1,99,99,99,99,999,1013.9,15,15.5,999,99,99
2025,10,12,18,54,200,2.1,99,99,99,99,999,1013.4,14.8,15.6,999,99,99
2025,10,12,19,54,270,7.2,99,99,99,99,999,1012.4,15.6,15.7,999,99,99
2025,10,12,20,54,260,8.8,99,99,99,99,999,1011.3,15.5,15.5,999,99,99
2025,10,12,21,54,260,9.3,99,99,99,99,999,1010.6,15.4,15.2,999,99,99
2025,10,12,22,54,260,10.3,99,99,99,99,999,1010,15.4,15.3,999,99,99
2025,10,12,23,54,260,11.3,99,99,99,99,999,1009.3,15.3,15.5,999,99,99
2025,10,13,00,54,260,11.3,99,99,99,99,999,1008.9,15.3,15.4,999,99,99
2025,10,13,01,54,260,9.3,99,99,99,99,999,1008.5,15.2,15.3,999,99,99
2025,10,13,03,14,270,8.8,99,99,99,99,999,1009,15.2,15.7,999,99,99
2025,10,13,04,04,270,9.3,99,99,99,99,999,1009,15.2,15.8,999,99,99
2025,10,13,05,04,280,8.2,99,99,99,99,999,1009.1,15.1,15.9,999,99,99
2025,10,13,06,04,270,7.2,99,99,99,99,999,1009,15.2,15.9,999,99,99
2025,10,13,06,54,280,7.2,99,99,99,99,999,1009.2,15.2,15.9,999,99,99
2025,10,13,07,54,290,8.8,99,99,99,99,999,1008.7,15.2,15.9,999,99,99
2025,10,13,09,14,270,7.7,99,99,99,99,999,1008.5,15.2,15.9,999,99,99
2025,10,13,10,04,270,8.2,99,99,99,99,999,1008.3,15,15.9,999,99,99
2025,10,13,10,54,270,7.7,99,99,99,99,999,1008,14.9,15.9,999,99,99
2025,10,13,11,54,270,8.8,99,99,99,99,999,1007.8,14.7,15.8,999,99,99
2025,10,13,12,54,280,6.7,99,99,99,99,999,1007.6,14.7,15.8,999,99,99
2025,10,13,13,54,270,6.2,99,99,99,99,999,1007.7,14.7,15.8,999,99,99
2025,10,13,14,54,270,6.7,99,99,99,99,999,1007.5,14.8,15.7,999,99,99
2025,10,13,16,04,250,2.6,99,99,99,99,999,1007.7,14.9,15.8,999,99,99
2025,10,13,16,54,240,1.5,99,99,99,99,999,1007.8,15,15.8,999,99,99
2025,10,13,17,54,170,1,99,99,99,99,999,1007.5,14.9,15.8,999,99,99
2025,10,13,19,14,120,3.6,99,99,99,99,999,1006.5,15.1,15.8,999,99,99
2025,10,13,19,54,150,4.1,99,99,99,99,999,1006.1,15.4,15.8,999,99,99
2025,10,13,20,54,160,7.2,99,99,99,99,999,1004.8,15.4,15.7,999,99,99
2025,10,13,21,54,150,6.2,99,99,99,99,999,1003.7,15.2,15.6,999,99,99
2025,10,13,22,54,150,14.9,99,99,99,99,999,1002.6,14.6,15.5,999,99,99
2025,10,13,23,54,140,8.2,99,99,99,99,999,1002.5,14.6,15.5,999,99,99
2025,10,14,00,54,140,12.4,99,99,99,99,999,1000.8,14.4,15.4,999,99,99
2025,10,14,01,54,210,5.1,99,99,99,99,999,1002,13.8,15.3,999,99,99
2025,10,14,03,14,340,0.5,99,99,99,99,999,1002,12.9,15.2,999,99,99
2025,10,14,04,04,200,3.1,99,99,99,99,999,1002.7,13.3,15.1,999,99,99
2025,10,14,05,04,200,6.7,99,99,99,99,999,1003.2,12.8,15.2,999,99,99
2025,10,14,05,54,180,2.6,99,99,99,99,999,1003.5,13.3,15.2,999,99,99
2025,10,14,06,54,190,3.6,99,99,99,99,999,1003.9,13.4,15.2,999,99,99
2025,10,14,07,54,170,2.6,99,99,99,99,999,1004.1,13.3,15.2,999,99,99
2025,10,14,08,54,240,1.5,99,99,99,99,999,1004.5,13.6,15.2,999,99,99
2025,10,14,09,54,300,1,99,99,99,99,999,1004.7,13.4,15.1,999,99,99
2025,10,14,10,54,0,0,99,99,99,99,999,1004.8,13.4,15.1,999,99,99
2025,10,14,12,14,340,2.6,99,99,99,99,999,1005.3,12.8,15,999,99,99
2025,10,14,13,04,340,2.6,99,99,99,99,999,1005.8,12.8,15,999,99,99
2025,10,14,13,54,0,0,99,99,99,99,999,1006.4,12.9,15,999,99,99
2025,10,14,15,04,30,3.1,99,99,99,99,999,1007.2,12.5,15,999,99,99
2025,10,14,16,04,40,4.6,99,99,99,99,999,1008,12.6,15,999,99,99
2025,10,14,17,04,110,3.6,99,99,99,99,999,1008.6,12.3,15,999,99,99
2025,10,14,17,54,200,2.1,99,99,99,99,999,1009,12.9,15.1,999,99,99
2025,10,14,18,54,260,2.6,99,99,99,99,999,1009.1,13.4,15.3,999,99,99
2025,10,14,19,54,260,2.6,99,99,99,99,999,1009.5,13.4,15.4,999,99,99
2025,10,14,21,14,230,4.6,99,99,99,99,999,1009.4,14,15.4,999,99,99
2025,10,14,22,04,240,6.2,99,99,99,99,999,1010,14.1,15.5,999,99,99
2025,10,14,23,04,250,3.6,99,99,99,99,999,1010.8,14.4,15.5,999,99,99
2025,10,15,00,04,250,4.6,99,99,99,99,999,1011.2,14.6,15.4,999,99,99
2025,10,15,00,54,230,3.1,99,99,99,99,999,1011.9,14.6,15.3,999,99,99
2025,10,15,02,04,230,3.1,99,99,99,99,999,1012.7,14.5,15.2,999,99,99
2025,10,15,03,04,230,2.6,99,99,99,99,999,1013.5,14.5,15.2,999,99,99
2025,10,15,04,04,240,3.1,99,99,99,99,999,1014.1,14.5,15.1,999,99,99
2025,10,15,04,54,240,2.1,99,99,99,99,999,1014.8,14.5,15.1,999,99,99
2025,10,15,05,54,210,2.6,99,99,99,99,999,1015.2,14.4,15.1,999,99,99
2025,10,15,06,54,150,3.6,99,99,99,99,999,1015.8,14.4,15.1,999,99,99
2025,10,15,07,54,150,4.1,99,99,99,99,999,1016,13.9,15.1,999,99,99
2025,10,15,08,54,150,4.6,99,99,99,99,999,1016.1,14.2,15.1,999,99,99
2025,10,15,09,54,150,3.6,99,99,99,99,999,1016.6,14.2,15.1,999,99,99
2025,10,15,10,54,130,1.5,99,99,99,99,999,1016.5,14.3,15.1,999,99,99
2025,10,15,11,54,100,2.1,99,99,99,99,999,1016.7,14,15.1,999,99,99
2025,10,15,12,54,70,3.1,99,99,99,99,999,1017,13.7,15.1,999,99,99
2025,10,15,13,54,60,2.6,99,99,99,99,999,1017.6,13.7,15.1,999,99,99
2025,10,15,15,14,60,4.6,99,99,99,99,999,1018.2,13.5,15.1,999,99,99
2025,10,15,16,04,50,6.2,99,99,99,99,999,1018.8,13.2,15,999,99,99
2025,10,15,17,04,40,5.7,99,99,99,99,999,1019.4,13.2,15,999,99,99
2025,10,15,17,54,50,4.1,99,99,99,99,999,1019.6,13.7,15,999,99,99
2025,10,15,18,54,10,3.1,99,99,99,99,999,1019.6,14,15.1,999,99,99
2025,10,15,19,54,20,2.6,99,99,99,99,999,1019.5,14.3,15.3,999,99,99
2025,10,15,20,54,350,1,99,99,99,99,999,1019.1,14.8,15.5,999,99,99
2025,10,15,21,54,0,0,99,99,99,99,999,1019,15.5,15.6,999,99,99
2025,10,15,23,14,230,2.1,99,99,99,99,999,1019.1,15.4,15.4,999,99,99
2025,10,16,00,04,250,3.6,99,99,99,99,999,1019,15.2,15.9,999,99,99
2025,10,16,01,04,270,4.6,99,99,99,99,999,1018.9,15.1,15.9,999,99,99
2025,10,16,02,04,270,5.1,99,99,99,99,999,1019.1,14.9,15.5,999,99,99
2025,10,16,03,04,280,6.2,99,99,99,99,999,1019.3,15,15.3,999,99,99
2025,10,16,04,04,280,4.6,99,99,99,99,999,1019.6,14.9,15.2,999,99,99
2025,10,16,04,54,290,2.1,99,99,99,99,999,1019.6,15,15.2,999,99,99
2025,10,16,05,54,330,1,99,99,99,99,999,1019.8,14.8,15.2,999,99,99
2025,10,16,06,54,350,2.6,99,99,99,99,999,1019.8,14.5,15.2,999,99,99
2025,10,16,07,54,360,2.6,99,99,99,99,999,1019.7,14.1,15.3,999,99,99
2025,10,16,08,54,350,1,99,99,99,99,999,1019.6,14.4,15.2,999,99,99
2025,10,16,10,14,340,4.6,99,99,99,99,999,1019.4,13.8,15.1,999,99,99
2025,10,16,11,04,320,4.1,99,99,99,99,999,1019.2,13.8,15.1,999,99,99
2025,10,16,12,04,350,2.6,99,99,99,99,999,1019.2,13.9,15.1,999,99,99
2025,10,16,13,04,40,2.1,99,99,99,99,999,1018.9,13.3,15.1,999,99,99
2025,10,16,14,04,20,2.6,99,99,99,99,999,1019,13,15.1,999,99,99
2025,10,16,15,04,40,2.6,99,99,99,99,999,1019.3,13.4,15.1,999,99,99
2025,10,16,15,54,20,2.6,99,99,99,99,999,1019.6,13.5,15.1,999,99,99
2025,10,16,17,04,30,1,99,99,99,99,999,1019.8,13.4,15.2,999,99,99
2025,10,16,18,04,60,1,99,99,99,99,999,1019.5,14,15.4,999,99,99
2025,10,16,19,04,250,1.5,99,99,99,99,999,1019.2,14.7,15.5,999,99,99
2025,10,16,20,04,240,2.6,99,99,99,99,999,1018.4,14.4,15.8,999,99,99
2025,10,16,20,54,260,4.6,99,99,99,99,999,1017.6,14.9,15.7,999,99,99
2025,10,16,22,04,260,7.2,99,99,99,99,999,1016.8,15,15.6,999,99,99
2025,10,16,23,04,260,7.7,99,99,99,99,999,1016.2,15,15.5,999,99,99
2025,10,16,23,54,270,9.3,99,99,99,99,999,1016,15,15.4,999,99,99
2025,10,17,01,04,260,9.3,99,99,99,99,999,1015.3,14.7,15.2,999,99,99
2025,10,17,02,04,260,9.3,99,99,99,99,999,1015.4,14.6,15.2,999,99,99
2025,10,17,03,04,280,7.2,99,99,99,99,999,1015.8,14.7,15.2,999,99,99
2025,10,17,04,04,280,6.7,99,99,99,99,999,1015.9,14.9,15.1,999,99,99
2025,10,17,04,54,280,3.1,99,99,99,99,999,1015.7,15,15.1,999,99,99
2025,10,17,05,54,100,2.6,99,99,99,99,999,1015.9,14.7,15.1,999,99,99
2025,10,17,06,54,350,2.1,99,99,99,99,999,1016,14.7,15.1,999,99,99
2025,10,17,07,54,330,2.6,99,99,99,99,999,1016.6,14.3,15.1,999,99,99
2025,10,17,09,14,30,2.1,99,99,99,99,999,1016,14.2,15,999,99,99
2025,10,17,10,04,360,4.1,99,99,99,99,999,1016.1,14.2,15,999,99,99
2025,10,17,11,04,60,4.6,99,99,99,99,999,1015.6,13.5,15,999,99,99
2025,10,17,11,54,50,5.7,99,99,99,99,999,1015.7,13.5,15,999,99,99
2025,10,17,13,04,20,5.1,99,99,99,99,999,1016.2,13,14.9,999,99,99
2025,10,17,14,04,30,5.7,99,99,99,99,999,1016.4,13.3,14.9,999,99,99
2025,10,17,15,04,40,5.1,99,99,99,99,999,1016.5,13.5,14.9,999,99,99
2025,10,17,16,04,20,6.2,99,99,99,99,999,1016.7,13.7,14.9,999,99,99
2025,10,17,16,54,50,7.7,99,99,99,99,999,1016.6,14.4,14.8,999,99,99
2025,10,17,18,04,40,5.1,99,99,99,99,999,1016.7,15.4,15,999,99,99
2025,10,17,19,04,310,2.6,99,99,99,99,999,1016.6,15.6,15.1,999,99,99
2025,10,17,20,04,280,6.7,99,99,99,99,999,1016,14,15.1,999,99,99
2025,10,17,20,54,280,6.2,99,99,99,99,999,1015.6,14,15.1,999,99,99
2025,10,17,21,54,260,7.2,99,99,99,99,999,1015.2,14.9,15.1,999,99,99
2025,10,17,22,54,260,5.1,99,99,99,99,999,1014.8,15,15.1,999,99,99
2025,10,18,00,14,260,5.7,99,99,99,99,999,1014.7,15.1,15.2,999,99,99
2025,10,18,00,54,260,4.6,99,99,99,99,999,1014.6,15.3,15.2,999,99,99
2025,10,18,01,54,250,2.6,99,99,99,99,999,1014.6,15.2,15.1,999,99,99
2025,10,18,03,04,250,1.5,99,99,99,99,999,1015.1,15.3,15.1,999,99,99
2025,10,18,04,04,210,1,99,99,99,99,999,1015.4,15.2,15.1,999,99,99
2025,10,18,04,54,150,1.5,99,99,99,99,999,1015.5,15,15.1,999,99,99
2025,10,18,06,04,140,1,99,99,99,99,999,1015.5,14.9,15.1,999,99,99
2025,10,18,06,54,30,0.5,99,99,99,99,999,1015.5,14.8,15.1,999,99,99
2025,10,18,07,54,40,2.6,99,99,99,99,999,1015.6,14.6,15.1,999,99,99
2025,10,18,08,54,30,2.6,99,99,99,99,999,1015.8,14.2,15.1,999,99,99
2025,10,18,09,54,30,2.6,99,99,99,99,999,1015.8,14.2,15.1,999,99,99
2025,10,18,11,04,30,4.6,99,99,99,99,999,1015.4,14.3,15,999,99,99
2025,10,18,12,04,30,5.1,99,99,99,99,999,1015.1,14.6,15,999,99,99
2025,10,18,13,04,20,4.6,99,99,99,99,999,1015.3,15.1,14.9,999,99,99
2025,10,18,14,04,10,3.6,99,99,99,99,999,1015.7,15,14.9,999,99,99
2025,10,18,15,04,360,4.6,99,99,99,99,999,1015.9,14.8,14.8,999,99,99
2025,10,18,16,04,360,4.1,99,99,99,99,999,1016.5,15.1,14.8,999,99,99
2025,10,18,17,04,60,3.6,99,99,99,99,999,1017,15.3,14.8,999,99,99
2025,10,18,18,04,360,1,99,99,99,99,999,1017.1,15.9,15.3,999,99,99
2025,10,18,19,04,310,3.1,99,99,99,99,999,1016.9,16.1,15.3,999,99,99
2025,10,18,19,54,280,2.1,99,99,99,99,999,1016.5,16.1,15.4,999,99,99
2025,10,18,20,54,260,3.1,99,99,99,99,999,1015.9,16.2,15.7,999,99,99
2025,10,18,21,54,260,3.6,99,99,99,99,999,1015.7,16.1,15.9,999,99,99
2025,10,18,22,54,230,1.5,99,99,99,99,999,1015.9,16.2,15.9,999,99,99
2025,10,18,23,54,200,3.1,99,99,99,99,999,1015.8,16.1,16,999,99,99
2025,10,19,00,54,240,3.6,99,99,99,99,999,1016,15.6,15.7,999,99,99
2025,10,19,02,14,220,3.1,99,99,99,99,999,1016.6,14,15.5,999,99,99
2025,10,19,03,04,190,3.1,99,99,99,99,999,1017.2,13.9,15.4,999,99,99
2025,10,19,04,04,160,2.1,99,99,99,99,999,1017.9,13.5,15.4,999,99,99
2025,10,19,05,04,120,2.1,99,99,99,99,999,1018.2,13.8,15.5,999,99,99
2025,10,19,05,54,160,3.6,99,99,99,99,999,1018.3,14,15.5,999,99,99
2025,10,19,06,54,150,6.2,99,99,99,99,999,1018.1,13.9,15.5,999,99,99
2025,10,19,08,04,160,4.6,99,99,99,99,999,1017.9,13.8,15.3,999,99,99
2025,10,19,09,04,250,0.5,99,99,99,99,999,1018.5,14,15.3,999,99,99
2025,10,19,09,54,0,0,99,99,99,99,999,1017.9,13.7,15.3,999,99,99
2025,10,19,10,54,90,3.1,99,99,99,99,999,1018,13.6,15.3,999,99,99
2025,10,19,11,54,140,0.5,99,99,99,99,999,1018.1,13.5,15.4,999,99,99
2025,10,19,13,04,340,1,99,99,99,99,999,1018.4,13.3,15.5,999,99,99
2025,10,19,14,04,20,2.1,99,99,99,99,999,1018.6,13.2,15.6,999,99,99
2025,10,19,15,04,10,2.6,99,99,99,99,999,1018.7,13.1,15.6,999,99,99
2025,10,19,16,04,30,2.6,99,99,99,99,999,1019.1,12.2,15.6,999,99,99
2025,10,19,17,04,340,1.5,99,99,99,99,999,1019.6,12.5,15.6,999,99,99
2025,10,19,18,04,290,3.1,99,99,99,99,999,1019.3,13,15.7,999,99,99
2025,10,19,19,04,270,5.1,99,99,99,99,999,1019.3,13.3,15.7,999,99,99
2025,10,19,19,54,250,8.2,99,99,99,99,999,1019,13.6,15.7,999,99,99
2025,10,19,20,54,250,7.7,99,99,99,99,999,1018.4,14.3,15.6,999,99,99
2025,10,19,21,54,250,5.7,99,99,99,99,999,1018,14.6,15.8,999,99,99
2025,10,19,22,54,240,4.6,99,99,99,99,999,1018,15.1,15.9,999,99,99
2025,10,19,23,54,200,3.6,99,99,99,99,999,1018,15.3,15.8,999,99,99
2025,10,20,00,54,250,5.1,99,99,99,99,999,1018,14.7,15.8,999,99,99
2025,10,20,01,54,240,4.6,99,99,99,99,999,1017.8,14.7,15.7,999,99,99
2025,10,20,02,54,230,2.6,99,99,99,99,999,1017.7,14.8,15.6,999,99,99
2025,10,20,04,14,240,4.1,99,99,99,99,999,1017.5,14.9,15.6,999,99,99
2025,10,20,05,04,340,5.1,99,99,99,99,999,1017.8,14.7,15.5,999,99,99
2025,10,20,05,54,360,3.6,99,99,99,99,999,1018,14.6,15.5,999,99,99
2025,10,20,07,04,10,1.5,99,99,99,99,999,1018.1,13.9,15.5,999,99,99
2025,10,20,07,54,0,0,99,99,99,99,999,1018.1,13.8,15.5,999,99,99
2025,10,20,09,04,330,1,99,99,99,99,999,1018,14,15.6,999,99,99
2025,10,20,09,54,350,2.1,99,99,99,99,999,1017.7,13.5,15.6,999,99,99
2025,10,20,11,04,20,2.6,99,99,99,99,999,1017.4,12.8,15.6,999,99,99
2025,10,20,11,54,10,2.6,99,99,99,99,999,1017.3,12.4,15.5,999,99,99
2025,10,20,13,04,10,1.5,99,99,99,99,999,1017.4,11.6,15.5,999,99,99
2025,10,20,14,04,20,3.1,99,99,99,99,999,1017.7,12,15.4,999,99,99
2025,10,20,15,04,30,4.6,99,99,99,99,999,1017.7,14,15.4,999,99,99
2025,10,20,16,04,70,4.1,99,99,99,99,999,1018.5,13.6,15.7,999,99,99
2025,10,20,17,04,100,2.6,99,99,99,99,999,1019.1,13.5,15.7,999,99,99
2025,10,20,18,04,150,2.1,99,99,99,99,999,1018.9,14.2,15.9,999,99,99
2025,10,20,19,14,160,5.1,99,99,99,99,999,1018.7,14,16,999,99,99
2025,10,20,20,04,180,4.6,99,99,99,99,999,1018.3,14.5,16.1,999,99,99
2025,10,20,20,54,180,4.6,99,99,99,99,999,1017.9,14.8,16.4,999,99,99
2025,10,20,21,54,190,4.6,99,99,99,99,999,1017.6,15.1,16.4,999,99,99
2025,10,20,23,04,190,4.6,99,99,99,99,999,1017.4,15.6,16.8,999,99,99
2025,10,21,00,04,200,5.1,99,99,99,99,999,1017.4,15.8,16.9,999,99,99
2025,10,21,01,04,200,4.6,99,99,99,99,999,1017.2,15.4,16.9,999,99,99
2025,10,21,01,54,180,1,99,99,99,99,999,1017.3,15.3,16.8,999,99,99
2025,10,21,02,54,150,2.1,99,99,99,99,999,1017.8,14,16.7,999,99,99
2025,10,21,03,54,140,3.1,99,99,99,99,999,1018,13.7,16.7,999,99,99
2025,10,21,05,04,160,2.1,99,99,99,99,999,1018.2,14.2,16.2,999,99,99
2025,10,21,06,04,160,2.1,99,99,99,99,999,1018.4,14.7,15.8,999,99,99
2025,10,21,06,54,170,3.6,99,99,99,99,999,1018.4,14.3,15.8,999,99,99
2025,10,21,07,54,160,4.1,99,99,99,99,999,1018.3,14,15.7,999,99,99
2025,10,21,09,04,160,3.1,99,99,99,99,999,1018.6,13.5,16.3,999,99,99
2025,10,21,09,54,160,5.7,99,99,99,99,999,1018.4,13.2,16.4,999,99,99
2025,10,21,11,04,110,1,99,99,99,99,999,1018.2,13.1,16.5,999,99,99
2025,10,21,12,04,0,0,99,99,99,99,999,1017.8,12.9,16.5,999,99,99
2025,10,21,13,04,90,1.5,99,99,99,99,999,1018,13,16.5,999,99,99
2025,10,21,13,54,80,1.5,99,99,99,99,999,1017.9,13,16.5,999,99,99
2025,10,21,15,04,150,1,99,99,99,99,999,1018,13.5,16.5,999,99,99
2025,10,21,16,04,150,3.6,99,99,99,99,999,1018.6,13.3,16.5,999,99,99
2025,10,21,17,04,160,4.1,99,99,99,99,999,1018.9,13,16.4,999,99,99
2025,10,21,17,54,160,3.1,99,99,99,99,999,1019,13.1,16.4,999,99,99
2025,10,21,19,04,180,3.1,99,99,99,99,999,1018.8,13.5,16.4,999,99,99
2025,10,21,19,54,180,5.1,99,99,99,99,999,1018,13.8,16.6,999,99,99
2025,10,21,20,54,180,5.1,99,99,99,99,999,1017.5,14.3,16.4,999,99,99
2025,10,21,21,54,190,4.6,99,99,99,99,999,1017,14.4,16.1,999,99,99
2025,10,21,22,54,190,4.6,99,99,99,99,999,1016.6,14.5,16,999,99,99
2025,10,21,23,54,180,4.1,99,99,99,99,999,1016.4,14.7,16.3,999,99,99
2025,10,22,01,04,200,3.6,99,99,99,99,999,1015.9,15,16.5,999,99,99
2025,10,22,02,14,180,5.1,99,99,99,99,999,1016.3,15.1,16.5,999,99,99
2025,10,22,02,54,180,4.6,99,99,99,99,999,1016.8,15.4,16.5,999,99,99
2025,10,22,03,54,160,4.1,99,99,99,99,999,1017.1,14.9,16.5,999,99,99
2025,10,22,04,54,160,4.6,99,99,99,99,999,1017.5,15.2,16.5,999,99,99
2025,10,22,05,54,150,3.6,99,99,99,99,999,1017.3,15.6,16.5,999,99,99
2025,10,22,06,54,160,3.1,99,99,99,99,999,1017.3,15.6,16.5,999,99,99
2025,10,22,07,54,140,2.6,99,99,99,99,999,1017.4,15.8,16.4,999,99,99
2025,10,22,09,14,230,1,99,99,99,99,999,1017.2,16.1,16.4,999,99,99
2025,10,22,10,04,170,2.1,99,99,99,99,999,1017.1,16,16.4,999,99,99
2025,10,22,11,04,130,12.9,99,99,99,99,999,1016.8,15.8,16.4,999,99,99
2025,10,22,12,04,130,5.1,99,99,99,99,999,1017.8,16,16.4,999,99,99
2025,10,22,13,04,210,3.1,99,99,99,99,999,1017.3,15.9,16.4,999,99,99
2025,10,22,14,04,160,6.7,99,99,99,99,999,1018,15.9,16.4,999,99,99
2025,10,22,15,04,150,3.1,99,99,99,99,999,1018.9,15.6,16.4,999,99,99
2025,10,22,16,04,180,3.6,99,99,99,99,999,1018.9,15.7,16.4,999,99,99
2025,10,22,16,54,190,3.6,99,99,99,99,999,1019.4,15.9,16.4,999,99,99
2025,10,22,17,54,170,4.1,99,99,99,99,999,1019.5,16,16.4,999,99,99
2025,10,22,19,04,180,3.6,99,99,99,99,999,1020,16.2,16.5,999,99,99
2025,10,22,20,04,180,2.6,99,99,99,99,999,1020.1,16.4,16.6,999,99,99
2025,10,22,21,04,170,3.6,99,99,99,99,999,1019.7,16.2,16.6,999,99,99
2025,10,22,22,04,230,2.1,99,99,99,99,999,1019.8,16.6,16.7,999,99,99
2025,10,22,23,04,240,3.6,99,99,99,99,999,1019.4,16.6,16.8,999,99,99
2025,10,23,00,04,260,3.6,99,99,99,99,999,1018.7,16.5,16.8,999,99,99
2025,10,23,01,04,260,4.6,99,99,99,99,999,1019.1,16.4,16.6,999,99,99
2025,10,23,02,04,260,7.7,99,99,99,99,999,1019.2,16.3,16.6,999,99,99
2025,10,23,03,04,260,10.3,99,99,99,99,999,1019.8,16.1,16.5,999,99,99
2025,10,23,04,04,300,3.1,99,99,99,99,999,1019.5,16,16.4,999,99,99
2025,10,23,05,04,270,1.5,99,99,99,99,999,1019.8,16,16.3,999,99,99
2025,10,23,06,04,270,6.2,99,99,99,99,999,1020.2,16,16.3,999,99,99
2025,10,23,06,54,270,4.6,99,99,99,99,999,1020.4,15.6,16.2,999,99,99
2025,10,23,07,54,280,5.1,99,99,99,99,999,1020.5,15.4,16,999,99,99
2025,10,23,08,54,280,4.6,99,99,99,99,999,1020.5,15.8,16,999,99,99
2025,10,23,09,54,290,4.6,99,99,99,99,999,1020.4,15.7,16,999,99,99
2025,10,23,11,04,310,3.1,99,99,99,99,999,1020.2,15.2,15.9,999,99,99
2025,10,23,12,04,300,3.6,99,99,99,99,999,1020.1,14.6,15.9,999,99,99
2025,10,23,13,04,340,2.6,99,99,99,99,999,1020.3,14.3,16,999,99,99
2025,10,23,13,54,320,2.1,99,99,99,99,999,1020.6,14.1,16,999,99,99
2025,10,23,14,54,340,2.6,99,99,99,99,999,1020.9,14,16,999,99,99
2025,10,23,16,04,10,3.6,99,99,99,99,999,1021.2,14.2,16,999,99,99
2025,10,23,17,04,20,2.6,99,99,99,99,999,1021.5,13.9,16,999,99,99
2025,10,23,18,04,310,2.6,99,99,99,99,999,1021.6,14.4,16.2,999,99,99
2025,10,23,19,04,270,5.1,99,99,99,99,999,1021.6,14.8,16.2,999,99,99
2025,10,23,20,04,270,7.7,99,99,99,99,999,1020.9,15.3,16.2,999,99,99
2025,10,23,21,04,260,7.7,99,99,99,99,999,1020.6,15.4,16.2,999,99,99
2025,10,23,22,04,260,7.7,99,99,99,99,999,1019.9,15.4,16.2,999,99,99
2025,10,23,22,54,270,8.8,99,99,99,99,999,1019.5,15.4,16.2,999,99,99
2025,10,24,00,04,260,9.8,99,99,99,99,999,1019.2,15.4,16.1,999,99,99
2025,10,24,01,04,260,7.7,99,99,99,99,999,1018.9,15.1,16.1,999,99,99
2025,10,24,02,04,270,8.2,99,99,99,99,999,1019.1,15,16,999,99,99
2025,10,24,03,04,270,9.8,99,99,99,99,999,1019.3,15,15.9,999,99,99
2025,10,24,04,04,270,8.2,99,99,99,99,999,1019.3,14.9,15.8,999,99,99
2025,10,24,05,04,270,7.2,99,99,99,99,999,1019.5,15,15.8,999,99,99
2025,10,24,05,54,290,5.7,99,99,99,99,999,1019.6,14.6,15.8,999,99,99
2025,10,24,07,04,290,4.6,99,99,99,99,999,1019.5,14.2,15.8,999,99,99
2025,10,24,08,04,280,4.6,99,99,99,99,999,1019.4,14.2,15.9,999,99,99
2025,10,24,08,54,290,2.6,99,99,99,99,999,1019.3,14.3,15.8,999,99,99
2025,10,24,09,54,10,4.1,99,99,99,99,999,1019.2,14.3,15.8,999,99,99
2025,10,24,11,04,350,2.6,99,99,99,99,999,1018.9,13.2,15.7,999,99,99
2025,10,24,12,04,340,1,99,99,99,99,999,1019.2,12.9,15.7,999,99,99
2025,10,24,12,54,40,2.6,99,99,99,99,999,1019.4,12.8,15.6,999,99,99
2025,10,24,14,04,40,3.6,99,99,99,99,999,1019.4,12.6,15.6,999,99,99
2025,10,24,15,04,360,2.1,99,99,99,99,999,1019.7,12.4,15.6,999,99,99
2025,10,24,15,54,320,3.6,99,99,99,99,999,1019.9,12.3,15.6,999,99,99
2025,10,24,16,54,350,1.5,99,99,99,99,999,1020.3,12.1,15.6,999,99,99
2025,10,24,17,54,310,1.5,99,99,99,99,999,1020.4,12.2,15.6,999,99,99
2025,10,24,18,54,340,1.5,99,99,99,99,999,1020.5,12.1,15.7,999,99,99
2025,10,24,19,54,260,2.6,99,99,99,99,999,1019.8,13.2,15.8,999,99,99
2025,10,24,21,04,260,5.7,99,99,99,99,999,1018.7,14,15.8,999,99,99
2025,10,24,22,04,250,5.7,99,99,99,99,999,1017.9,14.9,15.8,999,99,99
2025,10,24,22,54,250,5.7,99,99,99,99,999,1017.6,15.1,15.8,999,99,99
2025,10,25,00,04,250,7.7,99,99,99,99,999,1017.8,14.4,15.8,999,99,99
2025,10,25,00,54,260,11.3,99,99,99,99,999,1017.4,14.2,15.7,999,99,99
2025,10,25,01,54,260,8.2,99,99,99,99,999,1016.9,14.5,15.6,999,99,99
2025,10,25,02,54,270,5.1,99,99,99,99,999,1016.8,15.5,15.5,999,99,99
2025,10,25,03,54,250,3.6,99,99,99,99,999,1017.1,15,15.6,999,99,99
2025,10,25,04,54,300,6.7,99,99,99,99,999,1017.4,15,15.6,999,99,99
2025,10,25,05,54,350,4.1,99,99,99,99,999,1017.5,14,15.7,999,99,99
2025,10,25,06,54,350,2.1,99,99,99,99,999,1017.7,14.1,15.7,999,99,99
2025,10,25,07,54,0,0,99,99,99,99,999,1017.7,14,15.7,999,99,99
2025,10,25,08,54,280,1,99,99,99,99,999,1017.6,14,15.6,999,99,99
2025,10,25,09,54,30,1.5,99,99,99,99,999,1017.4,13.8,15.6,999,99,99
2025,10,25,10,54,0,0,99,99,99,99,999,1017.6,13.9,15.6,999,99,99
2025,10,25,11,54,280,0.5,99,99,99,99,999,1017.6,14,15.5,999,99,99
2025,10,25,12,54,70,3.1,99,99,99,99,999,1017.4,13.9,15.5,999,99,99
2025,10,25,14,14,60,3.6,99,99,99,99,999,1017.8,13.7,15.5,999,99,99
2025,10,25,15,04,70,3.1,99,99,99,99,999,1018.5,13.8,15.5,999,99,99
2025,10,25,16,04,60,3.6,99,99,99,99,999,1018.3,13.7,15.5,999,99,99
2025,10,25,16,54,40,3.6,99,99,99,99,999,1018.7,13.2,15.5,999,99,99
2025,10,25,18,04,40,3.1,99,99,99,99,999,1019.2,13.6,15.6,999,99,99
2025,10,25,19,04,20,3.6,99,99,99,99,999,1019.4,14.1,15.6,999,99,99
2025,10,25,20,04,30,3.1,99,99,99,99,999,1018.9,14.7,15.6,999,99,99
2025,10,25,21,04,80,1.5,99,99,99,99,999,1018.9,14.8,15.7,999,99,99
2025,10,25,22,04,280,2.1,99,99,99,99,999,1019.2,14.8,15.7,999,99,99
2025,10,25,23,04,190,1.5,99,99,99,99,999,1018.9,15.2,15.9,999,99,99
2025,10,26,00,04,150,1,99,99,99,99,999,1019,15.5,16,999,99,99
2025,10,26,01,04,260,1,99,99,99,99,999,1018.8,15.2,15.9,999,99,99
2025,10,26,02,04,330,2.1,99,99,99,99,999,1018.7,14.4,15.8,999,99,99
2025,10,26,02,54,30,2.6,99,99,99,99,999,1018.8,14.4,15.9,999,99,99
2025,10,26,03,54,320,2.1,99,99,99,99,999,1018.9,14.3,15.9,999,99,99
2025,10,26,05,04,330,2.1,99,99,99,99,999,1019.4,13.9,15.8,999,99,99
2025,10,26,06,04,0,0,99,99,99,99,999,1019.2,13.8,15.7,999,99,99
2025,10,26,07,04,320,2.1,99,99,99,99,999,1019.4,13.8,15.6,999,99,99
2025,10,26,07,54,10,2.6,99,99,99,99,999,1019.1,13.4,15.6,999,99,99
2025,10,26,08,54,330,1,99,99,99,99,999,1018.9,13.6,15.7,999,99,99
2025,10,26,10,04,50,3.1,99,99,99,99,999,1018.6,13.6,15.6,999,99,99
2025,10,26,10,54,60,2.6,99,99,99,99,999,1017.9,13.5,15.6,999,99,99
2025,10,26,11,54,360,2.6,99,99,99,99,999,1018,13.5,15.6,999,99,99
2025,10,26,12,54,10,2.6,99,99,99,99,999,1018.5,13.5,15.6,999,99,99
2025,10,26,13,54,60,3.6,99,99,99,99,999,1018.1,13.1,15.6,999,99,99
2025,10,26,14,54,50,2.1,99,99,99,99,999,1018.3,12.9,15.6,999,99,99
2025,10,26,15,54,350,1.5,99,99,99,99,999,1019.2,12.6,15.6,999,99,99
2025,10,26,17,14,30,3.1,99,99,99,99,999,1020.1,12.7,15.6,999,99,99
2025,10,26,18,04,40,1.5,99,99,99,99,999,1020.1,12.6,15.6,999,99,99
2025,10,26,19,04,70,1.5,99,99,99,99,999,1019.9,13,15.7,999,99,99
2025,10,26,19,54,110,1,99,99,99,99,999,1019.8,13.9,15.8,999,99,99
2025,10,26,21,04,170,2.6,99,99,99,99,999,1019.3,14.4,15.9,999,99,99
2025,10,26,22,04,160,3.6,99,99,99,99,999,1018.7,15.6,15.8,999,99,99
2025,10,26,23,04,160,5.1,99,99,99,99,999,1018.5,15.7,15.8,999,99,99
2025,10,26,23,54,160,5.7,99,99,99,99,999,1018.2,15.9,15.6,999,99,99
2025,10,27,00,54,280,2.1,99,99,99,99,999,1018.8,15.2,15.5,999,99,99
2025,10,27,02,04,280,7.2,99,99,99,99,999,1019.3,15.9,15.5,999,99,99
2025,10,27,02,54,280,7.7,99,99,99,99,999,1019.8,15.7,15.5,999,99,99
2025,10,27,03,54,290,5.7,99,99,99,99,999,1020.2,15.6,15.6,999,99,99
2025,10,27,04,54,310,3.6,99,99,99,99,999,1020.6,15.3,15.5,999,99,99
2025,10,27,05,54,270,6.7,99,99,99,99,999,1020.7,15,15.3,999,99,99
2025,10,27,06,54,280,4.1,99,99,99,99,999,1020.8,14.8,15.3,999,99,99
2025,10,27,07,54,270,4.6,99,99,99,99,999,1020.8,14.9,15.3,999,99,99
2025,10,27,09,04,270,7.2,99,99,99,99,999,1020.8,14.8,15.4,999,99,99
2025,10,27,10,04,270,8.2,99,99,99,99,999,1020.9,14.7,15.5,999,99,99
2025,10,27,10,54,280,7.2,99,99,99,99,999,1020.7,14.6,15.5,999,99,99
2025,10,27,11,54,280,6.7,99,99,99,99,999,1020.5,14.4,15.5,999,99,99
2025,10,27,12,54,280,6.7,99,99,99,99,999,1020.9,14.2,15.5,999,99,99
2025,10,27,13,54,280,5.7,99,99,99,99,999,1021.5,14,15.5,999,99,99
2025,10,27,14,54,330,5.7,99,99,99,99,999,1021.3,13.3,15.6,999,99,99
2025,10,27,15,54,10,4.6,99,99,99,99,999,1021.8,13.2,15.6,999,99,99
2025,10,27,17,04,350,2.6,99,99,99,99,999,1022.4,13.3,15.7,999,99,99
2025,10,27,18,04,30,6.2,99,99,99,99,999,1021.7,13.8,15.9,999,99,99
2025,10,27,19,04,30,2.6,99,99,99,99,999,1021.8,14.2,16,999,99,99
2025,10,27,20,04,300,1.5,99,99,99,99,999,1021.4,14.4,16.1,999,99,99
2025,10,27,21,04,270,2.6,99,99,99,99,999,1020.6,14.8,16.2,999,99,99
2025,10,27,21,54,260,6.2,99,99,99,99,999,1020.1,15.1,16.1,999,99,99
2025,10,27,22,54,270,9.3,99,99,99,99,999,1019.5,15.1,15.9,999,99,99
2025,10,27,23,54,260,7.2,99,99,99,99,999,1019.4,15.2,15.7,999,99,99
2025,10,28,00,54,260,10.3,99,99,99,99,999,1019.2,15.2,15.7,999,99,99
2025,10,28,02,04,270,9.8,99,99,99,99,999,1019.6,15.4,15.8,999,99,99
2025,10,28,03,04,280,6.7,99,99,99,99,999,1019.8,15.5,15.9,999,99,99
2025,10,28,03,54,290,5.7,99,99,99,99,999,1020,15.4,15.9,999,99,99
2025,10,28,05,04,290,2.6,99,99,99,99,999,1020.1,15.5,16,999,99,99
2025,10,28,06,04,290,3.6,99,99,99,99,999,1020.2,15.6,16,999,99,99
2025,10,28,07,04,310,3.1,99,99,99,99,999,1020.1,15.4,16,999,99,99
2025,10,28,07,54,340,5.1,99,99,99,99,999,1019.7,16.2,16.1,999,99,99
2025,10,28,09,04,350,4.1,99,99,99,99,999,1019.1,15.2,16.1,999,99,99
2025,10,28,10,04,340,5.1,99,99,99,99,999,1018.8,15.4,16.1,999,99,99
2025,10,28,11,04,320,4.6,99,99,99,99,999,1019.2,15.1,16.1,999,99,99
2025,10,28,12,04,310,3.6,99,99,99,99,999,1019.3,14.7,16.1,999,99,99
2025,10,28,12,54,340,2.6,99,99,99,99,999,1019.4,15.1,16.1,999,99,99
2025,10,28,14,04,40,4.6,99,99,99,99,999,1019.7,14.3,16,999,99,99
2025,10,28,15,04,60,5.1,99,99,99,99,999,1019.7,14,16,999,99,99
2025,10,28,15,54,40,8.2,99,99,99,99,999,1020.2,14.3,16,999,99,99
2025,10,28,17,04,350,4.1,99,99,99,99,999,1020.5,14.8,16.1,999,99,99
2025,10,28,18,04,340,6.2,99,99,99,99,999,1020.2,16.2,16.1,999,99,99
2025,10,28,18,54,340,5.1,99,99,99,99,999,1019.8,17.1,16.1,999,99,99
2025,10,28,19,54,280,4.6,99,99,99,99,999,1019.4,16.3,16.3,999,99,99
2025,10,28,20,54,270,5.1,99,99,99,99,999,1018.7,16.3,16.4,999,99,99
2025,10,28,21,54,270,6.7,99,99,99,99,999,1018,16,16.4,999,99,99
2025,10,28,23,04,270,6.7,99,99,99,99,999,1017.6,16.1,16.3,999,99,99
2025,10,28,23,54,260,6.2,99,99,99,99,999,1017.7,16.2,16.3,999,99,99
2025,10,29,01,04,260,5.1,99,99,99,99,999,1017.7,16.5,16.2,999,99,99
2025,10,29,02,04,270,4.6,99,99,99,99,999,1017.8,16.4,16.2,999,99,99
2025,10,29,03,04,270,5.1,99,99,99,99,999,1018.9,16.6,16.2,999,99,99
2025,10,29,04,04,270,4.6,99,99,99,99,999,1019.3,16.3,16.2,999,99,99
2025,10,29,05,04,270,5.7,99,99,99,99,999,1019.9,15.8,16.1,999,99,99
2025,10,29,06,04,270,5.1,99,99,99,99,999,1020.1,15.5,16.1,999,99,99
2025,10,29,07,04,270,3.6,99,99,99,99,999,1020.3,15.7,16.1,999,99,99
2025,10,29,08,04,280,3.1,99,99,99,99,999,1020.3,15.7,16.1,999,99,99
2025,10,29,09,04,310,1.5,99,99,99,99,999,1020.1,15.7,16,999,99,99
2025,10,29,10,04,20,2.1,99,99,99,99,999,1019.8,15.6,16,999,99,99
2025,10,29,11,04,20,3.6,99,99,99,99,999,1019.5,16,15.9,999,99,99
2025,10,29,12,04,310,4.6,99,99,99,99,999,1019.4,15.8,15.9,999,99,99
2025,10,29,13,04,10,4.1,99,99,99,99,999,1019.3,15.7,15.9,999,99,99
2025,10,29,13,54,350,3.1,99,99,99,99,999,1019.3,15.4,16,999,99,99
2025,10,29,15,04,340,3.1,99,99,99,99,999,1019.5,15.6,16,999,99,99
2025,10,29,16,04,40,4.1,99,99,99,99,999,1019.8,15.5,16,999,99,99
2025,10,29,16,54,10,4.6,99,99,99,99,999,1019.9,16,16,999,99,99
2025,10,29,18,04,280,5.1,99,99,99,99,999,1019.9,15.9,16.1,999,99,99
2025,10,29,19,04,270,3.6,99,99,99,99,999,1019.5,16.4,16.1,999,99,99
2025,10,29,20,04,250,3.6,99,99,99,99,999,1018.7,16.6,16.3,999,99,99
2025,10,29,21,04,260,5.7,99,99,99,99,999,1017.6,16.4,16.3,999,99,99
2025,10,29,22,04,260,6.2,99,99,99,99,999,1016.7,16.7,16.3,999,99,99
2025,10,29,23,04,260,5.7,99,99,99,99,999,1016.4,16.9,16.4,999,99,99
2025,10,30,00,04,260,8.2,99,99,99,99,999,1016.2,16.6,16.3,999,99,99
2025,10,30,01,04,260,7.2,99,99,99,99,999,1016.1,16.7,16.3,999,99,99
2025,10,30,02,04,270,7.2,99,99,99,99,999,1016,16.4,16.3,999,99,99
2025,10,30,03,04,270,8.8,99,99,99,99,999,1016.5,15.7,16.2,999,99,99
2025,10,30,04,04,270,8.2,99,99,99,99,999,1016.9,15.4,16.2,999,99,99
2025,10,30,05,04,270,8.8,99,99,99,99,999,1017.4,15.1,16.1,999,99,99
2025,10,30,05,54,270,7.2,99,99,99,99,999,1017.5,15,16.1,999,99,99
2025,10,30,07,04,270,6.7,99,99,99,99,999,1017.4,14.8,16.1,999,99,99
2025,10,30,08,04,270,6.7,99,99,99,99,999,1017.3,14.7,16,999,99,99
2025,10,30,08,54,280,7.2,99,99,99,99,999,1017.3,14.5,16,999,99,99
2025,10,30,10,04,270,9.3,99,99,99,99,999,1017.3,13.8,15.9,999,99,99
2025,10,30,10,54,270,7.7,99,99,99,99,999,1016.9,13.7,15.9,999,99,99
2025,10,30,12,04,270,7.7,99,99,99,99,999,1016.9,13.4,15.9,999,99,99
2025,10,30,12,54,280,7.7,99,99,99,99,999,1016.8,13.3,15.8,999,99,99
2025,10,30,13,54,280,8.2,99,99,99,99,999,1017.5,13.1,15.8,999,99,99
2025,10,30,14,54,280,8.2,99,99,99,99,999,1017.5,13.1,15.7,999,99,99
2025,10,30,15,54,280,7.7,99,99,99,99,999,1018,13,15.6,999,99,99
2025,10,30,16,54,290,9.8,99,99,99,99,999,1018.3,13.1,15.7,999,99,99
2025,10,30,18,04,270,8.2,99,99,99,99,999,1017.9,13.2,15.5,999,99,99
2025,10,30,18,54,270,7.2,99,99,99,99,999,1017.9,13.4,15.3,999,99,99
2025,10,30,19,54,260,7.7,99,99,99,99,999,1017.3,13.5,15.1,999,99,99
2025,10,30,21,04,260,8.8,99,99,99,99,999,1016.7,13.5,14.9,999,99,99
2025,10,30,21,54,260,10.8,99,99,99,99,999,1016.2,13.7,14.7,999,99,99
2025,10,30,23,04,260,12.4,99,99,99,99,999,1015.9,13.5,14.5,999,99,99
2025,10,30,23,54,260,10.3,99,99,99,99,999,1015.6,13.4,14.2,999,99,99
2025,10,31,00,54,270,12.4,99,99,99,99,999,1015.3,13.3,14.1,999,99,99
2025,10,31,02,04,270,10.3,99,99,99,99,999,1015.5,13.4,13.8,999,99,99
2025,10,31,03,04,270,10.8,99,99,99,99,999,1016.3,13.6,13.8,999,99,99
2025,10,31,03,54,270,8.8,99,99,99,99,999,1016.9,13.5,13.9,999,99,99
2025,10,31,04,54,270,8.8,99,99,99,99,999,1017.2,13.4,13.9,999,99,99
2025,10,31,06,04,270,7.7,99,99,99,99,999,1017.2,13.4,13.8,999,99,99
2025,10,31,07,04,280,6.7,99,99,99,99,999,1017.1,13.5,13.8,999,99,99
2025,10,31,08,04,290,5.1,99,99,99,99,999,1017,13.4,13.8,999,99,99
2025,10,31,09,04,280,3.6,99,99,99,99,999,1017.2,13.4,13.8,999,99,99
2025,10,31,10,04,280,4.6,99,99,99,99,999,1017.2,13.4,13.8,999,99,99
2025,10,31,10,54,310,1.5,99,99,99,99,999,1016.9,13.4,13.7,999,99,99
2025,10,31,11,54,290,2.1,99,99,99,99,999,1016.7,13.2,13.7,999,99,99
2025,10,31,13,04,270,3.6,99,99,99,99,999,1016.9,12.9,13.7,999,99,99
2025,10,31,14,04,270,3.1,99,99,99,99,999,1017.1,12.9,13.7,999,99,99
2025,10,31,15,04,290,1,99,99,99,99,999,1017.6,12.9,13.7,999,99,99
2025,10,31,15,54,280,3.1,99,99,99,99,999,1018,12.7,13.6,999,99,99
2025,10,31,16,54,300,2.6,99,99,99,99,999,1018.4,12.8,13.6,999,99,99
2025,11,01,04,24,280,4.6,99,99,99,99,999,1017.5,13.7,14,999,99,99
2025,11,01,05,04,270,3.1,99,99,99,99,999,1017.8,13.5,14.1,999,99,99
2025,11,01,05,54,270,4.1,99,99,99,99,999,1018.3,13.4,14.1,999,99,99
2025,11,01,07,04,280,3.1,99,99,99,99,999,1018.4,13.4,14,999,99,99
2025,11,01,08,04,280,3.1,99,99,99,99,999,1018.4,13.3,14,999,99,99
2025,11,01,09,04,280,4.1,99,99,99,99,999,1018.4,13.3,14,999,99,99
2025,11,01,10,04,280,4.6,99,99,99,99,999,1018.3,13,14,999,99,99
2025,11,01,11,04,280,6.7,99,99,99,99,999,1018.2,12.4,14,999,99,99
2025,11,01,12,04,280,6.2,99,99,99,99,999,1018.5,11.9,14,999,99,99
2025,11,01,13,04,280,4.6,99,99,99,99,999,1019,11.7,14,999,99,99
2025,11,01,14,04,280,4.6,99,99,99,99,999,1019.2,11.8,13.9,999,99,99
2025,11,01,15,04,280,4.1,99,99,99,99,999,1019.6,11.6,13.8,999,99,99
2025,11,01,16,04,290,5.1,99,99,99,99,999,1020.5,11.6,13.7,999,99,99
2025,11,01,17,04,290,4.1,99,99,99,99,999,1021,11.6,13.7,999,99,99
2025,11,01,18,04,270,6.7,99,99,99,99,999,1021.5,11.9,13.7,999,99,99
2025,11,01,19,04,260,7.2,99,99,99,99,999,1021,12.3,13.6,999,99,99
2025,11,01,20,04,260,6.2,99,99,99,99,999,1020,12.9,13.7,999,99,99
2025,11,01,21,04,270,8.2,99,99,99,99,999,1019.2,13.6,13.7,999,99,99
2025,11,01,22,04,270,8.8,99,99,99,99,999,1018.3,13.4,13.6,999,99,99
2025,11,01,23,04,270,8.2,99,99,99,99,999,1018,13.7,13.6,999,99,99
2025,11,01,23,54,270,10.8,99,99,99,99,999,1017.5,14.5,13.5,999,99,99
2025,11,02,00,54,270,9.3,99,99,99,99,999,1017.5,14.7,13.5,999,99,99
2025,11,02,01,54,270,6.7,99,99,99,99,999,1017.8,14.4,13.4,999,99,99
2025,11,02,02,54,280,7.2,99,99,99,99,999,1018,14.2,13.4,999,99,99
2025,11,02,04,04,280,6.7,99,99,99,99,999,1018.6,13.9,13.3,999,99,99
2025,11,02,05,04,280,3.1,99,99,99,99,999,1019.3,13.8,13.3,999,99,99
2025,11,02,06,04,280,4.6,99,99,99,99,999,1020,13.6,13.3,999,99,99
2025,11,02,06,54,270,5.1,99,99,99,99,999,1020.1,13.7,13.3,999,99,99
2025,11,02,08,04,280,5.1,99,99,99,99,999,1020.1,13.4,13.3,999,99,99
2025,11,02,10,04,290,3.1,99,99,99,99,999,1019.7,13.3,13.3,999,99,99
2025,11,02,11,04,360,2.1,99,99,99,99,999,1019.5,12.3,13.2,999,99,99
2025,11,02,12,04,10,3.6,99,99,99,99,999,1019.4,12.3,13.3,999,99,99
2025,11,02,13,04,30,3.1,99,99,99,99,999,1019.3,12.5,13.3,999,99,99
2025,11,02,14,04,10,4.1,99,99,99,99,999,1019.4,13.2,13.3,999,99,99
2025,11,02,15,04,40,3.6,99,99,99,99,999,1019.1,13.1,13.3,999,99,99
2025,11,02,15,54,340,3.6,99,99,99,99,999,1020,13.1,13.3,999,99,99
2025,11,02,17,04,310,4.6,99,99,99,99,999,1019.8,13.4,13.4,999,99,99
2025,11,02,18,04,310,1.5,99,99,99,99,999,1019.8,13.5,13.4,999,99,99
2025,11,02,18,54,0,0,99,99,99,99,999,1019.7,14,13.7,999,99,99
2025,11,02,20,04,260,4.6,99,99,99,99,999,1018.5,13,13.7,999,99,99
2025,11,02,21,04,260,8.2,99,99,99,99,999,1017.8,13.2,13.6,999,99,99
2025,11,02,21,54,260,8.2,99,99,99,99,999,1017.2,13.4,13.6,999,99,99
2025,11,02,22,54,260,6.2,99,99,99,99,999,1016.8,14,13.6,999,99,99
2025,11,02,23,54,260,7.7,99,99,99,99,999,1016.5,14.1,13.5,999,99,99
2025,11,03,00,54,250,6.2,99,99,99,99,999,1016.1,14.1,13.4,999,99,99
2025,11,03,01,54,60,1,99,99,99,99,999,1016.5,14,13.3,999,99,99
2025,11,03,02,54,240,2.6,99,99,99,99,999,1016.6,13.9,13.2,999,99,99
2025,11,03,03,54,240,4.6,99,99,99,99,999,1016.8,13.6,13.2,999,99,99
2025,11,03,05,04,270,4.6,99,99,99,99,999,1016.8,13.6,13.2,999,99,99
2025,11,03,05,54,280,2.6,99,99,99,99,999,1016.7,13.5,13.3,999,99,99
2025,11,03,06,54,220,1,99,99,99,99,999,1016.8,13.4,13.3,999,99,99
2025,11,03,07,54,270,1,99,99,99,99,999,1016.5,13.5,13.3,999,99,99
2025,11,03,09,04,270,6.2,99,99,99,99,999,1016.8,13.4,13.3,999,99,99
2025,11,03,10,04,290,3.1,99,99,99,99,999,1017.3,13,13.3,999,99,99
2025,11,03,11,04,270,2.1,99,99,99,99,999,1017.1,12.8,13.3,999,99,99
2025,11,03,12,04,320,1,99,99,99,99,999,1017.2,12.7,13.3,999,99,99
2025,11,03,13,04,330,1.5,99,99,99,99,999,1017.4,12.6,13.3,999,99,99
2025,11,03,14,04,250,3.6,99,99,99,99,999,1017.8,12.4,13.4,999,99,99
2025,11,03,15,04,220,1.5,99,99,99,99,999,1018.3,12.3,13.5,999,99,99
2025,11,03,16,04,200,4.6,99,99,99,99,999,1018.9,11.7,13.5,999,99,99
2025,11,03,17,04,250,2.6,99,99,99,99,999,1019.4,11.5,13.5,999,99,99
2025,11,03,18,04,260,5.1,99,99,99,99,999,1020.3,12.6,13.6,999,99,99
2025,11,03,19,04,240,5.1,99,99,99,99,999,1020.6,12.8,13.6,999,99,99
2025,11,03,20,04,260,4.1,99,99,99,99,999,1019.6,12.4,13.6,999,99,99
2025,11,03,20,54,290,1.5,99,99,99,99,999,1018.9,12.1,13.8,999,99,99
2025,11,03,21,54,280,2.1,99,99,99,99,999,1018.4,12.2,14,999,99,99
2025,11,03,22,54,260,4.1,99,99,99,99,999,1018.4,12.7,14.2,999,99,99
2025,11,04,00,04,220,1,99,99,99,99,999,1017.9,13.2,14,999,99,99
2025,11,04,01,04,160,1.5,99,99,99,99,999,1017.6,13.3,14.9,999,99,99
2025,11,04,02,04,0,0,99,99,99,99,999,1017.8,13.1,14.9,999,99,99
2025,11,04,02,54,250,2.1,99,99,99,99,999,1018.2,13.5,14.9,999,99,99
2025,11,04,03,54,260,0.5,99,99,99,99,999,1018.4,13.7,15,999,99,99
2025,11,04,04,54,70,3.1,99,99,99,99,999,1018.5,13.2,15.1,999,99,99
2025,11,04,05,54,0,0,99,99,99,99,999,1019,13.4,14.9,999,99,99
2025,11,04,06,54,350,2.1,99,99,99,99,999,1019.2,13.3,14.7,999,99,99
2025,11,04,07,54,10,2.1,99,99,99,99,999,1019.3,12.8,14.6,999,99,99
2025,11,04,09,04,10,1.5,99,99,99,99,999,1019.5,12.3,14.5,999,99,99
2025,11,04,10,04,20,3.6,99,99,99,99,999,1019.6,11.7,14.4,999,99,99
2025,11,04,11,04,40,3.6,99,99,99,99,999,1019.2,11.5,14.4,999,99,99
2025,11,04,12,04,40,5.1,99,99,99,99,999,1018.9,11.4,14.3,999,99,99
2025,11,04,13,04,40,3.1,99,99,99,99,999,1018.7,10.9,14.2,999,99,99
2025,11,04,14,04,50,5.1,99,99,99,99,999,1018.5,11.3,14.3,999,99,99
2025,11,04,15,04,40,4.1,99,99,99,99,999,1018.6,11.8,14.6,999,99,99
2025,11,04,16,04,60,3.1,99,99,99,99,999,1019.2,12.2,14.8,999,99,99
2025,11,04,16,54,110,0.5,99,99,99,99,999,1019.5,13.7,14.8,999,99,99
2025,11,04,17,54,140,1.5,99,99,99,99,999,1019.4,13,14.9,999,99,99
2025,11,04,19,05,0,0,99,99,99,99,999,1019.4,13.8,15,999,99,99
2025,11,04,20,04,180,4.1,99,99,99,99,999,1019,14,15.3,999,99,99
2025,11,04,21,05,160,5.1,99,99,99,99,999,1018.3,13.7,15.3,999,99,99
2025,11,04,21,54,170,5.7,99,99,99,99,999,1018.1,13.6,15.1,999,99,99
2025,11,04,22,54,170,4.1,99,99,99,99,999,1017.8,13.7,15.2,999,99,99
2025,11,05,00,05,150,5.1,99,99,99,99,999,1017.1,13.6,15.1,999,99,99
2025,11,05,01,04,170,6.7,99,99,99,99,999,1016.7,13.8,15.1,999,99,99
2025,11,05,01,54,160,6.2,99,99,99,99,999,1016.7,14,15,999,99,99
2025,11,05,03,05,160,5.1,99,99,99,99,999,1017.9,13.9,15,999,99,99
2025,11,05,03,54,140,9.3,99,99,99,99,999,1016.3,13.9,14.9,999,99,99
2025,11,05,04,54,160,8.8,99,99,99,99,999,1017,14,14.9,999,99,99
2025,11,05,05,54,130,8.2,99,99,99,99,999,1016.8,14.2,14.9,999,99,99
2025,11,05,06,54,140,5.1,99,99,99,99,999,1017.1,13.9,14.9,999,99,99
2025,11,05,07,54,100,5.7,99,99,99,99,999,1016.2,14.2,14.8,999,99,99
2025,11,05,09,05,240,0.5,99,99,99,99,999,1017.7,14,14.7,999,99,99
2025,11,05,10,04,140,99,99,99,99,99,999,1015.6,15.2,14.6,999,99,99
2025,11,05,11,04,80,3.1,99,99,99,99,999,1017.3,14.4,14.7,999,99,99
2025,11,05,12,04,140,11.8,99,99,99,99,999,1016.5,15,14.7,999,99,99
2025,11,05,12,54,140,14.4,99,99,99,99,999,1016.9,15,14.8,999,99,99
2025,11,05,14,05,140,13.4,99,99,99,99,999,1016.4,14.9,14.7,999,99,99
2025,11,05,15,05,140,10.8,99,99,99,99,999,1017.1,15.2,14.7,999,99,99
2025,11,05,16,14,140,7.7,99,99,99,99,999,1018.2,15,14.7,999,99,99
2025,11,05,17,05,150,8.2,99,99,99,99,999,1018.9,14.7,14.7,999,99,99
2025,11,05,18,05,140,11.8,99,99,99,99,999,1019,14.9,14.6,999,99,99
2025,11,05,19,04,150,9.8,99,99,99,99,999,1019.7,14.9,14.6,999,99,99
2025,11,05,20,05,160,11.3,99,99,99,99,999,1019.4,15.3,14.6,999,99,99
2025,11,05,21,05,160,10.8,99,99,99,99,999,1019.2,15.2,14.7,999,99,99
2025,11,05,22,05,150,8.2,99,99,99,99,999,1019.3,15.4,14.7,999,99,99
2025,11,05,23,05,130,5.7,99,99,99,99,999,1020.9,15.5,14.6,999,99,99
2025,11,06,00,05,130,5.7,99,99,99,99,999,1021,15.4,14.6,999,99,99
2025,11,06,01,04,140,7.7,99,99,99,99,999,1021.3,15.9,14.6,999,99,99
2025,11,06,01,54,150,5.1,99,99,99,99,999,1021.9,15.5,14.6,999,99,99
2025,11,06,02,54,320,1.5,99,99,99,99,999,1022.5,15.3,14.6,999,99,99
2025,11,06,03,54,310,2.6,99,99,99,99,999,1023,15.1,14.6,999,99,99
2025,11,06,04,54,120,2.6,99,99,99,99,999,1022.9,15.4,14.6,999,99,99
2025,11,06,05,54,160,4.1,99,99,99,99,999,1023.2,15.2,14.6,999,99,99
2025,11,06,06,54,170,2.6,99,99,99,99,999,1023.7,14.7,14.6,999,99,99
2025,11,06,07,54,160,3.6,99,99,99,99,999,1023.9,15.1,14.6,999,99,99
2025,11,06,08,54,130,1,99,99,99,99,999,1023.7,15,14.6,999,99,99
2025,11,06,10,05,0,0,99,99,99,99,999,1023.8,15,14.6,999,99,99
2025,11,06,11,05,20,2.6,99,99,99,99,999,1023.6,13.8,14.7,999,99,99
2025,11,06,11,54,360,3.1,99,99,99,99,999,1023.7,13.8,14.7,999,99,99
2025,11,06,12,54,40,2.1,99,99,99,99,999,1023.7,14,14.7,999,99,99
2025,11,06,13,54,0,0,99,99,99,99,999,1023.5,14.3,14.7,999,99,99
2025,11,06,14,54,50,3.6,99,99,99,99,999,1023.9,14,14.7,999,99,99
2025,11,06,15,54,0,0,99,99,99,99,999,1024.2,14.3,14.7,999,99,99
2025,11,06,17,04,40,2.1,99,99,99,99,999,1024.2,14.2,14.7,999,99,99
2025,11,06,18,05,350,2.6,99,99,99,99,999,1024.7,13.5,14.8,999,99,99
2025,11,06,19,04,330,1.5,99,99,99,99,999,1024.6,14,15,999,99,99
2025,11,06,20,05,290,2.1,99,99,99,99,999,1023.8,14.3,15.2,999,99,99
2025,11,06,20,54,260,3.1,99,99,99,99,999,1023.2,14.3,15.2,999,99,99
2025,11,06,21,54,260,5.1,99,99,99,99,999,1023,13.8,15.1,999,99,99
2025,11,06,22,54,260,7.2,99,99,99,99,999,1022.8,14.4,15,999,99,99
2025,11,06,23,54,260,7.7,99,99,99,99,999,1022.6,13.6,14.8,999,99,99
2025,11,07,00,54,260,6.7,99,99,99,99,999,1022.5,13.6,14.7,999,99,99
2025,11,07,01,54,260,6.7,99,99,99,99,999,1022.4,14,14.6,999,99,99
2025,11,07,03,05,270,6.7,99,99,99,99,999,1022.5,14.7,14.6,999,99,99
2025,11,07,04,05,280,6.2,99,99,99,99,999,1022.5,14.6,14.6,999,99,99
2025,11,07,05,04,280,6.2,99,99,99,99,999,1022.7,14.3,14.5,999,99,99
2025,11,07,05,54,290,4.1,99,99,99,99,999,1022.9,14.4,14.5,999,99,99
2025,11,07,06,54,360,2.6,99,99,99,99,999,1022.5,14.2,14.5,999,99,99
2025,11,07,07,54,350,3.6,99,99,99,99,999,1022.7,13.8,14.4,999,99,99
2025,11,07,09,04,360,2.6,99,99,99,99,999,1022.5,13.3,14.5,999,99,99
2025,11,07,09,54,360,1.5,99,99,99,99,999,1022.7,12.9,14.4,999,99,99
2025,11,07,11,05,20,1,99,99,99,99,999,1022.4,13.6,14.4,999,99,99
2025,11,07,11,54,360,2.6,99,99,99,99,999,1022.2,13.7,13.8,999,99,99
2025,11,07,12,54,10,2.6,99,99,99,99,999,1022,13.5,13.8,999,99,99
2025,11,07,14,05,30,1.5,99,99,99,99,999,1021.9,13.7,13.7,999,99,99
2025,11,07,15,04,50,1.5,99,99,99,99,999,1022.2,13.6,13.6,999,99,99
2025,11,07,16,05,50,2.1,99,99,99,99,999,1023,13.8,13.6,999,99,99
2025,11,07,17,05,60,2.6,99,99,99,99,999,1021.9,13.8,13.6,999,99,99
2025,11,07,18,04,30,1.5,99,99,99,99,999,1021.7,13.9,13.7,999,99,99
2025,11,07,19,04,310,1,99,99,99,99,999,1021.5,14.4,14.1,999,99,99
2025,11,07,19,54,290,1,99,99,99,99,999,1020.8,14.9,14,999,99,99
2025,11,07,20,54,260,3.1,99,99,99,99,999,1019.9,15.4,14.3,999,99,99
2025,11,07,22,04,250,3.6,99,99,99,99,999,1018.8,15.1,14.3,999,99,99
2025,11,07,23,05,250,3.6,99,99,99,99,999,1018.3,15,14.3,999,99,99
2025,11,07,23,54,260,5.7,99,99,99,99,999,1017.6,15.2,14.4,999,99,99
2025,11,08,00,54,270,6.2,99,99,99,99,999,1017.1,14.8,13.9,999,99,99
2025,11,08,02,14,280,6.7,99,99,99,99,999,1016.8,14.4,13.5,999,99,99
2025,11,08,02,54,280,7.2,99,99,99,99,999,1016.8,14.4,13.6,999,99,99
2025,11,08,04,05,290,4.6,99,99,99,99,999,1016.8,14.2,13.5,999,99,99
2025,11,08,04,54,330,3.6,99,99,99,99,999,1017,13.4,13.7,999,99,99
2025,11,08,06,05,360,2.1,99,99,99,99,999,1017.3,13.3,13.8,999,99,99
2025,11,08,07,05,360,1.5,99,99,99,99,999,1017.5,13.4,13.8,999,99,99
2025,11,08,08,05,300,2.6,99,99,99,99,999,1016.9,13.4,13.7,999,99,99
2025,11,08,09,05,300,4.1,99,99,99,99,999,1016.8,13.2,13.6,999,99,99
2025,11,08,10,04,360,2.6,99,99,99,99,999,1016.4,13.4,13.5,999,99,99
2025,11,08,11,04,350,4.6,99,99,99,99,999,1016.1,14,13.5,999,99,99
2025,11,08,12,04,360,5.1,99,99,99,99,999,1015.7,14.3,13.4,999,99,99
2025,11,08,13,04,10,4.1,99,99,99,99,999,1015.7,14.2,13.3,999,99,99
2025,11,08,13,54,360,7.2,99,99,99,99,999,1015.5,14.6,13.4,999,99,99
2025,11,08,14,54,20,3.6,99,99,99,99,999,1016,14.9,13.4,999,99,99
2025,11,08,15,54,20,3.6,99,99,99,99,999,1016.5,14.3,13.4,999,99,99
2025,11,08,16,54,340,4.1,99,99,99,99,999,1016.7,14.4,13.3,999,99,99
2025,11,08,17,54,330,4.6,99,99,99,99,999,1016.4,14.8,13.5,999,99,99
2025,11,08,19,05,320,3.1,99,99,99,99,999,1016.5,15.9,13.8,999,99,99
2025,11,08,20,05,310,3.1,99,99,99,99,999,1015.8,15.8,13.9,999,99,99
2025,11,08,21,05,280,4.1,99,99,99,99,999,1015.4,15.1,14.1,999,99,99
2025,11,08,22,05,270,2.6,99,99,99,99,999,1014.5,15.4,14.4,999,99,99
2025,11,08,22,55,270,4.6,99,99,99,99,999,1014.1,15.5,14.5,999,99,99
2025,11,08,23,55,260,5.7,99,99,99,99,999,1014,15.5,14.4,999,99,99
2025,11,09,01,05,270,4.6,99,99,99,99,999,1013.9,15.2,14.2,999,99,99
2025,11,09,01,55,280,2.1,99,99,99,99,999,1014.3,15.1,14.1,999,99,99
2025,11,09,02,55,130,1.5,99,99,99,99,999,1014.9,14.9,14.3,999,99,99
2025,11,09,03,55,140,1.5,99,99,99,99,999,1014.9,14.8,14.2,999,99,99
2025,11,09,05,05,310,3.1,99,99,99,99,999,1015.4,15.1,14.1,999,99,99
2025,11,09,06,05,340,2.6,99,99,99,99,999,1016.2,15.5,14,999,99,99
2025,11,09,06,55,10,2.6,99,99,99,99,999,1016.5,15.5,13.8,999,99,99
2025,11,09,07,55,360,4.1,99,99,99,99,999,1016.4,15.9,13.7,999,99,99
2025,11,09,08,55,10,4.6,99,99,99,99,999,1016.4,16.2,13.6,999,99,99
2025,11,09,09,55,20,4.6,99,99,99,99,999,1016.6,16.6,13.6,999,99,99
2025,11,09,11,05,20,4.1,99,99,99,99,999,1016.9,16,13.5,999,99,99
2025,11,09,11,55,30,7.2,99,99,99,99,999,1016.8,16.6,13.5,999,99,99
2025,11,09,12,55,30,5.7,99,99,99,99,999,1017.4,16.2,13.5,999,99,99
2025,11,09,13,55,50,5.7,99,99,99,99,999,1017.7,16.1,13.6,999,99,99
2025,11,09,14,55,50,5.1,99,99,99,99,999,1018.3,15.9,13.8,999,99,99
2025,11,09,15,55,110,3.1,99,99,99,99,999,1019.4,14.9,13.7,999,99,99
2025,11,09,16,55,90,2.6,99,99,99,99,999,1019.6,16,13.7,999,99,99
2025,11,09,17,55,60,1.5,99,99,99,99,999,1019.6,16.3,13.7,999,99,99
2025,11,09,18,55,120,0.5,99,99,99,99,999,1019.4,16.3,13.8,999,99,99
2025,11,09,19,55,200,3.1,99,99,99,99,999,1019.1,16.6,14.1,999,99,99
2025,11,09,20,55,210,4.6,99,99,99,99,999,1018.3,15.2,14.5,999,99,99
2025,11,09,22,05,190,4.1,99,99,99,99,999,1018.6,14.4,14.6,999,99,99
2025,11,09,22,55,210,3.6,99,99,99,99,999,1018.7,13.6,14.7,999,99,99
2025,11,10,00,05,180,4.6,99,99,99,99,999,1019,13,14.7,999,99,99
2025,11,10,01,05,170,5.1,99,99,99,99,999,1019.2,13.2,14.6,999,99,99
2025,11,10,01,55,160,2.6,99,99,99,99,999,1019.7,13.6,14.8,999,99,99
2025,11,10,03,05,340,1,99,99,99,99,999,1020.3,13.8,14.7,999,99,99
2025,11,10,04,05,340,2.6,99,99,99,99,999,1020.2,13.6,14.7,999,99,99
2025,11,10,05,05,340,1,99,99,99,99,999,1020.7,13.6,14.7,999,99,99
2025,11,10,05,55,0,0,99,99,99,99,999,1021,13.8,14.7,999,99,99
2025,11,10,06,55,0,0,99,99,99,99,999,1021.4,13.9,14.7,999,99,99
2025,11,10,07,55,140,2.6,99,99,99,99,999,1021,12.6,14.7,999,99,99
2025,11,10,09,05,0,0,99,99,99,99,999,1020.6,12.3,14.6,999,99,99
2025,11,10,10,05,320,1,99,99,99,99,999,1020.7,13.2,14.6,999,99,99
2025,11,10,11,05,320,1,99,99,99,99,999,1020.7,13.6,14.6,999,99,99
2025,11,10,12,05,360,3.6,99,99,99,99,999,1020.8,13.8,14.6,999,99,99
2025,11,10,13,05,70,2.6,99,99,99,99,999,1020.5,14,14.4,999,99,99
2025,11,10,14,05,50,3.1,99,99,99,99,999,1020.8,13.8,14.4,999,99,99
2025,11,10,14,55,50,3.1,99,99,99,99,999,1021.4,13.8,14.3,999,99,99
2025,11,10,16,05,110,1,99,99,99,99,999,1022,12.8,14.3,999,99,99
2025,11,10,17,05,60,2.6,99,99,99,99,999,1022.2,14.3,14.4,999,99,99
2025,11,10,17,55,200,2.6,99,99,99,99,999,1022.5,13.2,14.4,999,99,99
2025,11,10,18,55,220,2.1,99,99,99,99,999,1022.4,14.2,14.5,999,99,99
2025,11,10,19,55,170,3.6,99,99,99,99,999,1021.6,13,14.6,999,99,99
2025,11,10,20,55,170,6.2,99,99,99,99,999,1020.9,12.8,14.5,999,99,99
2025,11,10,23,05,170,4.1,99,99,99,99,999,1020.5,13.4,14.3,999,99,99
2025,11,10,23,55,190,3.1,99,99,99,99,999,1020.2,13.6,14.3,999,99,99
2025,11,11,01,05,190,2.6,99,99,99,99,999,1020,13.4,14.1,999,99,99
2025,11,11,01,55,180,1.5,99,99,99,99,999,1020,13.1,14.1,999,99,99
2025,11,11,02,55,190,1.5,99,99,99,99,999,1020.3,12.8,14.2,999,99,99
2025,11,11,03,55,240,2.1,99,99,99,99,999,1020.4,12.7,14.2,999,99,99
2025,11,11,04,55,240,0.5,99,99,99,99,999,1020.6,12.9,14.3,999,99,99
2025,11,11,06,05,240,1.5,99,99,99,99,999,1021,13,14.4,999,99,99
2025,11,11,07,05,160,2.6,99,99,99,99,999,1021.1,13.6,14.6,999,99,99
2025,11,11,07,55,160,4.6,99,99,99,99,999,1021,13.7,14.6,999,99,99
2025,11,11,08,55,150,4.6,99,99,99,99,999,1020.7,13.5,14.6,999,99,99
2025,11,11,09,55,160,4.6,99,99,99,99,999,1020.7,13.4,14.6,999,99,99
2025,11,11,10,55,130,2.6,99,99,99,99,999,1020.4,13.3,14.6,999,99,99
2025,11,11,11,55,50,1,99,99,99,99,999,1019.8,12.7,14.5,999,99,99
2025,11,11,12,55,30,1.5,99,99,99,99,999,1019.1,12.6,14.5,999,99,99
2025,11,11,13,55,60,3.1,99,99,99,99,999,1018.9,12.9,14.3,999,99,99
2025,11,11,14,55,50,2.1,99,99,99,99,999,1018.5,12.2,14.1,999,99,99
2025,11,11,16,05,40,3.1,99,99,99,99,999,1018.5,13.2,13.9,999,99,99
2025,11,11,17,05,140,5.7,99,99,99,99,999,1018.7,13,13.9,999,99,99
2025,11,11,18,05,190,7.7,99,99,99,99,999,1019.1,12.7,14.1,999,99,99
2025,11,11,19,05,170,5.1,99,99,99,99,999,1019,12.8,13.9,999,99,99
2025,11,11,19,55,0,0,99,99,99,99,999,1018.4,12.6,13.8,999,99,99
2025,11,11,20,55,180,2.6,99,99,99,99,999,1017.9,12.9,13.8,999,99,99
2025,11,11,22,05,190,4.6,99,99,99,99,999,1017.7,13.4,13.7,999,99,99
2025,11,11,23,05,180,3.1,99,99,99,99,999,1017.4,13.6,14,999,99,99
2025,11,12,00,05,180,4.6,99,99,99,99,999,1017.8,14,13.9,999,99,99
2025,11,12,01,05,170,1,99,99,99,99,999,1017.5,14.1,14,999,99,99
2025,11,12,01,55,150,4.1,99,99,99,99,999,1017.1,13.8,13.9,999,99,99
2025,11,12,03,05,150,5.1,99,99,99,99,999,1017.2,13.8,13.8,999,99,99
2025,11,12,03,55,140,3.1,99,99,99,99,999,1017.4,14.1,13.9,999,99,99
2025,11,12,04,55,150,2.6,99,99,99,99,999,1017.6,14,14.2,999,99,99
2025,11,12,05,55,140,4.6,99,99,99,99,999,1017.7,14.2,14.3,999,99,99
2025,11,12,06,55,140,2.1,99,99,99,99,999,1017.7,14.4,14.3,999,99,99
2025,11,12,08,05,110,2.6,99,99,99,99,999,1017.2,14.5,14.4,999,99,99
2025,11,12,09,05,130,2.6,99,99,99,99,999,1017.1,14.4,14.5,999,99,99
2025,11,12,09,55,100,2.6,99,99,99,99,999,1017.4,14.2,14.5,999,99,99
2025,11,12,10,55,150,2.6,99,99,99,99,999,1017.2,14.4,14.4,999,99,99
2025,11,12,19,55,40,2.6,99,99,99,99,999,1016.2,15.4,14.3,999,99,99
2025,11,12,20,55,250,1,99,99,99,99,999,1015.7,15.4,14.3,999,99,99
2025,11,12,21,55,120,3.1,99,99,99,99,999,1015.1,16.2,14.4,999,99,99
2025,11,12,23,05,140,6.7,99,99,99,99,999,1014.1,16.2,14.4,999,99,99
2025,11,13,00,05,150,9.8,99,99,99,99,999,1013.9,16.7,14.5,999,99,99
2025,11,13,01,05,140,11.3,99,99,99,99,999,1013.3,16.7,14.5,999,99,99
2025,11,13,01,55,150,8.2,99,99,99,99,999,1013.1,16.7,14.5,999,99,99
2025,11,13,02,55,150,8.2,99,99,99,99,999,1013.5,16.6,14.5,999,99,99
2025,11,13,03,55,150,9.3,99,99,99,99,999,1013.6,16.8,14.5,999,99,99
2025,11,13,05,05,120,8.2,99,99,99,99,999,1013.8,17,14.5,999,99,99
2025,11,13,06,05,110,4.1,99,99,99,99,999,1013.8,16.7,14.5,999,99,99
2025,11,13,07,05,120,5.1,99,99,99,99,999,1013.4,16.6,14.5,999,99,99
2025,11,13,08,05,130,6.7,99,99,99,99,999,1012.6,17.2,14.5,999,99,99
2025,11,13,08,55,60,1.5,99,99,99,99,999,1012.4,16.1,14.6,999,99,99
2025,11,13,10,05,110,3.1,99,99,99,99,999,1011.9,16.4,14.5,999,99,99
2025,11,13,10,55,140,10.3,99,99,99,99,999,1010.8,17.2,14.5,999,99,99
2025,11,13,12,05,140,10.8,99,99,99,99,999,1009.7,17.2,14.5,999,99,99
2025,11,13,12,55,120,12.4,99,99,99,99,999,1009.5,17.5,14.5,999,99,99
2025,11,13,14,05,140,14.4,99,99,99,99,999,1009,16.5,14.4,999,99,99
2025,11,13,15,05,100,6.2,99,99,99,99,999,1010,16.2,14.3,999,99,99
2025,11,13,16,05,120,6.2,99,99,99,99,999,1010.5,16.4,14.3,999,99,99
2025,11,13,16,55,120,8.2,99,99,99,99,999,1010.3,16.4,14.3,999,99,99
2025,11,13,18,05,120,4.1,99,99,99,99,999,1010.8,16.3,14.3,999,99,99
2025,11,13,19,05,180,5.7,99,99,99,99,999,1011.5,14.6,14.2,999,99,99
2025,11,13,20,05,180,11.3,99,99,99,99,999,1010.4,15.2,14.2,999,99,99
2025,11,13,21,05,180,2.6,99,99,99,99,999,1010.7,14.4,14.3,999,99,99
2025,11,13,21,55,210,4.1,99,99,99,99,999,1010.8,14.2,14.3,999,99,99
2025,11,13,23,05,200,4.1,99,99,99,99,999,1011,14.3,14.3,999,99,99
2025,11,14,00,05,190,2.6,99,99,99,99,999,1010.9,14.2,14.3,999,99,99
2025,11,14,01,05,170,4.1,99,99,99,99,999,1011,14.4,14.4,999,99,99
2025,11,14,01,55,170,6.7,99,99,99,99,999,1011.4,14.6,14.3,999,99,99
2025,11,14,02,55,160,4.1,99,99,99,99,999,1011.6,14.5,14.3,999,99,99
2025,11,14,03,55,170,4.6,99,99,99,99,999,1012,14.6,14.3,999,99,99
2025,11,14,04,55,160,5.1,99,99,99,99,999,1012.5,14.6,14.2,999,99,99
2025,11,14,05,55,190,4.1,99,99,99,99,999,1013.2,14.6,14.2,999,99,99
2025,11,14,06,55,160,4.1,99,99,99,99,999,1013.4,14.4,14.3,999,99,99
2025,11,14,08,05,170,3.6,99,99,99,99,999,1013.3,14.3,14.3,999,99,99
2025,11,14,08,55,170,3.6,99,99,99,99,999,1013.2,14.4,14.3,999,99,99
2025,11,14,10,05,190,3.6,99,99,99,99,999,1012.7,14.2,14.2,999,99,99
2025,11,14,11,05,180,1.5,99,99,99,99,999,1012.3,14.2,14,999,99,99
2025,11,14,11,55,210,2.6,99,99,99,99,999,1012.2,14,13.9,999,99,99
2025,11,14,12,55,140,1.5,99,99,99,99,999,1012.2,14,13.8,999,99,99
2025,11,14,14,05,0,0,99,99,99,99,999,1011.9,13.9,13.9,999,99,99
2025,11,14,14,55,0,0,99,99,99,99,999,1012.5,13.8,14,999,99,99
2025,11,14,15,55,310,2.6,99,99,99,99,999,1013.7,13.4,14,999,99,99
2025,11,14,16,55,230,1,99,99,99,99,999,1014.5,13.3,14,999,99,99
2025,11,14,17,55,10,4.6,99,99,99,99,999,1015,13.4,14,999,99,99
2025,11,14,18,55,50,2.1,99,99,99,99,999,1015.7,13.7,13.9,999,99,99
2025,11,14,20,05,70,0.5,99,99,99,99,999,1015.5,14.5,13.6,999,99,99
2025,11,14,21,05,0,0,99,99,99,99,999,1014.6,14.8,14.1,999,99,99
2025,11,14,22,05,280,1.5,99,99,99,99,999,1014.4,15,14.1,999,99,99
2025,11,14,22,55,260,3.6,99,99,99,99,999,1014.3,14.7,14.3,999,99,99
2025,11,14,23,55,260,2.6,99,99,99,99,999,1014.4,14.6,14.9,999,99,99
2025,11,15,01,05,240,4.1,99,99,99,99,999,1014.3,14.2,14.9,999,99,99
2025,11,15,02,05,260,4.1,99,99,99,99,999,1014.9,14.2,14.9,999,99,99
2025,11,15,03,05,260,3.1,99,99,99,99,999,1015.1,14.2,14.9,999,99,99
2025,11,15,04,05,270,4.1,99,99,99,99,999,1015.1,14.4,14.9,999,99,99
2025,11,15,05,05,300,3.1,99,99,99,99,999,1015.5,14.3,14.9,999,99,99
2025,11,15,05,55,300,1.5,99,99,99,99,999,1015.5,14.2,14.8,999,99,99
2025,11,15,06,55,340,1.5,99,99,99,99,999,1015.3,14.1,14.8,999,99,99
2025,11,15,07,55,60,1.5,99,99,99,99,999,1015,14.2,14.8,999,99,99
2025,11,15,08,55,340,2.6,99,99,99,99,999,1014.5,14,14.8,999,99,99
2025,11,15,09,55,10,3.6,99,99,99,99,999,1014.3,13.5,14.7,999,99,99
2025,11,15,10,55,340,2.6,99,99,99,99,999,1013,13.5,14.8,999,99,99
2025,11,15,11,55,340,4.1,99,99,99,99,999,1012.2,14,14.8,999,99,99
2025,11,15,12,55,10,3.6,99,99,99,99,999,1011.9,14.4,14.8,999,99,99
2025,11,15,14,05,10,3.6,99,99,99,99,999,1011.7,14.3,14.8,999,99,99
2025,11,15,14,55,340,2.1,99,99,99,99,999,1011,14.5,14.8,999,99,99
2025,11,15,16,05,10,2.1,99,99,99,99,999,1010.9,14.6,14.8,999,99,99
2025,11,15,17,05,40,2.1,99,99,99,99,999,1010.7,14.9,14.8,999,99,99
2025,11,15,18,05,20,2.1,99,99,99,99,999,1010.4,14.7,14.8,999,99,99
2025,11,15,18,55,310,1.5,99,99,99,99,999,1009.6,15.1,14.8,999,99,99
2025,11,15,19,55,140,1.5,99,99,99,99,999,1009,14.5,14.8,999,99,99
2025,11,15,20,55,140,5.7,99,99,99,99,999,1009.1,14.6,14.8,999,99,99
2025,11,15,22,05,170,6.2,99,99,99,99,999,1008.4,14.5,14.8,999,99,99
2025,11,15,22,55,170,8.2,99,99,99,99,999,1008.2,14.5,14.8,999,99,99
2025,11,16,00,05,170,5.1,99,99,99,99,999,1008.2,14.5,14.8,999,99,99
2025,11,16,01,05,160,5.1,99,99,99,99,999,1008.3,14.6,14.8,999,99,99
2025,11,16,02,05,180,4.1,99,99,99,99,999,1008.9,14.4,14.8,999,99,99
2025,11,16,03,05,170,4.6,99,99,99,99,999,1009.1,14.3,14.8,999,99,99
2025,11,16,04,05,180,4.1,99,99,99,99,999,1009.1,14.3,14.8,999,99,99
2025,11,16,05,05,220,2.1,99,99,99,99,999,1009.4,13.8,14.8,999,99,99
2025,11,16,06,15,220,2.6,99,99,99,99,999,1009.7,13.9,14.8,999,99,99
2025,11,16,06,55,230,3.6,99,99,99,99,999,1009.6,13.9,14.8,999,99,99
2025,11,16,07,55,240,4.6,99,99,99,99,999,1009.5,13.8,14.7,999,99,99
2025,11,16,09,15,230,4.6,99,99,99,99,999,1009.7,13.9,14.8,999,99,99
2025,11,16,10,05,240,4.1,99,99,99,99,999,1009.9,13.8,14.8,999,99,99
2025,11,16,10,55,220,4.1,99,99,99,99,999,1010.2,13.7,14.8,999,99,99
2025,11,16,12,05,200,3.6,99,99,99,99,999,1010.4,13.5,14.8,999,99,99
2025,11,16,13,05,160,3.6,99,99,99,99,999,1010.4,13.3,14.7,999,99,99
2025,11,16,14,05,140,6.7,99,99,99,99,999,1010.4,13.7,14.8,999,99,99
2025,11,16,15,05,150,5.1,99,99,99,99,999,1011,14.2,14.8,999,99,99
2025,11,16,15,55,160,6.7,99,99,99,99,999,1011.8,14.1,14.8,999,99,99
2025,11,16,17,05,160,5.7,99,99,99,99,999,1012.7,14.2,14.8,999,99,99
2025,11,16,18,05,170,1.5,99,99,99,99,999,1013,13.6,14.8,999,99,99
2025,11,16,19,05,160,6.2,99,99,99,99,999,1013.3,14.2,14.8,999,99,99
2025,11,16,20,05,150,8.2,99,99,99,99,999,1012.5,14.3,14.9,999,99,99
2025,11,16,20,55,160,7.2,99,99,99,99,999,1012.3,14.4,14.9,999,99,99
2025,11,16,21,55,150,6.7,99,99,99,99,999,1012,14.9,14.9,999,99,99
2025,11,16,22,55,150,8.8,99,99,99,99,999,1011.4,15.1,14.9,999,99,99
2025,11,16,23,55,150,7.2,99,99,99,99,999,1011.2,15.3,14.9,999,99,99
2025,11,17,00,55,150,7.7,99,99,99,99,999,1011.3,15.4,14.9,999,99,99
2025,11,17,01,55,150,7.2,99,99,99,99,999,1010.9,15.5,14.9,999,99,99
2025,11,17,03,05,150,6.7,99,99,99,99,999,1010.9,15.5,14.8,999,99,99
2025,11,17,04,05,130,8.8,99,99,99,99,999,1010.7,15.7,15,999,99,99
2025,11,17,04,55,140,8.8,99,99,99,99,999,1010.5,15.7,14.9,999,99,99
2025,11,17,05,55,130,9.8,99,99,99,99,999,1010,15.8,14.9,999,99,99
2025,11,17,07,05,130,10.3,99,99,99,99,999,1009,15.9,14.9,999,99,99
2025,11,17,07,55,130,10.3,99,99,99,99,999,1008.3,15.6,14.9,999,99,99
2025,11,17,09,05,130,12.9,99,99,99,99,999,1007.2,14.7,14.8,999,99,99
2025,11,17,11,05,250,7.7,99,99,99,99,999,1008.4,13.5,14.9,999,99,99
2025,11,17,12,05,210,2.6,99,99,99,99,999,1009.1,13.6,14.9,999,99,99
2025,11,17,12,55,250,2.6,99,99,99,99,999,1009.1,13.4,14.9,999,99,99
2025,11,17,13,55,240,9.3,99,99,99,99,999,1009.4,13.9,14.9,999,99,99
2025,11,17,14,55,260,8.2,99,99,99,99,999,1010,13.7,14.9,999,99,99
2025,11,17,15,55,260,9.8,99,99,99,99,999,1010.5,13.3,14.9,999,99,99
2025,11,17,16,55,260,9.8,99,99,99,99,999,1011.2,13.2,14.9,999,99,99
2025,11,17,17,55,260,7.2,99,99,99,99,999,1011.7,13.6,14.9,999,99,99
2025,11,17,19,05,240,5.1,99,99,99,99,999,1011.8,13.7,14.9,999,99,99
2025,11,17,20,05,230,7.7,99,99,99,99,999,1011.3,12.2,14.9,999,99,99
2025,11,17,21,05,240,10.3,99,99,99,99,999,1011.1,12.8,14.9,999,99,99
2025,11,17,22,15,240,6.7,99,99,99,99,999,1011.3,12.9,14.9,999,99,99
2025,11,17,22,55,240,6.7,99,99,99,99,999,1011.5,13.1,14.9,999,99,99
2025,11,18,00,05,240,6.7,99,99,99,99,999,1011.6,13.4,14.8,999,99,99
2025,11,18,01,05,240,7.2,99,99,99,99,999,1011.9,13.3,14.8,999,99,99
2025,11,18,02,05,240,8.2,99,99,99,99,999,1012.4,13.8,14.8,999,99,99
2025,11,18,02,55,260,6.2,99,99,99,99,999,1012.4,13.4,14.8,999,99,99
2025,11,18,04,05,270,5.7,99,99,99,99,999,1012.6,13.1,14.8,999,99,99
2025,11,18,05,15,260,6.7,99,99,99,99,999,1012.8,13.7,14.8,999,99,99
2025,11,18,05,55,270,5.7,99,99,99,99,999,1013.3,13,14.8,999,99,99
2025,11,18,06,55,260,3.1,99,99,99,99,999,1012.8,13.4,14.8,999,99,99
2025,11,18,07,55,260,5.7,99,99,99,99,999,1012.8,13.5,14.8,999,99,99
2025,11,18,08,55,250,5.1,99,99,99,99,999,1012.5,13.4,14.8,999,99,99
2025,11,18,09,55,250,3.1,99,99,99,99,999,1012.3,13.4,14.8,999,99,99
2025,11,18,11,05,190,3.6,99,99,99,99,999,1012.3,13,14.8,999,99,99
2025,11,18,11,55,200,1.5,99,99,99,99,999,1012.2,13.2,14.8,999,99,99
2025,11,18,13,05,110,3.6,99,99,99,99,999,1012.1,13.1,14.8,999,99,99
2025,11,18,14,05,80,3.6,99,99,99,99,999,1012.8,12.4,14.8,999,99,99
2025,11,18,15,05,50,2.6,99,99,99,99,999,1013.7,12.3,14.8,999,99,99
2025,11,18,15,55,70,3.1,99,99,99,99,999,1014.9,11.2,14.8,999,99,99
2025,11,18,17,05,40,4.6,99,99,99,99,999,1015.8,11.4,14.8,999,99,99
2025,11,18,17,55,20,4.1,99,99,99,99,999,1015.5,12.2,14.8,999,99,99
2025,11,18,19,05,10,3.1,99,99,99,99,999,1015.1,12.6,14.9,999,99,99
2025,11,18,20,05,350,3.6,99,99,99,99,999,1014.8,13,15,999,99,99
2025,11,18,21,05,360,1.5,99,99,99,99,999,1014.5,14.1,15,999,99,99
2025,11,18,22,05,260,1,99,99,99,99,999,1014.3,14.1,15.1,999,99,99
2025,11,18,23,05,270,8.2,99,99,99,99,999,1014.7,14.1,15,999,99,99
2025,11,19,00,05,270,6.7,99,99,99,99,999,1014.9,13.9,14.9,999,99,99
2025,11,19,00,55,270,6.7,99,99,99,99,999,1014.9,13.9,14.9,999,99,99
2025,11,19,01,55,270,8.2,99,99,99,99,999,1015.6,14.2,14.9,999,99,99
2025,11,19,03,05,280,7.2,99,99,99,99,999,1016,14,14.8,999,99,99
2025,11,19,04,05,270,5.1,99,99,99,99,999,1016.1,13.8,14.8,999,99,99
2025,11,19,04,55,280,4.1,99,99,99,99,999,1016.4,13.8,14.8,999,99,99
2025,11,19,05,55,270,6.2,99,99,99,99,999,1017,13.8,14.8,999,99,99
2025,11,19,07,05,280,5.1,99,99,99,99,999,1017,13.5,14.8,999,99,99
2025,11,19,08,05,320,2.6,99,99,99,99,999,1017.1,13.1,14.8,999,99,99
2025,11,19,09,05,350,1,99,99,99,99,999,1017.5,12.8,14.9,999,99,99
2025,11,19,10,05,320,1.5,99,99,99,99,999,1017.8,12.8,14.9,999,99,99
2025,11,19,10,55,360,1.5,99,99,99,99,999,1018,12.5,14.9,999,99,99
2025,11,19,11,55,350,1.5,99,99,99,99,999,1017.4,12.5,14.8,999,99,99
2025,11,19,12,55,10,3.1,99,99,99,99,999,1017.3,12,14.8,999,99,99
2025,11,19,14,05,50,3.1,99,99,99,99,999,1017.6,12.6,14.8,999,99,99
2025,11,19,15,05,40,3.1,99,99,99,99,999,1018.2,12.1,14.8,999,99,99
2025,11,19,16,05,60,2.6,99,99,99,99,999,1018.9,12,14.8,999,99,99
2025,11,19,17,05,90,3.6,99,99,99,99,999,1019.1,12.1,14.8,999,99,99
2025,11,19,18,05,110,1.5,99,99,99,99,999,1019.4,12.7,14.8,999,99,99
2025,11,19,19,05,150,2.1,99,99,99,99,999,1019.2,13.5,14.9,999,99,99
2025,11,19,20,15,190,1,99,99,99,99,999,1018.6,13.6,14.9,999,99,99
2025,11,19,21,05,170,1.5,99,99,99,99,999,1018.2,13.6,14.9,999,99,99
2025,11,19,22,05,180,2.1,99,99,99,99,999,1017.8,13.6,14.9,999,99,99
2025,11,19,23,05,170,1,99,99,99,99,999,1017.5,13.6,14.9,999,99,99
2025,11,20,00,05,230,2.1,99,99,99,99,999,1017.8,13.8,14.8,999,99,99
2025,11,20,01,05,230,2.6,99,99,99,99,999,1017.8,13.8,14.8,999,99,99
2025,11,20,02,05,110,1,99,99,99,99,999,1017,13.7,14.8,999,99,99
2025,11,20,03,05,100,1.5,99,99,99,99,999,1016.9,13.6,14.8,999,99,99
2025,11,20,04,05,110,2.6,99,99,99,99,999,1016.8,13.7,14.8,999,99,99
2025,11,20,05,05,200,3.1,99,99,99,99,999,1017.9,13.7,14.8,999,99,99
2025,11,20,06,05,190,2.1,99,99,99,99,999,1017.7,13.8,14.8,999,99,99
2025,11,20,07,05,170,3.6,99,99,99,99,999,1017.3,13.8,14.8,999,99,99
2025,11,20,07,55,160,3.1,99,99,99,99,999,1017.2,13.7,14.8,999,99,99
2025,11,20,09,05,160,3.1,99,99,99,99,999,1017,14,14.8,999,99,99
2025,11,20,09,55,150,3.1,99,99,99,99,999,1016.6,13.9,14.8,999,99,99
2025,11,20,10,55,110,5.1,99,99,99,99,999,1016,13.5,14.8,999,99,99
2025,11,20,11,55,80,3.6,99,99,99,99,999,1015.7,13.1,14.8,999,99,99
2025,11,20,12,55,110,4.1,99,99,99,99,999,1015.8,11.9,14.8,999,99,99
2025,11,20,13,55,60,3.1,99,99,99,99,999,1016.3,11.7,14.8,999,99,99
2025,11,20,14,55,50,4.6,99,99,99,99,999,1016.5,11.5,14.7,999,99,99
2025,11,20,16,05,30,5.1,99,99,99,99,999,1016.9,11.6,14.7,999,99,99
2025,11,20,16,55,50,4.1,99,99,99,99,999,1017.5,11.4,14.7,999,99,99
2025,11,20,18,05,20,4.1,99,99,99,99,999,1017.9,11.4,14.7,999,99,99
2025,11,20,18,55,360,2.6,99,99,99,99,999,1018.3,11.5,14.7,999,99,99
2025,11,20,19,55,320,2.1,99,99,99,99,999,1016.4,11.8,14.8,999,99,99
2025,11,20,21,05,270,6.7,99,99,99,99,999,1015.9,13,14.8,999,99,99
2025,11,20,22,05,270,8.8,99,99,99,99,999,1015.3,13.4,14.8,999,99,99
2025,11,20,23,05,260,9.8,99,99,99,99,999,1015.3,13.6,14.8,999,99,99
2025,11,21,00,05,270,9.3,99,99,99,99,999,1014.8,13.7,14.8,999,99,99
2025,11,21,01,05,280,8.2,99,99,99,99,999,1014.6,13.7,14.7,999,99,99
2025,11,21,02,05,280,6.7,99,99,99,99,999,1014.7,13.6,14.7,999,99,99
2025,11,21,03,05,280,7.7,99,99,99,99,999,1014.9,13.5,14.7,999,99,99
2025,11,21,04,05,280,7.2,99,99,99,99,999,1014.6,13.2,14.7,999,99,99
2025,11,21,04,55,280,5.7,99,99,99,99,999,1014.5,13.2,14.7,999,99,99
2025,11,21,05,55,320,4.1,99,99,99,99,999,1014.7,12.8,14.7,999,99,99
2025,11,21,06,55,310,6.2,99,99,99,99,999,1014.5,12.8,14.7,999,99,99
2025,11,21,07,55,320,4.6,99,99,99,99,999,1014,12.4,14.7,999,99,99
2025,11,21,09,05,340,4.6,99,99,99,99,999,1013.7,12.3,14.7,999,99,99
2025,11,21,09,55,350,3.1,99,99,99,99,999,1013.8,12.3,14.7,999,99,99
2025,11,21,11,05,20,2.1,99,99,99,99,999,1014.1,12.3,14.7,999,99,99
2025,11,21,12,05,330,3.6,99,99,99,99,999,1014.1,12.5,14.7,999,99,99
2025,11,21,13,05,330,4.1,99,99,99,99,999,1014.8,12.4,14.7,999,99,99
2025,11,21,14,05,340,3.1,99,99,99,99,999,1015.4,13.1,14.7,999,99,99
2025,11,21,15,05,60,3.1,99,99,99,99,999,1016.2,11.7,14.7,999,99,99
2025,11,21,16,05,70,7.7,99,99,99,99,999,1016.1,12.1,14.6,999,99,99
2025,11,21,17,05,60,5.1,99,99,99,99,999,1016.2,12.8,14.7,999,99,99
2025,11,21,17,55,30,5.1,99,99,99,99,999,1016.7,12.8,14.7,999,99,99
2025,11,21,19,05,360,4.6,99,99,99,99,999,1016.9,13.3,14.7,999,99,99
2025,11,21,19,55,340,3.6,99,99,99,99,999,1016.3,13.4,14.8,999,99,99
2025,11,21,20,55,280,3.6,99,99,99,99,999,1016.3,14.4,14.8,999,99,99
2025,11,21,21,55,260,4.6,99,99,99,99,999,1016.5,14.1,14.8,999,99,99
2025,11,21,23,05,250,4.1,99,99,99,99,999,1016.8,14.7,14.8,999,99,99
2025,11,22,00,05,270,2.6,99,99,99,99,999,1016.9,15,14.8,999,99,99
2025,11,22,00,55,250,1.5,99,99,99,99,999,1017.5,14.8,14.8,999,99,99
2025,11,22,01,55,250,0.5,99,99,99,99,999,1017.8,14.5,14.8,999,99,99
2025,11,22,02,55,30,2.1,99,99,99,99,999,1018,14.3,14.7,999,99,99
2025,11,22,04,05,0,0,99,99,99,99,999,1018.5,14.2,14.7,999,99,99
2025,11,22,04,55,0,0,99,99,99,99,999,1019,14.2,14.7,999,99,99
2025,11,22,05,55,30,3.6,99,99,99,99,999,1019.2,14,14.7,999,99,99
2025,11,22,06,55,60,3.6,99,99,99,99,999,1019.5,13.1,14.7,999,99,99
2025,11,22,08,05,20,4.6,99,99,99,99,999,1019.5,13.3,14.7,999,99,99
2025,11,22,08,55,360,2.1,99,99,99,99,999,1019.5,12.9,14.7,999,99,99
2025,11,22,09,55,30,3.1,99,99,99,99,999,1019.4,12.7,14.7,999,99,99
2025,11,22,10,55,40,3.6,99,99,99,99,999,1019.2,12,14.7,999,99,99
2025,11,22,12,05,30,3.6,99,99,99,99,999,1018.9,12.2,14.7,999,99,99
2025,11,22,13,05,20,4.6,99,99,99,99,999,1018.6,11.7,14.7,999,99,99
2025,11,22,13,55,10,4.6,99,99,99,99,999,1018.6,11.5,14.7,999,99,99
2025,11,22,15,05,30,4.1,99,99,99,99,999,1018.8,12,14.7,999,99,99
2025,11,22,16,05,20,4.6,99,99,99,99,999,1019.2,12,14.7,999,99,99
2025,11,22,17,05,10,3.6,99,99,99,99,999,1019.2,11.4,14.7,999,99,99
2025,11,22,18,05,340,2.1,99,99,99,99,999,1019.2,12,14.7,999,99,99
2025,11,22,19,05,360,2.6,99,99,99,99,999,1018.7,12.4,14.8,999,99,99
2025,11,22,20,05,270,1.5,99,99,99,99,999,1017.9,13.3,14.9,999,99,99
2025,11,22,20,55,270,2.6,99,99,99,99,999,1017.4,13.4,15,999,99,99
2025,11,22,22,05,240,2.1,99,99,99,99,999,1017,14,15,999,99,99
2025,11,22,23,05,260,3.6,99,99,99,99,999,1017.1,14.6,15.1,999,99,99
2025,11,23,00,05,250,3.1,99,99,99,99,999,1017.1,15.2,15,999,99,99
2025,11,23,01,05,270,5.1,99,99,99,99,999,1017.1,15.3,14.9,999,99,99
2025,11,23,01,55,270,5.1,99,99,99,99,999,1017.5,15,14.9,999,99,99
2025,11,23,02,55,280,9.3,99,99,99,99,999,1017.8,14.4,14.8,999,99,99
2025,11,23,03,55,280,6.2,99,99,99,99,999,1018.1,14,14.8,999,99,99
2025,11,23,05,05,280,5.1,99,99,99,99,999,1018.4,14,14.8,999,99,99
2025,11,23,05,55,290,4.6,99,99,99,99,999,1018.4,13.7,14.8,999,99,99
2025,11,23,06,55,290,4.6,99,99,99,99,999,1018.6,13,14.8,999,99,99
2025,11,23,07,55,290,4.6,99,99,99,99,999,1018.5,12.9,14.8,999,99,99
2025,11,23,08,55,300,2.1,99,99,99,99,999,1018.4,13,14.8,999,99,99
2025,11,23,09,55,290,2.6,99,99,99,99,999,1018.6,12.9,14.7,999,99,99
2025,11,23,10,55,310,3.6,99,99,99,99,999,1018.6,12.6,14.7,999,99,99
2025,11,23,11,55,330,2.6,99,99,99,99,999,1018.9,11.7,14.7,999,99,99
2025,11,23,12,55,350,4.1,99,99,99,99,999,1019.1,11.4,14.7,999,99,99
2025,11,23,13,55,360,4.6,99,99,99,99,999,1019.2,11.4,14.7,999,99,99
2025,11,23,15,05,40,5.1,99,99,99,99,999,1019.7,11.9,14.7,999,99,99
2025,11,23,16,05,10,3.1,99,99,99,99,999,1020.5,11.7,14.7,999,99,99
2025,11,23,17,05,340,4.1,99,99,99,99,999,1021.1,11.8,14.7,999,99,99
2025,11,23,18,05,310,2.6,99,99,99,99,999,1021.5,12.3,14.8,999,99,99
2025,11,23,18,55,270,3.1,99,99,99,99,999,1021.3,13,14.8,999,99,99
2025,11,23,19,55,270,5.1,99,99,99,99,999,1020.8,13.5,14.8,999,99,99
2025,11,23,20,55,250,7.2,99,99,99,99,999,1020.6,13.4,14.8,999,99,99
2025,11,23,22,05,260,8.2,99,99,99,99,999,1020.5,13.5,14.8,999,99,99
2025,11,23,23,05,260,5.1,99,99,99,99,999,1020.7,13.6,14.8,999,99,99
2025,11,23,23,55,260,6.7,99,99,99,99,999,1021.1,13.6,14.8,999,99,99
2025,11,24,00,55,260,5.7,99,99,99,99,999,1021.4,13.5,14.8,999,99,99
2025,11,24,01,55,260,8.8,99,99,99,99,999,1021.7,13.4,14.8,999,99,99
2025,11,24,02,55,270,8.2,99,99,99,99,999,1021.9,13.5,14.8,999,99,99
2025,11,24,03,55,270,8.8,99,99,99,99,999,1022.2,13.5,14.7,999,99,99
2025,11,24,04,55,270,9.3,99,99,99,99,999,1022.9,13.3,14.7,999,99,99
2025,11,24,05,55,290,6.7,99,99,99,99,999,1023.2,13.6,14.6,999,99,99
2025,11,24,07,05,320,3.6,99,99,99,99,999,1023.7,12.7,14.6,999,99,99
2025,11,24,08,05,340,4.1,99,99,99,99,999,1024.1,12.6,14.6,999,99,99
2025,11,24,08,55,320,6.2,99,99,99,99,999,1024.1,12.6,14.6,999,99,99
2025,11,24,10,05,350,2.6,99,99,99,99,999,1024.4,12.7,14.6,999,99,99
2025,11,24,11,05,60,2.1,99,99,99,99,999,1023.9,12.6,14.6,999,99,99
2025,11,24,12,05,360,1.5,99,99,99,99,999,1024.1,12.4,14.6,999,99,99
2025,11,24,13,05,30,3.6,99,99,99,99,999,1023.8,12.2,14.6,999,99,99
2025,11,24,14,05,30,3.6,99,99,99,99,999,1024.2,12,14.6,999,99,99
2025,11,24,15,05,40,4.1,99,99,99,99,999,1024.8,11.8,14.6,999,99,99
2025,11,24,16,05,40,7.2,99,99,99,99,999,1025,11.6,14.6,999,99,99
2025,11,24,17,05,20,2.6,99,99,99,99,999,1025.6,11.6,14.6,999,99,99
2025,11,24,17,55,30,6.2,99,99,99,99,999,1025.7,11.7,14.6,999,99,99
2025,11,24,18,55,30,4.6,99,99,99,99,999,1025.1,12.2,14.6,999,99,99
2025,11,24,20,05,360,2.6,99,99,99,99,999,1024.4,12.9,14.7,999,99,99
2025,11,24,21,05,300,2.1,99,99,99,99,999,1023.9,13,14.8,999,99,99
2025,11,24,22,05,260,4.6,99,99,99,99,999,1023.4,13.2,14.8,999,99,99
2025,11,24,22,55,270,4.1,99,99,99,99,999,1023,13.4,14.8,999,99,99
2025,11,24,23,55,260,5.1,99,99,99,99,999,1022.9,14.1,14.8,999,99,99
2025,11,25,00,55,260,5.1,99,99,99,99,999,1023.1,14.4,14.8,999,99,99
2025,11,25,01,55,250,4.6,99,99,99,99,999,1022.9,14.5,14.7,999,99,99
2025,11,25,02,55,260,3.6,99,99,99,99,999,1023.1,14.5,14.7,999,99,99
2025,11,25,04,05,280,2.1,99,99,99,99,999,1023.5,14.5,14.7,999,99,99
2025,11,25,05,05,320,1,99,99,99,99,999,1023.4,14.2,14.6,999,99,99
2025,11,25,06,05,70,2.1,99,99,99,99,999,1023.9,14.1,14.4,999,99,99
2025,11,25,07,05,320,0.5,99,99,99,99,999,1024.6,13.7,14.5,999,99,99
2025,11,25,07,55,10,3.1,99,99,99,99,999,1024.5,13.6,14.5,999,99,99
2025,11,25,09,05,40,4.1,99,99,99,99,999,1023.7,13.2,14.5,999,99,99
2025,11,25,10,05,30,6.2,99,99,99,99,999,1023.5,13.1,14.5,999,99,99
2025,11,25,11,05,20,5.1,99,99,99,99,999,1023.1,13,14.5,999,99,99
2025,11,25,11,55,30,7.2,99,99,99,99,999,1022.9,12.2,14.5,999,99,99
2025,11,25,12,55,30,5.7,99,99,99,99,999,1022.8,12.4,14.4,999,99,99
2025,11,25,13,55,20,7.2,99,99,99,99,999,1022.7,12.2,14.3,999,99,99
2025,11,25,14,55,10,6.2,99,99,99,99,999,1022.8,11.4,14.3,999,99,99
2025,11,25,15,55,360,6.2,99,99,99,99,999,1023.1,11.4,14.4,999,99,99
2025,11,25,16,55,20,6.2,99,99,99,99,999,1023.5,10.8,14.4,999,99,99
2025,11,25,17,55,30,6.7,99,99,99,99,999,1023.6,11.9,14.5,999,99,99
2025,11,25,18,55,20,7.2,99,99,99,99,999,1023.3,13.3,14.6,999,99,99
2025,11,25,19,55,10,6.7,99,99,99,99,999,1022.8,14.3,14.6,999,99,99
2025,11,25,21,05,290,3.6,99,99,99,99,999,1022.2,13.9,14.7,999,99,99
2025,11,25,22,05,280,3.6,99,99,99,99,999,1021.8,13.6,14.8,999,99,99
2025,11,25,23,05,260,4.1,99,99,99,99,999,1021.9,14,14.8,999,99,99
2025,11,26,00,05,280,3.1,99,99,99,99,999,1021.7,14.4,14.7,999,99,99
2025,11,26,01,05,300,3.1,99,99,99,99,999,1021.8,14.3,14.7,999,99,99
2025,11,26,02,05,350,2.6,99,99,99,99,999,1021.9,14.7,14.7,999,99,99
2025,11,26,03,15,20,5.7,99,99,99,99,999,1021.8,14.4,14.7,999,99,99
2025,11,26,04,05,20,8.8,99,99,99,99,999,1021.8,14.1,14.7,999,99,99
2025,11,26,04,55,360,6.7,99,99,99,99,999,1022.5,14.9,14.6,999,99,99
2025,11,26,05,55,20,8.2,99,99,99,99,999,1022.6,13.7,14.6,999,99,99
2025,11,26,06,55,30,7.2,99,99,99,99,999,1023,13.9,14.6,999,99,99
2025,11,26,07,55,30,6.2,99,99,99,99,999,1023.2,13.4,14.5,999,99,99
2025,11,26,09,05,40,8.2,99,99,99,99,999,1023,12.8,14.5,999,99,99
2025,11,26,10,05,40,8.2,99,99,99,99,999,1022.7,12.4,14.5,999,99,99
2025,11,26,11,05,50,9.8,99,99,99,99,999,1021.8,12.1,14.5,999,99,99
2025,11,26,12,05,40,9.8,99,99,99,99,999,1021.6,11.7,14.5,999,99,99
2025,11,26,13,05,40,10.3,99,99,99,99,999,1021.5,11.3,14.4,999,99,99
2025,11,26,14,05,30,8.2,99,99,99,99,999,1021.3,11.8,14.4,999,99,99
2025,11,26,15,05,30,8.2,99,99,99,99,999,1022.1,11.7,14.4,999,99,99
2025,11,26,15,55,30,7.2,99,99,99,99,999,1022.7,11.3,14.4,999,99,99
2025,11,26,16,55,30,7.2,99,99,99,99,999,1023.2,12,14.4,999,99,99
2025,11,26,17,55,30,6.7,99,99,99,99,999,1023,13,14.4,999,99,99
2025,11,26,19,05,20,7.2,99,99,99,99,999,1022.5,13.4,14.4,999,99,99
2025,11,26,19,55,30,7.7,99,99,99,99,999,1021.7,14.4,14.4,999,99,99
2025,11,26,20,55,30,5.7,99,99,99,99,999,1020.7,15.3,14.5,999,99,99
2025,11,26,21,55,10,4.1,99,99,99,99,999,1020.2,16.1,14.5,999,99,99
2025,11,26,22,55,290,3.6,99,99,99,99,999,1020.3,15.4,14.5,999,99,99
2025,11,26,23,55,280,5.1,99,99,99,99,999,1020.1,14.6,14.5,999,99,99
2025,11,27,00,55,280,5.1,99,99,99,99,999,1020.2,14.6,14.5,999,99,99
2025,11,27,01,55,330,1.5,99,99,99,99,999,1020.5,14.5,14.5,999,99,99
2025,11,27,03,05,20,4.1,99,99,99,99,999,1020.6,15,14.5,999,99,99
2025,11,27,04,05,30,8.2,99,99,99,99,999,1020.5,15.3,14.5,999,99,99
2025,11,27,04,55,20,8.2,99,99,99,99,999,1021,14.9,14.4,999,99,99
2025,11,27,05,55,20,9.8,99,99,99,99,999,1021,14.3,14.4,999,99,99
2025,11,27,06,55,20,8.8,99,99,99,99,999,1021.1,14.2,14.4,999,99,99
2025,11,27,07,55,20,8.2,99,99,99,99,999,1020.9,14.2,14.4,999,99,99
2025,11,27,09,05,20,5.1,99,99,99,99,999,1020.7,13.7,14.4,999,99,99
2025,11,27,10,05,20,6.7,99,99,99,99,999,1020.7,13.1,14.4,999,99,99
2025,11,27,10,55,20,6.7,99,99,99,99,999,1020.5,13,14.4,999,99,99
2025,11,27,11,55,40,6.7,99,99,99,99,999,1019.8,13.2,14.4,999,99,99
2025,11,27,12,55,20,7.2,99,99,99,99,999,1020.3,13.1,14.4,999,99,99
2025,11,27,13,55,40,7.2,99,99,99,99,999,1020.4,12.8,14.4,999,99,99
2025,11,27,15,05,40,7.7,99,99,99,99,999,1020.6,12.4,14.3,999,99,99
2025,11,27,16,05,50,8.2,99,99,99,99,999,1020.5,12.8,14.3,999,99,99
2025,11,27,17,05,50,8.8,99,99,99,99,999,1020.4,12.8,14.3,999,99,99
2025,11,27,18,05,30,7.2,99,99,99,99,999,1020.5,13.1,14.3,999,99,99
2025,11,27,19,05,30,5.7,99,99,99,99,999,1020.1,14.2,14.4,999,99,99
2025,11,27,20,05,340,5.1,99,99,99,99,999,1019.4,14.7,14.4,999,99,99
2025,11,27,21,05,300,5.1,99,99,99,99,999,1018.9,14.4,14.5,999,99,99
2025,11,27,22,05,310,2.6,99,99,99,99,999,1018.5,14.2,14.5,999,99,99
2025,11,27,23,05,290,2.1,99,99,99,99,999,1018.3,14.7,14.5,999,99,99
2025,11,28,00,05,260,5.7,99,99,99,99,999,1018.7,14.4,14.5,999,99,99
2025,11,28,00,55,250,4.1,99,99,99,99,999,1018.7,14.4,14.5,999,99,99
2025,11,28,01,55,240,2.1,99,99,99,99,999,1019.1,14.4,14.4,999,99,99
2025,11,28,02,55,270,1.5,99,99,99,99,999,1019.1,14.4,14.4,999,99,99
2025,11,28,03,55,60,2.1,99,99,99,99,999,1019.1,14.2,14.4,999,99,99
2025,11,28,04,55,300,1,99,99,99,99,999,1019.2,13.9,14.4,999,99,99
2025,11,28,05,55,300,3.1,99,99,99,99,999,1019.3,13.8,14.4,999,99,99
2025,11,28,07,05,330,2.6,99,99,99,99,999,1019.4,13.7,14.3,999,99,99
2025,11,28,08,05,10,5.1,99,99,99,99,999,1019.2,13.1,14.3,999,99,99
2025,11,28,09,05,320,3.6,99,99,99,99,999,1019.5,13.4,14.3,999,99,99
2025,11,28,10,05,350,2.1,99,99,99,99,999,1019.6,13.4,14.3,999,99,99
2025,11,28,10,55,10,4.1,99,99,99,99,999,1019.4,12.7,14.3,999,99,99
2025,11,28,12,05,20,4.1,99,99,99,99,999,1019.1,11.6,14.3,999,99,99
2025,11,28,12,55,10,4.1,99,99,99,99,999,1019,11.6,14.3,999,99,99
2025,11,28,13,55,20,3.6,99,99,99,99,999,1019.2,11.6,14.2,999,99,99
2025,11,28,15,05,20,4.1,99,99,99,99,999,1019.3,11.2,14.8,999,99,99
2025,11,28,16,05,30,4.6,99,99,99,99,999,1019.7,11.2,14.8,999,99,99
2025,11,28,17,05,40,4.1,99,99,99,99,999,1020.1,11.4,14.9,999,99,99
2025,11,28,18,05,30,2.6,99,99,99,99,999,1020.1,11.7,14.9,999,99,99
2025,11,28,19,05,10,2.6,99,99,99,99,999,1019.5,12.4,14.9,999,99,99
2025,11,28,19,55,280,1.5,99,99,99,99,999,1018.9,13,15,999,99,99
2025,11,28,21,05,280,2.6,99,99,99,99,999,1018.1,12.9,15.1,999,99,99
2025,11,28,22,05,270,1.5,99,99,99,99,999,1017.7,13.4,15.2,999,99,99
2025,11,28,23,05,270,7.2,99,99,99,99,999,1017.4,13.4,15.1,999,99,99
2025,11,29,00,05,250,7.7,99,99,99,99,999,1017,13.5,15,999,99,99
2025,11,29,01,05,270,8.8,99,99,99,99,999,1016.9,13.4,14.8,999,99,99
2025,11,29,02,15,270,8.2,99,99,99,99,999,1017.3,13.2,14.8,999,99,99
2025,11,29,02,55,280,6.2,99,99,99,99,999,1017.4,13.3,14.7,999,99,99
2025,11,29,03,55,280,6.7,99,99,99,99,999,1017.7,13.3,14.7,999,99,99
2025,11,29,04,55,320,3.6,99,99,99,99,999,1018,13.8,14.6,999,99,99
2025,11,29,05,55,40,2.6,99,99,99,99,999,1018.2,13.5,14.5,999,99,99
2025,11,29,07,05,10,3.1,99,99,99,99,999,1018.2,12.7,14.4,999,99,99
2025,11,29,08,05,10,5.7,99,99,99,99,999,1017.7,12.3,14.3,999,99,99
2025,11,29,09,05,340,1.5,99,99,99,99,999,1017.9,12.2,14.3,999,99,99
2025,11,29,10,05,30,3.6,99,99,99,99,999,1017.6,11.8,14.2,999,99,99
2025,11,29,11,05,30,7.7,99,99,99,99,999,1017.1,11.3,14.2,999,99,99
2025,11,29,12,05,40,3.1,99,99,99,99,999,1017,11.2,14.2,999,99,99
2025,11,29,13,05,10,4.1,99,99,99,99,999,1017.2,11.2,14.2,999,99,99
2025,11,29,13,55,30,7.7,99,99,99,99,999,1016.8,11.4,14.3,999,99,99
2025,11,29,14,55,20,6.2,99,99,99,99,999,1017.3,11.6,14.4,999,99,99
2025,11,29,15,55,40,5.7,99,99,99,99,999,1017.7,11.6,14.5,999,99,99
2025,11,29,16,55,20,5.7,99,99,99,99,999,1018.2,11.3,14.5,999,99,99
2025,11,29,17,55,10,4.6,99,99,99,99,999,1018.8,11.6,14.5,999,99,99
2025,11,29,18,55,10,6.2,99,99,99,99,999,1018.4,12.3,14.5,999,99,99
2025,11,29,19,55,10,4.6,99,99,99,99,999,1018.1,12.6,14.5,999,99,99
2025,11,29,21,05,320,2.1,99,99,99,99,999,1017.4,13.5,14.6,999,99,99
2025,11,29,21,55,340,2.1,99,99,99,99,999,1016.4,13.8,14.6,999,99,99
2025,11,29,22,55,290,2.6,99,99,99,99,999,1016.3,13.7,14.6,999,99,99
2025,11,30,00,05,260,3.6,99,99,99,99,999,1016.7,13.4,14.6,999,99,99
2025,11,30,01,05,210,3.1,99,99,99,99,999,1016.6,13.6,14.6,999,99,99
2025,11,30,01,55,250,2.6,99,99,99,99,999,1017.1,13.6,14.6,999,99,99
2025,11,30,02,55,250,3.1,99,99,99,99,999,1017.5,13.8,14.5,999,99,99
2025,11,30,03,55,260,2.6,99,99,99,99,999,1018,13.8,14.5,999,99,99
2025,11,30,04,55,300,1.5,99,99,99,99,999,1018.5,13.8,14.5,999,99,99
2025,11,30,06,05,80,4.6,99,99,99,99,999,1017.9,13.1,14.5,999,99,99
2025,11,30,07,05,40,3.6,99,99,99,99,999,1018,12.1,14.5,999,99,99
2025,11,30,08,05,10,3.6,99,99,99,99,999,1018.2,11.8,14.5,999,99,99
2025,11,30,08,55,10,4.6,99,99,99,99,999,1017.9,11.4,14.5,999,99,99
2025,11,30,10,05,40,4.1,99,99,99,99,999,1018.4,11.6,14.4,999,99,99
2025,11,30,11,05,40,4.6,99,99,99,99,999,1018.1,11.4,14.3,999,99,99
2025,11,30,12,05,360,3.6,99,99,99,99,999,1018,11,14.3,999,99,99
2025,11,30,12,55,360,2.6,99,99,99,99,999,1017.6,10.4,14.3,999,99,99
2025,11,30,13,55,360,3.1,99,99,99,99,999,1017.6,10.4,14.2,999,99,99
2025,11,30,15,05,30,3.1,99,99,99,99,999,1018,10.3,14.2,999,99,99
2025,11,30,16,05,20,5.1,99,99,99,99,999,1018.4,10,14.2,999,99,99
2025,11,30,16,55,30,4.6,99,99,99,99,999,1018.5,9.6,14.2,999,99,99
2025,11,30,17,55,10,5.1,99,99,99,99,999,1018.6,10,14.1,999,99,99
2025,11,30,19,05,340,2.6,99,99,99,99,999,1018.7,10.3,14.1,999,99,99
2025,11,30,20,15,260,1,99,99,99,99,999,1018.2,11.4,14.2,999,99,99
2025,11,30,21,05,250,2.6,99,99,99,99,999,1017.3,11.9,14.2,999,99,99
2025,11,30,22,05,270,4.6,99,99,99,99,999,1016.7,12.1,14.2,999,99,99
2025,11,30,22,55,260,4.6,99,99,99,99,999,1016.4,12.4,14.2,999,99,99
2025,12,01,00,55,260,6.2,99,99,99,99,999,1015.7,12.9,14.1,999,99,99
2025,12,01,01,55,340,3.6,99,99,99,99,999,1016.3,13,14.1,999,99,99
2025,12,01,02,55,360,2.6,99,99,99,99,999,1017,12.8,14.1,999,99,99
2025,12,01,03,55,0,0,99,99,99,99,999,1017.5,12.6,14.1,999,99,99
2025,12,01,04,55,60,3.1,99,99,99,99,999,1017.7,11.9,14.1,999,99,99
2025,12,01,05,55,50,3.6,99,99,99,99,999,1017.7,11.2,14,999,99,99
2025,12,01,06,55,40,5.7,99,99,99,99,999,1018.1,11.3,14,999,99,99
2025,12,01,07,55,40,3.6,99,99,99,99,999,1018.2,11.4,14,999,99,99
2025,12,01,08,55,100,1,99,99,99,99,999,1018.3,11.4,14.3,999,99,99
2025,12,01,09,55,50,4.1,99,99,99,99,999,1018.3,11.2,14.4,999,99,99
2025,12,01,11,05,20,4.6,99,99,99,99,999,1018.2,10.7,14.5,999,99,99
2025,12,01,12,05,50,6.7,99,99,99,99,999,1018.1,10.5,14.5,999,99,99
2025,12,01,13,05,40,7.7,99,99,99,99,999,1017.9,10.1,14.5,999,99,99
2025,12,01,14,05,40,7.2,99,99,99,99,999,1018.1,9.9,14.6,999,99,99
2025,12,01,14,55,50,6.7,99,99,99,99,999,1018.5,9.4,14.5,999,99,99
2025,12,01,15,55,30,7.7,99,99,99,99,999,1018.7,9.3,14.5,999,99,99
2025,12,01,16,55,20,8.2,99,99,99,99,999,1019.3,9.9,14.4,999,99,99
2025,12,01,17,55,50,9.8,99,99,99,99,999,1019.8,10.3,14.4,999,99,99
2025,12,01,18,55,30,8.2,99,99,99,99,999,1019.8,11.2,14.3,999,99,99
2025,12,01,19,55,60,5.1,99,99,99,99,999,1019.3,12.5,14.2,999,99,99
2025,12,01,21,05,30,6.7,99,99,99,99,999,1018.7,13.3,14.4,999,99,99
2025,12,01,22,05,10,4.6,99,99,99,99,999,1018.3,13.7,14.4,999,99,99
2025,12,01,23,05,20,2.1,99,99,99,99,999,1018.2,14.4,14.4,999,99,99
2025,12,02,00,05,310,3.1,99,99,99,99,999,1018.1,14.4,14.5,999,99,99
2025,12,02,01,05,300,4.1,99,99,99,99,999,1018,13.5,14.4,999,99,99
2025,12,02,02,05,360,4.1,99,99,99,99,999,1018.3,13.8,14.4,999,99,99
2025,12,02,02,55,20,5.1,99,99,99,99,999,1018.7,13.5,14.4,999,99,99
2025,12,02,03,55,10,5.7,99,99,99,99,999,1018.9,12.9,14.3,999,99,99
2025,12,02,04,55,20,5.1,99,99,99,99,999,1018.7,12.6,14.3,999,99,99
2025,12,02,06,05,10,5.1,99,99,99,99,999,1019.3,12,14.2,999,99,99
2025,12,02,07,05,10,6.2,99,99,99,99,999,1019.6,12.3,14.2,999,99,99
2025,12,02,08,05,10,4.1,99,99,99,99,999,1019.2,12.9,14.1,999,99,99
2025,12,02,09,05,20,5.1,99,99,99,99,999,1018.9,12.4,14.1,999,99,99
2025,12,02,10,05,20,5.7,99,99,99,99,999,1018.6,12.2,14.1,999,99,99
2025,12,02,11,05,20,6.2,99,99,99,99,999,1018.4,12.6,14,999,99,99
2025,12,02,12,05,20,6.7,99,99,99,99,999,1018.3,12.5,14,999,99,99
2025,12,02,13,05,30,9.3,99,99,99,99,999,1018,12.6,14,999,99,99
2025,12,02,14,05,360,6.2,99,99,99,99,999,1018.6,11.4,14,999,99,99
2025,12,02,14,55,350,4.6,99,99,99,99,999,1018.5,11.4,14,999,99,99
2025,12,02,16,05,10,5.7,99,99,99,99,999,1018.9,11.7,14,999,99,99
2025,12,02,17,05,30,5.1,99,99,99,99,999,1019.1,11.8,13.9,999,99,99
2025,12,02,18,05,40,5.1,99,99,99,99,999,1019.6,11.7,13.9,999,99,99
2025,12,02,18,55,20,3.1,99,99,99,99,999,1019.4,12.2,14,999,99,99
2025,12,02,19,55,70,1,99,99,99,99,999,1018.6,12.9,14.1,999,99,99
2025,12,02,20,55,300,0.5,99,99,99,99,999,1018,13.6,14.2,999,99,99
2025,12,02,21,55,260,1.5,99,99,99,99,999,1017,14.2,14.2,999,99,99
2025,12,02,22,55,250,4.1,99,99,99,99,999,1017,14,14.3,999,99,99
2025,12,02,23,55,260,4.6,99,99,99,99,999,1016.6,14.2,14.2,999,99,99
2025,12,03,16,55,60,3.1,99,99,99,99,999,1018.6,12.1,13.8,999,99,99
2025,12,03,18,05,60,6.7,99,99,99,99,999,1019.6,12.7,13.8,999,99,99
2025,12,03,19,05,60,3.6,99,99,99,99,999,1019.9,13.2,14,999,99,99
2025,12,03,20,05,80,4.6,99,99,99,99,999,1019.8,13.6,14.1,999,99,99
2025,12,03,21,05,60,6.2,99,99,99,99,999,1019.2,13.8,14.2,999,99,99
2025,12,03,22,05,50,4.1,99,99,99,99,999,1018.9,14,14.3,999,99,99
2025,12,03,22,55,30,2.6,99,99,99,99,999,1019.3,14.2,14.4,999,99,99
2025,12,03,23,55,50,2.6,99,99,99,99,999,1019.3,14.6,14.4,999,99,99
2025,12,04,01,05,280,3.1,99,99,99,99,999,1020,14,14.4,999,99,99
2025,12,04,02,05,300,3.6,99,99,99,99,999,1020.7,14.4,14.4,999,99,99
2025,12,04,02,55,340,3.1,99,99,99,99,999,1021,14.2,14.4,999,99,99
2025,12,04,03,55,360,4.6,99,99,99,99,999,1021.6,13.8,14.4,999,99,99
2025,12,04,04,55,30,4.1,99,99,99,99,999,1021.8,13.5,14.4,999,99,99
2025,12,04,06,05,20,4.6,99,99,99,99,999,1022.3,13,14.4,999,99,99
2025,12,04,07,05,30,5.1,99,99,99,99,999,1022.3,12,14.4,999,99,99
2025,12,04,07,55,30,6.7,99,99,99,99,999,1022.3,11.4,14.3,999,99,99
2025,12,04,08,55,30,6.7,99,99,99,99,999,1022.4,11,14.3,999,99,99
2025,12,04,09,55,30,5.1,99,99,99,99,999,1022.7,10.5,14.3,999,99,99
2025,12,04,10,55,40,7.2,99,99,99,99,999,1022.1,9.9,14.4,999,99,99
2025,12,04,12,05,40,7.2,99,99,99,99,999,1022.2,9.4,14.6,999,99,99
2025,12,04,13,05,40,8.2,99,99,99,99,999,1022.2,9.4,14.6,999,99,99
2025,12,04,14,05,50,7.7,99,99,99,99,999,1022.4,9.8,14.5,999,99,99
2025,12,04,15,05,40,7.7,99,99,99,99,999,1023.2,9.8,14.4,999,99,99
2025,12,04,16,05,40,9.3,99,99,99,99,999,1023.5,9.7,14.4,999,99,99
2025,12,04,17,05,50,6.7,99,99,99,99,999,1024.1,9.4,14.4,999,99,99
2025,12,04,17,55,50,5.1,99,99,99,99,999,1024.8,10.3,14.4,999,99,99
2025,12,04,19,05,30,3.6,99,99,99,99,999,1024.7,11.2,14.4,999,99,99
2025,12,04,20,05,20,2.6,99,99,99,99,999,1024,12.2,14.5,999,99,99
2025,12,04,21,05,340,2.6,99,99,99,99,999,1023,13.6,14.6,999,99,99
2025,12,04,22,05,280,3.1,99,99,99,99,999,1022.8,13.3,14.6,999,99,99
2025,12,04,23,05,270,3.6,99,99,99,99,999,1022.3,13.7,14.5,999,99,99
2025,12,05,00,05,270,4.6,99,99,99,99,999,1022.5,13.9,14.5,999,99,99
2025,12,05,01,05,280,4.1,99,99,99,99,999,1022.9,13.9,14.4,999,99,99
2025,12,05,02,05,290,2.6,99,99,99,99,999,1023.3,14,14.4,999,99,99
2025,12,05,02,55,340,1.5,99,99,99,99,999,1023.6,14,14.4,999,99,99
2025,12,05,03,55,40,1,99,99,99,99,999,1023.6,13.7,14.4,999,99,99
2025,12,05,04,55,40,4.6,99,99,99,99,999,1023.7,13.7,14.4,999,99,99
2025,12,05,06,05,20,5.7,99,99,99,99,999,1023.9,12.6,14.3,999,99,99
2025,12,05,07,05,50,3.6,99,99,99,99,999,1023.9,12.7,14.3,999,99,99
2025,12,05,07,55,10,4.1,99,99,99,99,999,1023.7,12.4,14.3,999,99,99
2025,12,05,09,05,30,4.1,99,99,99,99,999,1023.1,12.1,14.2,999,99,99
2025,12,05,10,05,40,7.7,99,99,99,99,999,1022.6,11.8,14.2,999,99,99
2025,12,05,10,55,50,5.1,99,99,99,99,999,1022.4,11.6,14.2,999,99,99
2025,12,05,11,55,50,4.6,99,99,99,99,999,1022.1,11.2,14.2,999,99,99
2025,12,05,12,55,40,5.1,99,99,99,99,999,1021.5,10.7,14.2,999,99,99
2025,12,05,13,55,40,5.7,99,99,99,99,999,1021.6,10.6,14.2,999,99,99
2025,12,05,14,55,20,6.2,99,99,99,99,999,1022.4,10.4,14.2,999,99,99
2025,12,05,16,05,40,7.2,99,99,99,99,999,1022.4,10.3,14.1,999,99,99
2025,12,05,17,05,30,3.6,99,99,99,99,999,1022.6,10.7,14.1,999,99,99
2025,12,05,18,05,40,4.6,99,99,99,99,999,1022.6,11,14.1,999,99,99
2025,12,05,19,05,50,3.1,99,99,99,99,999,1022.4,11.9,14.2,999,99,99
2025,12,05,20,05,0,0,99,99,99,99,999,1021.5,12.8,14.3,999,99,99
2025,12,05,20,55,260,2.6,99,99,99,99,999,1020.9,13.2,14.4,999,99,99
2025,12,05,21,55,250,2.6,99,99,99,99,999,1020.3,13.3,14.4,999,99,99
2025,12,05,22,55,260,3.6,99,99,99,99,999,1020,13.3,14.4,999,99,99
2025,12,05,23,55,260,5.7,99,99,99,99,999,1019.9,13.7,14.3,999,99,99
2025,12,06,00,55,270,6.2,99,99,99,99,999,1019.5,13.8,14.2,999,99,99
2025,12,06,01,55,270,7.7,99,99,99,99,999,1019.9,13.8,14.2,999,99,99
2025,12,06,02,55,270,6.2,99,99,99,99,999,1019.9,13.7,14.1,999,99,99
2025,12,06,04,05,260,5.7,99,99,99,99,999,1020,13.7,14.1,999,99,99
2025,12,06,04,55,290,4.6,99,99,99,99,999,1020.3,13.6,14.1,999,99,99
2025,12,06,05,55,280,8.2,99,99,99,99,999,1020.5,13.3,14.1,999,99,99
2025,12,06,06,55,270,5.1,99,99,99,99,999,1020.4,13.4,14.1,999,99,99
2025,12,06,07,55,270,6.7,99,99,99,99,999,1020.2,13,14.1,999,99,99
2025,12,06,09,05,290,5.1,99,99,99,99,999,1019.9,12.8,14.1,999,99,99
2025,12,06,10,05,330,1.5,99,99,99,99,999,1020.4,12.8,14.1,999,99,99
2025,12,06,10,55,60,4.1,99,99,99,99,999,1020,12.1,14,999,99,99
2025,12,06,11,55,10,4.1,99,99,99,99,999,1020.2,11.5,14,999,99,99
2025,12,06,12,55,40,4.6,99,99,99,99,999,1019.7,10.6,14.1,999,99,99
2025,12,06,13,55,30,3.6,99,99,99,99,999,1020.4,10.8,14.1,999,99,99
2025,12,06,14,55,30,5.1,99,99,99,99,999,1020.8,11,14.1,999,99,99
2025,12,06,16,05,10,7.2,99,99,99,99,999,1021.1,11.4,14.1,999,99,99
2025,12,06,17,05,40,5.1,99,99,99,99,999,1021.3,10.7,14.1,999,99,99
2025,12,06,17,55,30,4.6,99,99,99,99,999,1021.4,11.4,14.1,999,99,99
2025,12,06,18,55,350,4.6,99,99,99,99,999,1021.5,11.7,14.1,999,99,99
2025,12,06,20,05,340,2.6,99,99,99,99,999,1020.9,12.4,14.2,999,99,99
2025,12,06,21,05,260,2.6,99,99,99,99,999,1020.3,12.6,14.3,999,99,99
2025,12,06,22,05,270,4.1,99,99,99,99,999,1020,13.1,14.3,999,99,99
2025,12,06,23,05,260,3.1,99,99,99,99,999,1019.8,13.4,14.3,999,99,99
2025,12,07,00,05,260,4.1,99,99,99,99,999,1019.8,13.6,14.3,999,99,99
2025,12,07,00,55,290,3.6,99,99,99,99,999,1020.2,13.9,14.4,999,99,99
2025,12,07,02,05,310,2.6,99,99,99,99,999,1020.6,13.7,14.3,999,99,99
2025,12,07,02,55,330,1.5,99,99,99,99,999,1020.7,13.6,14.3,999,99,99
2025,12,07,03,55,340,3.1,99,99,99,99,999,1020.7,13.8,14.3,999,99,99
2025,12,07,04,55,310,2.1,99,99,99,99,999,1021.1,13.7,14.2,999,99,99
2025,12,07,05,55,360,3.6,99,99,99,99,999,1021.2,13.2,14.2,999,99,99
2025,12,07,06,55,330,2.6,99,99,99,99,999,1021.6,12.9,14.2,999,99,99
2025,12,07,07,55,330,2.6,99,99,99,99,999,1021.9,12.6,14.2,999,99,99
2025,12,07,08,55,360,5.7,99,99,99,99,999,1021.4,12.2,14.2,999,99,99
2025,12,07,09,55,40,5.7,99,99,99,99,999,1021.6,12.4,14.2,999,99,99
2025,12,07,10,55,20,5.1,99,99,99,99,999,1021.9,12.3,14.2,999,99,99
2025,12,07,11,55,10,4.6,99,99,99,99,999,1021.5,11.7,14.1,999,99,99
2025,12,07,12,55,30,6.2,99,99,99,99,999,1021.5,11.5,14.1,999,99,99
2025,12,07,13,55,10,4.6,99,99,99,99,999,1022,11.6,14.1,999,99,99
2025,12,07,14,55,30,7.2,99,99,99,99,999,1022.6,10.9,14.1,999,99,99
2025,12,07,15,55,40,5.1,99,99,99,99,999,1023.3,11.1,14.1,999,99,99
2025,12,07,16,55,40,5.1,99,99,99,99,999,1023.8,11.3,14.1,999,99,99
2025,12,07,17,55,20,3.1,99,99,99,99,999,1024.6,11.1,14.1,999,99,99
2025,12,07,18,55,10,2.6,99,99,99,99,999,1024.9,11.8,14.1,999,99,99
2025,12,07,19,55,10,3.1,99,99,99,99,999,1024.3,12.6,14.2,999,99,99
2025,12,07,20,55,340,2.1,99,99,99,99,999,1023.8,13.3,14.2,999,99,99
2025,12,07,21,55,350,2.1,99,99,99,99,999,1023.7,13.4,14.2,999,99,99
2025,12,07,22,55,280,1,99,99,99,99,999,1023.2,13.8,14.3,999,99,99
2025,12,07,23,55,250,1.5,99,99,99,99,999,1023.3,14.3,14.3,999,99,99
2025,12,08,00,55,260,2.1,99,99,99,99,999,1023.6,13.9,14.2,999,99,99
2025,12,08,01,55,280,2.1,99,99,99,99,999,1024.1,14,14.1,999,99,99
2025,12,08,02,55,270,1.5,99,99,99,99,999,1024.5,14.1,14.1,999,99,99
2025,12,08,03,55,260,2.1,99,99,99,99,999,1024.7,13.9,14.1,999,99,99
2025,12,08,05,15,0,0,99,99,99,99,999,1025,13.8,14,999,99,99
2025,12,08,06,05,350,1,99,99,99,99,999,1025.2,13.1,14,999,99,99
2025,12,08,06,55,20,3.6,99,99,99,99,999,1025.2,13.2,14,999,99,99
2025,12,08,07,55,10,3.6,99,99,99,99,999,1025,12.2,14.1,999,99,99
2025,12,08,09,05,350,2.6,99,99,99,99,999,1024.8,12,14.1,999,99,99
2025,12,08,10,05,360,5.1,99,99,99,99,999,1025.2,11.6,14.1,999,99,99
2025,12,08,11,05,20,5.7,99,99,99,99,999,1025,11.1,14.1,999,99,99
2025,12,08,11,55,40,5.7,99,99,99,99,999,1024.8,10.8,14.1,999,99,99
2025,12,08,12,55,30,5.7,99,99,99,99,999,1024.6,10.4,14,999,99,99
2025,12,08,13,55,30,7.7,99,99,99,99,999,1024.6,10.2,14,999,99,99
2025,12,08,15,05,30,8.8,99,99,99,99,999,1024.9,10,14,999,99,99
2025,12,08,16,05,30,10.3,99,99,99,99,999,1025.5,10.2,14,999,99,99
2025,12,08,17,05,20,10.8,99,99,99,99,999,1025.7,10.8,13.9,999,99,99
2025,12,08,18,05,20,7.7,99,99,99,99,999,1025.9,11.3,13.9,999,99,99
2025,12,08,18,55,20,4.6,99,99,99,99,999,1026,12.3,13.9,999,99,99
2025,12,08,19,55,340,3.6,99,99,99,99,999,1025.4,12.3,13.9,999,99,99
2025,12,08,20,55,270,4.6,99,99,99,99,999,1024.8,12.4,13.9,999,99,99
2025,12,08,21,55,290,3.1,99,99,99,99,999,1024.7,12.9,14,999,99,99
2025,12,08,23,05,300,3.1,99,99,99,99,999,1025,13.3,14,999,99,99
2025,12,09,00,05,0,0,99,99,99,99,999,1024,14.3,13.9,999,99,99
2025,12,09,00,55,300,0.5,99,99,99,99,999,1024.2,13.8,13.8,999,99,99
2025,12,09,01,55,280,4.1,99,99,99,99,999,1024.4,13.6,13.8,999,99,99
2025,12,09,02,55,280,1.5,99,99,99,99,999,1024.6,14,13.8,999,99,99
2025,12,09,03,55,300,1,99,99,99,99,999,1024.9,13.7,13.8,999,99,99
2025,12,09,05,05,10,2.1,99,99,99,99,999,1025.1,13.4,13.9,999,99,99
2025,12,09,05,55,10,3.6,99,99,99,99,999,1025,13.2,13.9,999,99,99
2025,12,09,07,05,10,3.1,99,99,99,99,999,1024.8,12.8,13.8,999,99,99
2025,12,09,08,05,10,3.1,99,99,99,99,999,1024.5,12.8,13.7,999,99,99
2025,12,09,09,05,340,3.1,99,99,99,99,999,1024.1,12.1,13.8,999,99,99
2025,12,09,10,05,350,6.7,99,99,99,99,999,1023.9,11.7,13.7,999,99,99
2025,12,09,11,05,360,5.7,99,99,99,99,999,1023.7,11.3,13.7,999,99,99
2025,12,09,12,05,20,5.1,99,99,99,99,999,1023.2,11.6,13.7,999,99,99
2025,12,09,13,05,30,8.2,99,99,99,99,999,1023,11.1,13.7,999,99,99
2025,12,09,14,05,20,4.1,99,99,99,99,999,1023.1,11.3,13.6,999,99,99
2025,12,09,14,55,20,7.2,99,99,99,99,999,1023.2,11.2,13.6,999,99,99
2025,12,09,16,55,30,3.6,99,99,99,99,999,1023.9,10.9,13.6,999,99,99
2025,12,09,17,55,360,4.6,99,99,99,99,999,1024.2,11.2,13.6,999,99,99
2025,12,09,19,05,360,4.1,99,99,99,99,999,1023.4,11.8,13.7,999,99,99
2025,12,09,20,05,350,3.1,99,99,99,99,999,1022.5,12.6,13.7,999,99,99
2025,12,09,20,55,300,3.1,99,99,99,99,999,1021.6,12.6,13.8,999,99,99
2025,12,09,21,55,270,2.6,99,99,99,99,999,1020.9,12.9,13.8,999,99,99
2025,12,09,23,05,280,3.6,99,99,99,99,999,1020.4,13.6,13.8,999,99,99
2025,12,10,00,05,260,2.1,99,99,99,99,999,1020.5,14,13.8,999,99,99
2025,12,10,01,05,270,2.6,99,99,99,99,999,1020.3,13.8,13.8,999,99,99
2025,12,10,02,05,280,2.1,99,99,99,99,999,1020.6,13.8,13.8,999,99,99
2025,12,10,03,15,10,0.5,99,99,99,99,999,1021.1,13.5,13.7,999,99,99
2025,12,10,03,55,30,3.6,99,99,99,99,999,1021.3,12.9,13.7,999,99,99
2025,12,10,04,55,40,4.6,99,99,99,99,999,1021.3,13.7,13.7,999,99,99
2025,12,10,05,55,30,4.1,99,99,99,99,999,1021.3,13.2,13.7,999,99,99
2025,12,10,06,55,10,7.2,99,99,99,99,999,1021.2,13,13.6,999,99,99
2025,12,10,08,05,360,4.1,99,99,99,99,999,1021.2,12.7,13.6,999,99,99
2025,12,10,08,55,10,6.2,99,99,99,99,999,1020.9,12.6,13.6,999,99,99
2025,12,10,09,55,20,6.7,99,99,99,99,999,1020.6,12.6,13.6,999,99,99
2025,12,10,10,55,20,6.7,99,99,99,99,999,1020.8,12,13.6,999,99,99
2025,12,10,11,55,10,4.6,99,99,99,99,999,1020.6,11.8,13.6,999,99,99
2025,12,10,13,05,10,7.7,99,99,99,99,999,1020.4,11.6,13.6,999,99,99
2025,12,10,13,55,20,6.2,99,99,99,99,999,1020.5,12.1,13.6,999,99,99
2025,12,10,14,55,20,6.2,99,99,99,99,999,1020.9,12.2,13.5,999,99,99
2025,12,10,16,05,40,7.2,99,99,99,99,999,1021,11.2,13.5,999,99,99
2025,12,10,17,05,30,6.2,99,99,99,99,999,1021,11.3,13.6,999,99,99
2025,12,10,18,05,30,4.1,99,99,99,99,999,1021.3,12,13.6,999,99,99
2025,12,10,18,55,50,6.2,99,99,99,99,999,1020.8,13.3,13.7,999,99,99
2025,12,10,19,55,10,3.6,99,99,99,99,999,1020.1,13.8,13.8,999,99,99
2025,12,10,20,55,320,4.1,99,99,99,99,999,1019.1,13.7,13.9,999,99,99
2025,12,10,21,55,300,2.1,99,99,99,99,999,1018.7,13.8,13.9,999,99,99
2025,12,10,23,05,290,2.6,99,99,99,99,999,1018.4,14.1,13.9,999,99,99
2025,12,10,23,55,280,2.6,99,99,99,99,999,1018.5,14.2,13.9,999,99,99
2025,12,11,00,55,310,2.6,99,99,99,99,999,1018.3,14,13.8,999,99,99
2025,12,11,01,55,280,2.1,99,99,99,99,999,1018.8,14,13.8,999,99,99
2025,12,11,02,55,340,2.1,99,99,99,99,999,1018.9,14.2,13.8,999,99,99
2025,12,11,03,55,310,2.1,99,99,99,99,999,1019.2,13.8,13.8,999,99,99
2025,12,11,04,55,340,2.6,99,99,99,99,999,1019.4,13.9,13.7,999,99,99
2025,12,11,05,55,20,3.6,99,99,99,99,999,1019.5,13.8,13.7,999,99,99
2025,12,11,06,55,30,4.6,99,99,99,99,999,1019.5,13.9,13.7,999,99,99
2025,12,11,07,55,40,5.1,99,99,99,99,999,1019.2,14.1,13.7,999,99,99
2025,12,11,08,55,50,9.8,99,99,99,99,999,1018.6,14,13.6,999,99,99
2025,12,11,09,55,20,6.2,99,99,99,99,999,1018.9,13.4,13.6,999,99,99
2025,12,11,10,55,40,8.8,99,99,99,99,999,1018.6,13.6,13.6,999,99,99
2025,12,11,12,05,40,7.2,99,99,99,99,999,1018.4,13.6,13.6,999,99,99
2025,12,11,13,05,50,4.1,99,99,99,99,999,1018.6,13.3,13.5,999,99,99
2025,12,11,13,55,40,7.2,99,99,99,99,999,1018.6,13,13.5,999,99,99
2025,12,11,15,05,40,5.7,99,99,99,99,999,1018.8,12.5,13.5,999,99,99
2025,12,11,15,55,50,8.8,99,99,99,99,999,1018.9,12.4,13.5,999,99,99
2025,12,11,17,05,40,8.8,99,99,99,99,999,1019.2,12.7,13.5,999,99,99
2025,12,11,18,05,30,10.8,99,99,99,99,999,1019.3,13.6,13.5,999,99,99
2025,12,11,19,05,20,8.2,99,99,99,99,999,1019,13.8,13.5,999,99,99
2025,12,11,19,55,360,5.1,99,99,99,99,999,1018.3,14.7,13.5,999,99,99
2025,12,11,20,55,340,3.1,99,99,99,99,999,1017.4,14.4,13.6,999,99,99
2025,12,11,21,55,290,3.6,99,99,99,99,999,1016.7,14.6,13.7,999,99,99
2025,12,12,00,05,280,1.5,99,99,99,99,999,1016.4,14.3,13.8,999,99,99
2025,12,12,01,05,300,1.5,99,99,99,99,999,1016.4,14.4,13.7,999,99,99
2025,12,12,01,55,360,2.1,99,99,99,99,999,1016.5,15.5,13.7,999,99,99
2025,12,12,03,05,350,4.6,99,99,99,99,999,1016.5,15.1,13.7,999,99,99
2025,12,12,04,05,20,4.1,99,99,99,99,999,1016.5,15.1,13.6,999,99,99
2025,12,12,04,55,360,6.7,99,99,99,99,999,1016.6,15.8,13.6,999,99,99
2025,12,12,05,55,360,7.2,99,99,99,99,999,1016.9,15.5,13.6,999,99,99
2025,12,12,07,05,30,8.2,99,99,99,99,999,1017.1,14.4,13.6,999,99,99
2025,12,12,08,05,30,5.7,99,99,99,99,999,1016.9,15.2,13.6,999,99,99
2025,12,12,09,05,10,7.2,99,99,99,99,999,1016.7,14.9,13.6,999,99,99
2025,12,12,09,55,20,6.7,99,99,99,99,999,1016.9,14.5,13.6,999,99,99
2025,12,12,10,55,20,5.1,99,99,99,99,999,1016.9,13.9,13.6,999,99,99
2025,12,12,11,55,30,7.7,99,99,99,99,999,1016.5,13.5,13.6,999,99,99
2025,12,12,12,55,40,7.7,99,99,99,99,999,1016.2,13.8,13.6,999,99,99
2025,12,12,14,05,30,5.7,99,99,99,99,999,1016.3,13.1,13.6,999,99,99
2025,12,12,14,55,20,7.2,99,99,99,99,999,1016.6,13.7,13.6,999,99,99
2025,12,12,16,05,40,5.7,99,99,99,99,999,1016.8,14,13.6,999,99,99
2025,12,12,17,05,40,7.7,99,99,99,99,999,1017.1,14.3,14.2,999,99,99
2025,12,12,18,05,50,8.2,99,99,99,99,999,1017.5,14.2,14.3,999,99,99
2025,12,12,19,05,40,4.1,99,99,99,99,999,1017.3,14.9,14.4,999,99,99
2025,12,12,20,15,50,2.1,99,99,99,99,999,1016.6,15,14.5,999,99,99
2025,12,12,21,05,20,1,99,99,99,99,999,1016,15.2,14.5,999,99,99
2025,12,12,22,05,0,0,99,99,99,99,999,1015.6,16.4,14.5,999,99,99
2025,12,12,22,55,280,1,99,99,99,99,999,1015.3,16.1,14.5,999,99,99
2025,12,12,23,55,290,1,99,99,99,99,999,1015.1,15.6,14.7,999,99,99
2025,12,13,00,55,0,0,99,99,99,99,999,1015.2,15,14.6,999,99,99
2025,12,13,01,55,280,0.5,99,99,99,99,999,1015.4,14.7,15.1,999,99,99
2025,12,13,02,55,320,1,99,99,99,99,999,1015.8,15,15,999,99,99
2025,12,13,03,55,10,1,99,99,99,99,999,1016.1,14.4,15,999,99,99
2025,12,13,04,55,130,1.5,99,99,99,99,999,1016.5,14.5,15,999,99,99
2025,12,13,05,55,150,3.1,99,99,99,99,999,1017.2,13.8,15.1,999,99,99
2025,12,13,06,55,150,2.6,99,99,99,99,999,1017.4,14.2,15.1,999,99,99
2025,12,13,07,55,160,2.1,99,99,99,99,999,1017.3,14,15.1,999,99,99
2025,12,13,08,55,10,2.1,99,99,99,99,999,1017,13.3,15,999,99,99
2025,12,13,09,55,20,2.6,99,99,99,99,999,1016.9,13,14.8,999,99,99
2025,12,13,11,05,30,3.1,99,99,99,99,999,1016.8,12.6,14.7,999,99,99
2025,12,13,11,55,20,2.6,99,99,99,99,999,1016.5,12.5,14.3,999,99,99
2025,12,13,12,55,50,2.6,99,99,99,99,999,1016.4,11.4,14.2,999,99,99
2025,12,13,13,55,90,2.1,99,99,99,99,999,1016.9,11.5,14.3,999,99,99
2025,12,13,14,55,60,1.5,99,99,99,99,999,1017.2,12.1,14.8,999,99,99
2025,12,13,15,55,40,3.1,99,99,99,99,999,1017.5,11.7,14.8,999,99,99
2025,12,13,17,05,40,2.1,99,99,99,99,999,1018.2,11.2,14.7,999,99,99
2025,12,13,17,55,60,1.5,99,99,99,99,999,1018.7,12,15.3,999,99,99
2025,12,13,19,05,0,0,99,99,99,99,999,1018.8,13.2,15.5,999,99,99
2025,12,13,20,05,150,5.7,99,99,99,99,999,1017.9,14.2,15.5,999,99,99
2025,12,13,21,05,180,3.1,99,99,99,99,999,1017.3,14.2,15.5,999,99,99
2025,12,13,21,55,180,4.1,99,99,99,99,999,1017.1,14.2,15.6,999,99,99
2025,12,13,23,05,170,6.2,99,99,99,99,999,1017.3,14.2,15.5,999,99,99
2025,12,14,00,05,180,6.2,99,99,99,99,999,1017.3,14,15.1,999,99,99
2025,12,14,00,55,170,5.7,99,99,99,99,999,1017.6,13.9,15,999,99,99
2025,12,14,01,55,150,3.1,99,99,99,99,999,1017.5,13.9,15,999,99,99
2025,12,14,02,55,170,2.1,99,99,99,99,999,1018,13.7,15.2,999,99,99
2025,12,14,05,05,170,2.1,99,99,99,99,999,1018.6,13.8,15.4,999,99,99
2025,12,14,06,05,140,2.1,99,99,99,99,999,1019,13.6,15.4,999,99,99
2025,12,14,07,05,160,2.6,99,99,99,99,999,1019.3,13.5,15.3,999,99,99
2025,12,14,08,05,150,2.6,99,99,99,99,999,1019.3,13.6,15.3,999,99,99
2025,12,14,08,55,140,0.5,99,99,99,99,999,1019.4,13.4,15.3,999,99,99
2025,12,14,09,55,190,1.5,99,99,99,99,999,1019.8,13.4,15.3,999,99,99
2025,12,14,10,55,360,2.1,99,99,99,99,999,1019.7,13.2,15.4,999,99,99
2025,12,14,11,55,40,2.6,99,99,99,99,999,1019.5,13,15.4,999,99,99
2025,12,14,13,05,30,3.1,99,99,99,99,999,1019.2,12.8,15.4,999,99,99
2025,12,14,13,55,20,4.6,99,99,99,99,999,1019.6,12.2,15.3,999,99,99
2025,12,14,14,55,40,5.7,99,99,99,99,999,1019.8,11.7,15.2,999,99,99
2025,12,14,15,55,50,2.6,99,99,99,99,999,1020.9,11,15.1,999,99,99
2025,12,14,16,55,10,2.6,99,99,99,99,999,1021.5,10.8,15.2,999,99,99
2025,12,14,18,05,30,2.1,99,99,99,99,999,1022.5,10.9,15.3,999,99,99
2025,12,14,19,05,90,3.6,99,99,99,99,999,1022.3,11.1,15.3,999,99,99
2025,12,14,20,15,60,2.1,99,99,99,99,999,1021.6,11.2,15.3,999,99,99
2025,12,14,20,55,10,2.6,99,99,99,99,999,1021.1,11.4,15.3,999,99,99
2025,12,14,22,05,320,1.5,99,99,99,99,999,1020.5,11.6,15.4,999,99,99
2025,12,14,23,05,350,1,99,99,99,99,999,1020.1,12.1,15.4,999,99,99
2025,12,14,23,55,250,4.6,99,99,99,99,999,1020.6,12.6,15.4,999,99,99
2025,12,15,00,55,250,5.1,99,99,99,99,999,1020.5,13.1,15.3,999,99,99
2025,12,15,01,55,260,4.1,99,99,99,99,999,1020.6,13,15.2,999,99,99
2025,12,15,02,55,260,4.6,99,99,99,99,999,1021.3,12.8,15.3,999,99,99
2025,12,15,03,55,270,4.1,99,99,99,99,999,1022,12.6,15.2,999,99,99
2025,12,15,05,05,70,4.1,99,99,99,99,999,1021.3,12.6,15.2,999,99,99
2025,12,15,05,55,80,4.1,99,99,99,99,999,1021.9,12.8,15.3,999,99,99
2025,12,15,07,05,330,2.6,99,99,99,99,999,1022.9,12.3,15.3,999,99,99
2025,12,15,07,55,10,4.6,99,99,99,99,999,1022.8,11.6,15.3,999,99,99
2025,12,15,08,55,20,5.1,99,99,99,99,999,1022.8,11.3,15.2,999,99,99
2025,12,15,09,55,40,3.6,99,99,99,99,999,1022.9,11.1,15.2,999,99,99
2025,12,15,11,05,350,2.6,99,99,99,99,999,1023.6,11.2,15.2,999,99,99
2025,12,15,12,05,20,5.1,99,99,99,99,999,1023,10.9,15.3,999,99,99
2025,12,15,13,05,20,5.1,99,99,99,99,999,1022.9,9.4,15.4,999,99,99
2025,12,15,13,55,360,5.7,99,99,99,99,999,1022.9,9.4,15.4,999,99,99
2025,12,15,15,05,340,3.1,99,99,99,99,999,1023.8,10.3,15.3,999,99,99
2025,12,15,16,05,340,2.1,99,99,99,99,999,1024.8,11.2,15.3,999,99,99
2025,12,15,17,05,40,3.1,99,99,99,99,999,1024.4,11.3,15.3,999,99,99
2025,12,15,18,05,360,2.1,99,99,99,99,999,1025.3,10.6,15.4,999,99,99
2025,12,15,18,55,330,1.5,99,99,99,99,999,1025.6,10.8,15.4,999,99,99
2025,12,15,19,55,270,1,99,99,99,99,999,1024.9,12,15.4,999,99,99
2025,12,15,20,55,260,1.5,99,99,99,99,999,1024.4,12.5,15.5,999,99,99
2025,12,15,22,05,250,1.5,99,99,99,99,999,1023.7,13.1,15.5,999,99,99
2025,12,15,22,55,290,2.6,99,99,99,99,999,1023.4,13.5,15.5,999,99,99
2025,12,15,23,55,30,2.1,99,99,99,99,999,1022.8,13.6,15.5,999,99,99
2025,12,16,00,55,280,1.5,99,99,99,99,999,1022.8,13.8,15.4,999,99,99
2025,12,16,02,05,270,6.7,99,99,99,99,999,1023,14.7,15.4,999,99,99
2025,12,16,03,05,250,3.6,99,99,99,99,999,1023,14.6,15.5,999,99,99
2025,12,16,04,05,0,0,99,99,99,99,999,1022.9,14.8,15.4,999,99,99
2025,12,16,04,55,20,2.1,99,99,99,99,999,1023.1,14.8,15.4,999,99,99
2025,12,16,05,55,60,1.5,99,99,99,99,999,1023.4,14.4,15.4,999,99,99
2025,12,16,06,55,80,1,99,99,99,99,999,1023.7,14.6,15.3,999,99,99
2025,12,16,08,05,260,2.1,99,99,99,99,999,1023.8,14.5,15.3,999,99,99
2025,12,16,09,05,40,2.1,99,99,99,99,999,1023.4,14.1,15.4,999,99,99
2025,12,16,10,05,30,3.6,99,99,99,99,999,1023.6,13.6,15.4,999,99,99
2025,12,16,10,55,20,1.5,99,99,99,99,999,1023.8,13.4,15.4,999,99,99
2025,12,16,11,55,40,3.6,99,99,99,99,999,1023.4,13.2,15.3,999,99,99
2025,12,16,12,55,50,2.6,99,99,99,99,999,1023.4,13.4,15.3,999,99,99
2025,12,16,13,55,60,3.1,99,99,99,99,999,1023.2,13.1,15.3,999,99,99
2025,12,16,14,55,40,4.1,99,99,99,99,999,1023.7,12.6,15.2,999,99,99
2025,12,16,15,55,20,2.6,99,99,99,99,999,1024.3,12.9,15.2,999,99,99
2025,12,16,17,05,50,3.1,99,99,99,99,999,1024.5,13.2,15.2,999,99,99
2025,12,16,18,05,50,4.6,99,99,99,99,999,1024.3,13.4,15.3,999,99,99
2025,12,16,18,55,350,2.1,99,99,99,99,999,1024.2,14,15.3,999,99,99
2025,12,16,19,55,30,2.6,99,99,99,99,999,1022.7,15.3,15.4,999,99,99
2025,12,16,21,05,270,3.1,99,99,99,99,999,1022.1,14.9,15.4,999,99,99
2025,12,16,22,05,260,3.1,99,99,99,99,999,1021.4,15.2,15.5,999,99,99
2025,12,16,23,05,250,1.5,99,99,99,99,999,1020.9,15.4,15.4,999,99,99
2025,12,17,00,05,250,2.6,99,99,99,99,999,1021.3,15.3,15.4,999,99,99
2025,12,17,01,05,250,7.2,99,99,99,99,999,1021.1,15.6,15.4,999,99,99
2025,12,17,02,05,260,4.1,99,99,99,99,999,1021.5,15.3,15.4,999,99,99
2025,12,17,03,05,280,6.2,99,99,99,99,999,1022,15.7,15.3,999,99,99
2025,12,17,04,05,320,3.6,99,99,99,99,999,1022.3,15.6,15.3,999,99,99
2025,12,17,04,55,30,1.5,99,99,99,99,999,1022.4,15.3,15.3,999,99,99
2025,12,17,06,05,70,2.1,99,99,99,99,999,1022.5,15.2,15.3,999,99,99
2025,12,17,06,55,90,2.1,99,99,99,99,999,1022.3,15.2,15.3,999,99,99
2025,12,17,07,55,290,3.6,99,99,99,99,999,1022.5,15.2,15.3,999,99,99
2025,12,17,08,55,290,1,99,99,99,99,999,1022.4,14.5,15.3,999,99,99
2025,12,17,09,55,260,2.6,99,99,99,99,999,1022.5,15.1,15.3,999,99,99
2025,12,17,11,05,270,2.6,99,99,99,99,999,1023,14.8,15.3,999,99,99
2025,12,17,11,55,260,2.6,99,99,99,99,999,1023,15.2,15.3,999,99,99
2025,12,17,12,55,270,2.1,99,99,99,99,999,1023,15.1,15.3,999,99,99
2025,12,17,13,55,280,5.1,99,99,99,99,999,1023.4,14.9,15.3,999,99,99
2025,12,17,14,55,350,1.5,99,99,99,99,999,1023.8,14.3,15.3,999,99,99
2025,12,17,15,55,90,2.1,99,99,99,99,999,1023.8,14.4,15.3,999,99,99
2025,12,17,16,55,140,0.5,99,99,99,99,999,1024.5,14.9,15.3,999,99,99
2025,12,17,17,55,330,1.5,99,99,99,99,999,1025.4,15,15.3,999,99,99
2025,12,17,19,05,10,1.5,99,99,99,99,999,1024.5,14,15.4,999,99,99
2025,12,17,20,05,330,1,99,99,99,99,999,1023.9,14.3,15.5,999,99,99
2025,12,17,20,55,0,0,99,99,99,99,999,1022.7,14.6,15.6,999,99,99
2025,12,17,21,55,290,1.5,99,99,99,99,999,1021.9,14.9,15.6,999,99,99
2025,12,17,22,55,240,4.1,99,99,99,99,999,1021.4,15.1,15.8,999,99,99
2025,12,17,23,55,260,5.7,99,99,99,99,999,1020.8,14.8,15.5,999,99,99
2025,12,18,00,55,260,6.7,99,99,99,99,999,1020.2,14.8,15.4,999,99,99
2025,12,18,01,55,270,6.7,99,99,99,99,999,1021.2,14.8,15.3,999,99,99
2025,12,18,02,55,280,8.2,99,99,99,99,999,1020.9,14.6,15.3,999,99,99
2025,12,18,03,55,280,4.1,99,99,99,99,999,1021.3,14.2,15.3,999,99,99
2025,12,18,04,55,290,4.6,99,99,99,99,999,1021.3,14.2,15.2,999,99,99
2025,12,18,06,05,340,3.6,99,99,99,99,999,1021.1,14.1,15.2,999,99,99
2025,12,18,07,05,350,1.5,99,99,99,99,999,1021.1,14.1,15.2,999,99,99
2025,12,18,07,55,250,2.6,99,99,99,99,999,1021.2,14.2,15.2,999,99,99
2025,12,18,09,05,280,4.1,99,99,99,99,999,1020.3,13.9,15.2,999,99,99
2025,12,18,10,05,300,1.5,99,99,99,99,999,1019.9,13.6,15.2,999,99,99
2025,12,18,11,05,300,1.5,99,99,99,99,999,1020.1,13.8,15.2,999,99,99
2025,12,18,12,05,320,1,99,99,99,99,999,1019.9,13.6,15.3,999,99,99
2025,12,18,13,05,350,1.5,99,99,99,99,999,1020,13.4,15.3,999,99,99
2025,12,18,14,05,340,4.1,99,99,99,99,999,1020.6,13.1,15.3,999,99,99
2025,12,18,15,05,30,3.1,99,99,99,99,999,1021,12.3,15.3,999,99,99
2025,12,18,16,05,360,3.1,99,99,99,99,999,1021.4,12.7,15.2,999,99,99
2025,12,18,16,55,360,3.6,99,99,99,99,999,1021.7,13.4,15.2,999,99,99
2025,12,18,18,05,350,2.6,99,99,99,99,999,1022.3,13.4,15.2,999,99,99
2025,12,18,19,05,310,2.1,99,99,99,99,999,1022.3,13.5,15.2,999,99,99
2025,12,18,20,05,290,3.1,99,99,99,99,999,1021.6,13.6,15.2,999,99,99
2025,12,18,21,05,260,3.6,99,99,99,99,999,1020.6,13.6,15.2,999,99,99
2025,12,18,22,05,260,4.1,99,99,99,99,999,1020.1,13.8,15.2,999,99,99
2025,12,18,23,05,270,5.7,99,99,99,99,999,1019.9,13.3,15.1,999,99,99
2025,12,18,23,55,270,5.7,99,99,99,99,999,1019.6,13.9,15.1,999,99,99
2025,12,19,00,55,260,5.1,99,99,99,99,999,1019.3,13.8,15.1,999,99,99
2025,12,19,01,55,270,8.2,99,99,99,99,999,1019.3,13.9,15,999,99,99
2025,12,19,02,55,270,8.8,99,99,99,99,999,1019.2,14.1,14.9,999,99,99
2025,12,19,03,55,280,7.2,99,99,99,99,999,1019.4,14.1,14.9,999,99,99
2025,12,19,04,55,270,6.2,99,99,99,99,999,1019.6,14,14.9,999,99,99
2025,12,19,05,55,280,4.1,99,99,99,99,999,1019.8,14.6,14.9,999,99,99
2025,12,19,07,05,350,4.1,99,99,99,99,999,1020.3,13.6,15,999,99,99
2025,12,19,07,55,20,5.1,99,99,99,99,999,1020.3,13.3,15,999,99,99
2025,12,19,08,55,60,5.1,99,99,99,99,999,1019.6,13.1,15.1,999,99,99
2025,12,19,10,05,40,3.6,99,99,99,99,999,1019.8,13.7,15.1,999,99,99
2025,12,19,11,05,10,2.6,99,99,99,99,999,1019.9,13.4,15.1,999,99,99
2025,12,19,12,05,30,3.6,99,99,99,99,999,1019.7,13.3,15,999,99,99
2025,12,19,13,05,40,4.1,99,99,99,99,999,1019.4,12.5,15,999,99,99
2025,12,19,14,05,50,4.1,99,99,99,99,999,1019.6,12,15,999,99,99
2025,12,19,15,05,50,5.1,99,99,99,99,999,1019.9,12.5,15,999,99,99
2025,12,19,16,05,50,5.1,99,99,99,99,999,1020.2,12.2,15,999,99,99
2025,12,19,17,05,60,5.7,99,99,99,99,999,1019.8,12.2,14.8,999,99,99
2025,12,19,18,05,60,3.1,99,99,99,99,999,1020.1,13.2,14.7,999,99,99
2025,12,19,19,05,20,5.1,99,99,99,99,999,1020.4,12.8,14.7,999,99,99
2025,12,19,20,05,50,0.5,99,99,99,99,999,1019.7,13.4,14.7,999,99,99
2025,12,19,21,05,50,0.5,99,99,99,99,999,1019.2,14,14.7,999,99,99
2025,12,19,22,05,10,1,99,99,99,99,999,1019.2,14.5,14.7,999,99,99
2025,12,20,02,15,120,1.5,99,99,99,99,999,1018.8,14.9,14.5,999,99,99
2025,12,20,03,05,110,2.1,99,99,99,99,999,1018.9,15.1,14.6,999,99,99
2025,12,20,04,05,0,0,99,99,99,99,999,1019.3,15.5,14.6,999,99,99
2025,12,20,05,05,190,1.5,99,99,99,99,999,1019.3,15.1,14.6,999,99,99
2025,12,20,06,05,170,1,99,99,99,99,999,1019.3,15,14.6,999,99,99
2025,12,20,07,05,120,1,99,99,99,99,999,1019.7,14.7,14.6,999,99,99
2025,12,20,08,05,120,1,99,99,99,99,999,1019.3,14.8,14.7,999,99,99
2025,12,20,09,05,140,3.1,99,99,99,99,999,1019.2,14.7,14.8,999,99,99
2025,12,20,10,05,140,2.6,99,99,99,99,999,1019.5,14.7,14.7,999,99,99
2025,12,20,11,05,130,2.6,99,99,99,99,999,1019.8,14.5,14.7,999,99,99
2025,12,20,12,05,130,2.6,99,99,99,99,999,1019.6,14.5,14.8,999,99,99
2025,12,20,13,05,100,2.6,99,99,99,99,999,1019.6,14.7,14.8,999,99,99
2025,12,20,14,05,70,3.6,99,99,99,99,999,1019.1,13.9,14.9,999,99,99
2025,12,20,15,05,70,2.6,99,99,99,99,999,1019.5,14.3,14.9,999,99,99
2025,12,20,16,05,60,2.1,99,99,99,99,999,1019.8,14.2,15,999,99,99
2025,12,20,17,05,70,3.1,99,99,99,99,999,1019.9,13.6,15,999,99,99
2025,12,20,18,05,70,3.1,99,99,99,99,999,1019.8,13.5,15,999,99,99
2025,12,20,19,05,60,2.6,99,99,99,99,999,1020.1,13.6,14.9,999,99,99
2025,12,20,20,05,80,2.1,99,99,99,99,999,1019.4,13.8,14.9,999,99,99
2025,12,20,21,05,70,1.5,99,99,99,99,999,1018.8,14.4,15,999,99,99
2025,12,20,22,05,30,1.5,99,99,99,99,999,1018.7,14.4,15,999,99,99
2025,12,20,23,05,100,1,99,99,99,99,999,1018.5,14.6,15,999,99,99
2025,12,21,00,05,170,2.6,99,99,99,99,999,1018.2,14.7,14.9,999,99,99
2025,12,21,01,05,150,2.1,99,99,99,99,999,1017.8,14.5,14.7,999,99,99
2025,12,21,02,05,160,2.6,99,99,99,99,999,1017.9,14.4,14.7,999,99,99
2025,12,21,03,05,160,3.1,99,99,99,99,999,1018.3,14.4,14.7,999,99,99
2025,12,21,04,05,150,4.1,99,99,99,99,999,1018.2,14.4,14.6,999,99,99
2025,12,21,05,05,160,4.1,99,99,99,99,999,1018.3,14.6,14.6,999,99,99
2025,12,21,06,05,160,3.1,99,99,99,99,999,1018.3,14.8,14.6,999,99,99
2025,12,21,07,05,160,5.1,99,99,99,99,999,1018.3,15.2,14.6,999,99,99
2025,12,21,08,05,150,5.7,99,99,99,99,999,1017.8,15.1,14.7,999,99,99
2025,12,21,09,05,150,5.7,99,99,99,99,999,1017.8,15.2,14.7,999,99,99
2025,12,21,10,05,150,6.2,99,99,99,99,999,1017.4,15,14.6,999,99,99
2025,12,21,11,05,150,7.2,99,99,99,99,999,1017.3,14.8,14.6,999,99,99
2025,12,21,12,05,150,6.2,99,99,99,99,999,1017,14.8,14.6,999,99,99
2025,12,21,12,55,140,7.2,99,99,99,99,999,1016.8,14.9,14.6,999,99,99
2025,12,21,13,55,150,7.7,99,99,99,99,999,1016.9,14.9,14.6,999,99,99
2025,12,21,15,05,160,7.7,99,99,99,99,999,1017.3,14.9,14.6,999,99,99
2025,12,21,16,05,160,8.8,99,99,99,99,999,1017.6,14.9,14.6,999,99,99
2025,12,21,17,05,150,8.2,99,99,99,99,999,1018.1,14.8,14.6,999,99,99
2025,12,21,18,05,150,6.7,99,99,99,99,999,1018.3,14.8,14.6,999,99,99
2025,12,21,19,05,150,6.7,99,99,99,99,999,1018.6,15,14.6,999,99,99
2025,12,21,20,05,160,6.7,99,99,99,99,999,1017.4,14.9,14.6,999,99,99
2025,12,21,21,05,150,6.2,99,99,99,99,999,1016.6,14.8,14.6,999,99,99
2025,12,21,22,05,170,5.7,99,99,99,99,999,1016.2,14.9,14.5,999,99,99
2025,12,21,23,05,160,7.2,99,99,99,99,999,1016.5,15,14.5,999,99,99
2025,12,21,23,55,150,9.3,99,99,99,99,999,1016.3,15.2,14.5,999,99,99
2025,12,22,00,55,160,8.2,99,99,99,99,999,1017,15.3,14.4,999,99,99
2025,12,22,01,55,150,7.7,99,99,99,99,999,1017.2,15.4,14.4,999,99,99
2025,12,22,02,55,150,7.7,99,99,99,99,999,1017.4,15.4,14.4,999,99,99
2025,12,22,03,55,160,8.8,99,99,99,99,999,1017.4,15.5,14.4,999,99,99
2025,12,22,04,55,150,7.7,99,99,99,99,999,1017.4,15.5,14.4,999,99,99
2025,12,22,05,55,150,6.7,99,99,99,99,999,1017.4,15.5,14.4,999,99,99
2025,12,22,06,55,150,6.7,99,99,99,99,999,1017.5,15.5,14.4,999,99,99
2025,12,22,07,55,150,7.2,99,99,99,99,999,1017.5,15.5,14.3,999,99,99
2025,12,22,09,05,140,5.1,99,99,99,99,999,1017.1,15.5,14.2,999,99,99
2025,12,22,10,05,150,7.7,99,99,99,99,999,1017.6,15.5,14.2,999,99,99
2025,12,22,11,05,150,8.2,99,99,99,99,999,1017.5,15.4,14.4,999,99,99
2025,12,22,11,55,140,8.2,99,99,99,99,999,1017.3,15.3,14.4,999,99,99
2025,12,22,12,55,140,5.7,99,99,99,99,999,1016.8,15.2,14.5,999,99,99
2025,12,22,13,55,130,3.6,99,99,99,99,999,1016.7,15.2,14.5,999,99,99
2025,12,22,14,55,70,2.1,99,99,99,99,999,1017.1,14.8,14.5,999,99,99
2025,12,22,16,05,150,6.2,99,99,99,99,999,1017.7,15,14.5,999,99,99
2025,12,22,17,05,160,6.2,99,99,99,99,999,1018.3,15.1,14.5,999,99,99
2025,12,22,18,05,150,4.6,99,99,99,99,999,1018.1,15,14.4,999,99,99
2025,12,22,18,55,50,6.2,99,99,99,99,999,1016.9,14.7,14.5,999,99,99
2025,12,22,19,55,10,4.1,99,99,99,99,999,1016.1,14.2,14.5,999,99,99
2025,12,22,20,55,330,1,99,99,99,99,999,1015.3,14.8,14.6,999,99,99
2025,12,22,22,05,270,1,99,99,99,99,999,1014.9,15.1,14.8,999,99,99
2025,12,22,23,05,250,0.5,99,99,99,99,999,1014.4,15,14.8,999,99,99
2025,12,23,00,05,240,2.6,99,99,99,99,999,1014.2,14.8,14.8,999,99,99
2025,12,23,01,05,210,2.1,99,99,99,99,999,1014,14.5,14.8,999,99,99
2025,12,23,02,05,180,2.6,99,99,99,99,999,1013.9,14.1,14.8,999,99,99
2025,12,23,03,05,160,3.1,99,99,99,99,999,1013.6,14.2,14.8,999,99,99
2025,12,23,04,05,170,3.1,99,99,99,99,999,1013.6,14.6,14.8,999,99,99
2025,12,23,05,05,150,2.1,99,99,99,99,999,1013.2,14.7,14.8,999,99,99
2025,12,23,06,05,40,2.1,99,99,99,99,999,1012.9,14.4,14.7,999,99,99
2025,12,23,06,55,30,2.6,99,99,99,99,999,1012.3,14.2,14.7,999,99,99
2025,12,23,07,55,70,2.1,99,99,99,99,999,1011.6,14.1,14.7,999,99,99
2025,12,23,09,05,70,2.6,99,99,99,99,999,1011,13.9,14.7,999,99,99
2025,12,23,10,05,70,3.1,99,99,99,99,999,1010.9,14.1,14.8,999,99,99
2025,12,23,11,05,80,3.6,99,99,99,99,999,1010.6,14.4,14.7,999,99,99
2025,12,23,11,55,90,3.1,99,99,99,99,999,1010.4,14.2,14.7,999,99,99
2025,12,23,12,55,150,6.7,99,99,99,99,999,1009.9,14.8,14.7,999,99,99
2025,12,23,13,55,60,3.6,99,99,99,99,999,1009.9,14.1,14.5,999,99,99
2025,12,23,14,55,70,4.6,99,99,99,99,999,1009.9,13.2,14.5,999,99,99
2025,12,23,15,55,50,3.1,99,99,99,99,999,1009.9,13.2,14.5,999,99,99
2025,12,23,17,05,150,7.2,99,99,99,99,999,1010.1,15.1,14.5,999,99,99
2025,12,23,17,55,80,3.1,99,99,99,99,999,1010.4,15.4,14.7,999,99,99
2025,12,23,18,55,80,3.1,99,99,99,99,999,1010,15.1,14.7,999,99,99
2025,12,23,19,55,80,3.1,99,99,99,99,999,1009,15.2,14.7,999,99,99
2025,12,23,21,05,150,10.3,99,99,99,99,999,1007,15.7,14.7,999,99,99
2025,12,23,22,05,130,8.2,99,99,99,99,999,1006.1,15.1,14.7,999,99,99
2025,12,23,22,55,170,5.7,99,99,99,99,999,1005.7,16,14.6,999,99,99
2025,12,23,23,55,140,9.3,99,99,99,99,999,1004.8,16.1,14.7,999,99,99
2025,12,24,01,05,150,8.8,99,99,99,99,999,1005,15.2,14.7,999,99,99
2025,12,24,02,05,50,5.1,99,99,99,99,999,1004.8,15.5,14.6,999,99,99
2025,12,24,04,15,120,7.7,99,99,99,99,999,1003.4,17.4,14.5,999,99,99
2025,12,24,04,55,120,13.4,99,99,99,99,999,1003.3,17.4,14.5,999,99,99
2025,12,24,06,05,110,11.3,99,99,99,99,999,1002.8,16.6,14.5,999,99,99
2025,12,24,07,05,80,6.7,99,99,99,99,999,1001.9,16.5,14.6,999,99,99
2025,12,24,08,05,120,4.6,99,99,99,99,999,1001.8,16.7,14.5,999,99,99
2025,12,24,09,05,140,13.4,99,99,99,99,999,1000.2,18.1,14.4,999,99,99
2025,12,24,10,05,140,12.9,99,99,99,99,999,999,18.9,14.2,999,99,99
2025,12,24,11,05,140,20.1,99,99,99,99,999,1000.3,16.2,14.2,999,99,99
2025,12,24,11,55,170,11.3,99,99,99,99,999,1002.1,14.1,14.2,999,99,99
2025,12,24,12,55,190,9.8,99,99,99,99,999,1002.3,14.7,14,999,99,99
2025,12,24,13,55,210,5.1,99,99,99,99,999,1002.9,14.2,13.9,999,99,99
2025,12,24,15,05,220,5.7,99,99,99,99,999,1004.1,14,13.9,999,99,99
2025,12,24,16,05,200,2.6,99,99,99,99,999,1004.8,13.9,13.9,999,99,99
2025,12,24,16,55,170,3.6,99,99,99,99,999,1006.2,13.9,13.9,999,99,99
2025,12,24,17,55,170,2.6,99,99,99,99,999,1006,13.9,13.8,999,99,99
2025,12,24,18,55,0,0,99,99,99,99,999,1006.2,14.1,13.9,999,99,99
2025,12,24,19,55,30,1,99,99,99,99,999,1005.4,14,14.2,999,99,99
2025,12,24,20,55,0,0,99,99,99,99,999,1004.8,14.3,14.2,999,99,99
2025,12,24,21,55,40,2.6,99,99,99,99,999,1004.1,14.3,14.3,999,99,99
2025,12,24,22,55,60,1.5,99,99,99,99,999,1004,14.4,14.4,999,99,99
2025,12,25,00,05,130,7.2,99,99,99,99,999,1003.7,15.8,14.4,999,99,99
2025,12,25,00,55,130,9.8,99,99,99,99,999,1003.5,15.7,14.5,999,99,99
2025,12,25,02,05,130,10.8,99,99,99,99,999,1004,15.6,14.5,999,99,99
2025,12,25,03,05,130,10.8,99,99,99,99,999,1004.4,15.4,14.5,999,99,99
2025,12,25,03,55,130,12.4,99,99,99,99,999,1004.6,15.7,14.5,999,99,99
2025,12,25,05,05,140,11.3,99,99,99,99,999,1004.9,15.4,14.5,999,99,99
2025,12,25,05,55,130,13.4,99,99,99,99,999,1005.1,14.9,14.4,999,99,99
2025,12,25,06,55,140,10.8,99,99,99,99,999,1005.2,15.6,14.4,999,99,99
2025,12,25,08,05,130,10.3,99,99,99,99,999,1004.7,15.7,14.4,999,99,99
2025,12,25,08,55,130,19,99,99,99,99,999,1004.5,15.6,14.4,999,99,99
2025,12,25,09,55,130,13.9,99,99,99,99,999,1004.4,14.8,14.4,999,99,99
2025,12,25,10,55,150,13.4,99,99,99,99,999,1003.6,15.8,14.4,999,99,99
2025,12,25,11,55,150,15.4,99,99,99,99,999,1004.7,15.3,14.4,999,99,99
2025,12,25,12,55,170,16,99,99,99,99,999,1005.6,15.2,14.4,999,99,99
2025,12,25,13,55,170,13.9,99,99,99,99,999,1007,14.5,14.4,999,99,99
2025,12,25,14,55,170,12.9,99,99,99,99,999,1008.1,14.9,14.5,999,99,99
2025,12,25,15,55,160,11.3,99,99,99,99,999,1009.1,14.8,14.4,999,99,99
2025,12,25,16,55,160,6.7,99,99,99,99,999,1010.8,14.7,14.3,999,99,99
2025,12,25,17,55,150,9.3,99,99,99,99,999,1011.7,15.1,14.4,999,99,99
2025,12,25,18,55,150,12.4,99,99,99,99,999,1011.9,14.9,14.5,999,99,99
2025,12,25,19,55,140,10.8,99,99,99,99,999,1011.4,15.1,14.5,999,99,99
2025,12,25,21,05,140,14.4,99,99,99,99,999,1010.6,15.2,14.5,999,99,99
2025,12,25,22,05,140,8.8,99,99,99,99,999,1010.1,14.9,14.6,999,99,99
2025,12,25,23,05,140,10.3,99,99,99,99,999,1009.8,15.3,14.5,999,99,99
2025,12,26,00,05,130,14.4,99,99,99,99,999,1009.8,15.3,14.5,999,99,99
2025,12,26,01,05,140,13.9,99,99,99,99,999,1009.5,15.5,14.5,999,99,99
2025,12,26,02,05,140,8.8,99,99,99,99,999,1009.9,15.1,14.5,999,99,99
2025,12,26,03,05,160,11.8,99,99,99,99,999,1010.1,15.2,14.5,999,99,99
2025,12,26,04,05,160,12.4,99,99,99,99,999,1010.7,14.5,14.5,999,99,99
2025,12,26,05,05,150,10.8,99,99,99,99,999,1011.5,14.2,14.5,999,99,99
2025,12,26,06,05,150,8.2,99,99,99,99,999,1012.3,14.1,14.5,999,99,99
2025,12,26,07,05,160,9.8,99,99,99,99,999,1012.8,15,14.5,999,99,99
2025,12,26,07,55,160,6.7,99,99,99,99,999,1013.1,14.7,14.5,999,99,99
2025,12,26,08,55,160,11.3,99,99,99,99,999,1012.7,14.3,14.5,999,99,99
2025,12,26,10,05,170,7.7,99,99,99,99,999,1013.4,14.6,14.5,999,99,99
2025,12,26,11,05,180,7.2,99,99,99,99,999,1013.4,14.8,14.5,999,99,99
2025,12,26,11,55,180,5.7,99,99,99,99,999,1013.4,14,14.5,999,99,99
2025,12,26,12,55,160,9.8,99,99,99,99,999,1013.6,13.2,14.5,999,99,99
2025,12,26,13,55,180,9.8,99,99,99,99,999,1013.9,14.5,14.5,999,99,99
2025,12,26,14,55,200,2.6,99,99,99,99,999,1014.7,11.6,14.5,999,99,99
2025,12,26,15,55,180,7.7,99,99,99,99,999,1014.8,14.2,14.5,999,99,99
2025,12,26,16,55,160,10.8,99,99,99,99,999,1015.7,14,14.5,999,99,99
2025,12,26,18,05,160,8.2,99,99,99,99,999,1015.9,14.6,14.5,999,99,99
2025,12,26,19,05,170,8.8,99,99,99,99,999,1016.1,14.1,14.5,999,99,99
2025,12,26,20,05,160,8.2,99,99,99,99,999,1015.7,14.2,14.5,999,99,99
2025,12,26,21,05,170,10.3,99,99,99,99,999,1014.8,14.7,14.5,999,99,99
2025,12,26,22,05,160,8.8,99,99,99,99,999,1014.6,14.6,14.5,999,99,99
2025,12,26,23,05,170,8.2,99,99,99,99,999,1014.9,13.8,14.5,999,99,99
2025,12,27,00,05,160,9.3,99,99,99,99,999,1014.9,14,14.5,999,99,99
2025,12,27,01,05,220,9.8,99,99,99,99,999,1014.9,13.1,14.6,999,99,99
2025,12,27,01,55,200,5.1,99,99,99,99,999,1015.7,12.7,14.6,999,99,99
2025,12,27,02,55,300,3.1,99,99,99,99,999,1016.3,12.7,14.6,999,99,99
2025,12,27,03,55,270,6.2,99,99,99,99,999,1016.9,13.2,14.6,999,99,99
2025,12,27,04,55,280,4.6,99,99,99,99,999,1017.5,13.2,14.6,999,99,99
2025,12,27,05,55,280,4.6,99,99,99,99,999,1018,13,14.6,999,99,99
2025,12,27,06,55,290,5.7,99,99,99,99,999,1018.4,12.7,14.6,999,99,99
2025,12,27,07,55,300,3.1,99,99,99,99,999,1018.9,12.5,14.6,999,99,99
2025,12,27,09,05,290,2.1,99,99,99,99,999,1018.9,12.6,14.6,999,99,99
2025,12,27,10,05,350,1.5,99,99,99,99,999,1019.4,12.4,14.6,999,99,99
2025,12,27,11,05,320,2.1,99,99,99,99,999,1019.7,12.2,14.6,999,99,99
2025,12,27,12,05,310,3.6,99,99,99,99,999,1019.7,11.8,14.5,999,99,99
2025,12,27,12,55,300,5.1,99,99,99,99,999,1020,11.9,14.5,999,99,99
2025,12,27,13,55,310,5.1,99,99,99,99,999,1020.5,11.8,14.5,999,99,99
2025,12,27,14,55,290,6.2,99,99,99,99,999,1021.1,12,14.5,999,99,99
2025,12,27,15,55,300,7.2,99,99,99,99,999,1021.7,12.1,14.5,999,99,99
2025,12,27,16,55,320,4.1,99,99,99,99,999,1022.5,12.2,14.4,999,99,99
2025,12,27,17,55,300,4.1,99,99,99,99,999,1023.1,12.3,14.4,999,99,99
2025,12,27,18,55,320,3.1,99,99,99,99,999,1023.1,12.4,14.4,999,99,99
2025,12,27,19,55,280,5.7,99,99,99,99,999,1022.3,12.6,14.4,999,99,99
2025,12,27,21,05,260,6.7,99,99,99,99,999,1021.6,12.5,14.4,999,99,99
2025,12,27,22,05,260,4.1,99,99,99,99,999,1021.4,12.6,14.4,999,99,99
2025,12,27,23,05,260,5.1,99,99,99,99,999,1021.7,12.6,14.4,999,99,99
2025,12,28,00,05,270,2.6,99,99,99,99,999,1022,12.9,14.4,999,99,99
2025,12,28,01,05,270,2.6,99,99,99,99,999,1022.1,13.1,14.4,999,99,99
2025,12,28,01,55,270,3.1,99,99,99,99,999,1022.5,13.4,14.4,999,99,99
2025,12,28,02,55,20,1.5,99,99,99,99,999,1023.1,13.4,14.4,999,99,99
2025,12,28,03,55,330,5.7,99,99,99,99,999,1023.5,12.8,14.4,999,99,99
2025,12,28,05,05,340,5.1,99,99,99,99,999,1023.9,12.3,14.4,999,99,99
2025,12,28,05,55,340,4.1,99,99,99,99,999,1024.8,12.3,14.4,999,99,99
2025,12,28,06,55,30,5.1,99,99,99,99,999,1024.7,11.7,14.4,999,99,99
2025,12,28,08,05,50,7.2,99,99,99,99,999,1024.5,11.8,14.4,999,99,99
2025,12,28,09,05,30,7.7,99,99,99,99,999,1024.6,12.1,14.4,999,99,99
2025,12,28,10,05,360,4.6,99,99,99,99,999,1025.2,11.4,14.4,999,99,99
2025,12,28,11,05,350,5.1,99,99,99,99,999,1025.3,11.5,14.4,999,99,99
2025,12,28,11,55,10,4.6,99,99,99,99,999,1024.7,11.6,14.4,999,99,99
2025,12,28,12,55,10,5.1,99,99,99,99,999,1025.2,10.5,14.4,999,99,99
2025,12,28,14,05,10,4.1,99,99,99,99,999,1025.5,9.9,14.4,999,99,99
2025,12,28,14,55,350,3.6,99,99,99,99,999,1026,10.2,14.4,999,99,99
2025,12,28,16,05,40,5.1,99,99,99,99,999,1026.7,10,14.4,999,99,99
2025,12,28,16,55,20,4.1,99,99,99,99,999,1027.1,9.5,14.4,999,99,99
2025,12,28,18,05,30,5.7,99,99,99,99,999,1026.9,9.7,14.4,999,99,99
2025,12,28,18,55,30,3.6,99,99,99,99,999,1026.7,10.1,14.4,999,99,99
2025,12,28,19,55,360,3.1,99,99,99,99,999,1026.2,11.4,14.4,999,99,99
2025,12,28,20,55,10,4.6,99,99,99,99,999,1025.3,12,14.5,999,99,99
2025,12,28,21,55,340,2.1,99,99,99,99,999,1024.2,12.7,14.5,999,99,99
2025,12,28,22,55,270,3.6,99,99,99,99,999,1024.2,12.8,14.5,999,99,99
2025,12,28,23,55,270,4.1,99,99,99,99,999,1023.8,13.2,14.5,999,99,99
2025,12,29,00,55,280,3.6,99,99,99,99,999,1023.5,13.7,14.4,999,99,99
2025,12,29,01,55,310,4.6,99,99,99,99,999,1023.3,14.2,14.4,999,99,99
2025,12,29,02,55,20,8.2,99,99,99,99,999,1023.2,13.6,14.4,999,99,99
2025,12,29,03,55,360,7.2,99,99,99,99,999,1023.7,13.1,14.4,999,99,99
2025,12,29,04,55,360,9.3,99,99,99,99,999,1023.6,13.2,14.4,999,99,99
2025,12,29,05,55,20,8.8,99,99,99,99,999,1023.9,12.6,14.4,999,99,99
2025,12,29,06,55,20,9.8,99,99,99,99,999,1024.1,12.2,14.3,999,99,99
2025,12,29,08,05,20,9.8,99,99,99,99,999,1023.9,12,14.3,999,99,99
2025,12,29,09,05,20,10.3,99,99,99,99,999,1024,11.7,14.3,999,99,99
2025,12,29,10,05,30,8.8,99,99,99,99,999,1023.9,11.3,14.4,999,99,99
2025,12,29,10,55,30,7.7,99,99,99,99,999,1024,11.2,14.4,999,99,99
2025,12,29,11,55,30,7.7,99,99,99,99,999,1023.9,11.2,14.4,999,99,99
2025,12,29,12,55,30,11.8,99,99,99,99,999,1023.1,11.8,14.5,999,99,99
2025,12,29,13,55,30,10.8,99,99,99,99,999,1023.1,12.2,14.4,999,99,99
2025,12,29,14,55,30,13.9,99,99,99,99,999,1023.7,12,14.4,999,99,99
2025,12,29,15,55,30,13.4,99,99,99,99,999,1023.8,11.8,14.4,999,99,99
2025,12,29,17,05,30,12.9,99,99,99,99,999,1025,11.4,14.4,999,99,99
2025,12,29,18,05,40,11.3,99,99,99,99,999,1025.6,12,14.4,999,99,99
2025,12,29,19,05,20,9.8,99,99,99,99,999,1025.3,13.4,14.4,999,99,99
2025,12,29,20,05,30,9.3,99,99,99,99,999,1024.3,14.1,14.4,999,99,99
2025,12,29,20,55,20,8.2,99,99,99,99,999,1023.7,15,14.4,999,99,99
2025,12,29,21,55,20,9.8,99,99,99,99,999,1022.6,15.5,14.4,999,99,99
2025,12,29,22,55,30,6.2,99,99,99,99,999,1022.6,16,14.5,999,99,99
2025,12,29,23,55,20,6.2,99,99,99,99,999,1022,16.2,14.5,999,99,99
2025,12,30,01,05,30,7.2,99,99,99,99,999,1022.1,16.1,14.5,999,99,99
2025,12,30,02,05,30,9.3,99,99,99,99,999,1022.2,15.7,14.5,999,99,99
2025,12,30,03,05,20,7.2,99,99,99,99,999,1022.4,15.2,14.4,999,99,99
2025,12,30,03,55,20,8.2,99,99,99,99,999,1022.8,14.7,14.4,999,99,99
2025,12,30,04,55,20,6.7,99,99,99,99,999,1022.7,14.5,14.4,999,99,99
2025,12,30,05,55,10,7.7,99,99,99,99,999,1023,14.4,14.4,999,99,99
2025,12,30,07,05,20,7.7,99,99,99,99,999,1022.7,13.4,14.4,999,99,99
2025,12,30,08,05,30,7.7,99,99,99,99,999,1022.2,13.7,14.4,999,99,99
2025,12,30,09,05,20,4.6,99,99,99,99,999,1022,13.4,14.4,999,99,99
2025,12,30,10,05,30,7.7,99,99,99,99,999,1021.8,12.7,14.4,999,99,99
2025,12,30,11,05,30,8.8,99,99,99,99,999,1021.5,12.4,14.4,999,99,99
2025,12,30,12,05,40,7.7,99,99,99,99,999,1021.3,12.6,14.4,999,99,99
2025,12,30,12,55,10,9.8,99,99,99,99,999,1020.8,12.4,14.4,999,99,99
2025,12,30,13,55,20,8.2,99,99,99,99,999,1020.4,12.9,14.4,999,99,99
2025,12,30,14,55,30,6.7,99,99,99,99,999,1020.8,12.8,14.4,999,99,99
2025,12,30,16,05,30,8.2,99,99,99,99,999,1021,13.2,14.4,999,99,99
2025,12,30,17,05,20,7.7,99,99,99,99,999,1021.5,13,14.3,999,99,99
2025,12,30,18,05,30,5.7,99,99,99,99,999,1022.3,13.9,14.3,999,99,99
2025,12,30,19,05,40,8.2,99,99,99,99,999,1020.8,14.3,14.3,999,99,99
2025,12,30,20,05,30,8.8,99,99,99,99,999,1020.5,14.2,14.3,999,99,99
2025,12,30,20,55,40,10.3,99,99,99,99,999,1020.2,14.8,14.3,999,99,99
2025,12,30,21,55,30,5.7,99,99,99,99,999,1019.5,14.9,14.2,999,99,99
2025,12,30,22,55,30,5.7,99,99,99,99,999,1019,15.3,14.3,999,99,99
2025,12,31,00,05,30,7.7,99,99,99,99,999,1018.4,15.5,14.3,999,99,99
2025,12,31,01,06,40,6.7,99,99,99,99,999,1018.7,15.1,14.2,999,99,99
2025,12,31,02,06,30,7.7,99,99,99,99,999,1018.7,15,14.2,999,99,99
2025,12,31,02,55,20,7.2,99,99,99,99,999,1018.8,14.8,14.2,999,99,99
2025,12,31,03,55,10,9.3,99,99,99,99,999,1018.3,14.5,14.2,999,99,99
2025,12,31,04,55,20,9.3,99,99,99,99,999,1018.5,14.3,14.2,999,99,99
2025,12,31,06,06,20,8.2,99,99,99,99,999,1018.5,13.8,14.2,999,99,99
2025,12,31,07,05,20,8.2,99,99,99,99,999,1018.1,13.9,14.2,999,99,99
2025,12,31,08,06,20,8.2,99,99,99,99,999,1017.8,13.8,14.2,999,99,99
2025,12,31,08,55,10,7.2,99,99,99,99,999,1017.1,14,14.2,999,99,99
2025,12,31,10,05,20,7.7,99,99,99,99,999,1017.2,14.4,14.2,999,99,99
2025,12,31,11,05,20,8.8,99,99,99,99,999,1017.2,14.6,14.2,999,99,99
2025,12,31,12,05,20,7.2,99,99,99,99,999,1017.1,14.7,14.2,999,99,99
2025,12,31,13,05,10,8.2,99,99,99,99,999,1016.5,14.4,14.2,999,99,99
2025,12,31,14,06,10,7.7,99,99,99,99,999,1016.2,14.2,14.2,999,99,99
2025,12,31,15,06,20,7.2,99,99,99,99,999,1015.8,14.8,14.2,999,99,99
2025,12,31,16,06,40,7.2,99,99,99,99,999,1016.3,14.5,14.2,999,99,99
2025,12,31,17,06,40,6.7,99,99,99,99,999,1016.8,14.8,14.2,999,99,99
2025,12,31,18,05,30,8.8,99,99,99,99,999,1017.2,13.9,14.2,999,99,99
2025,12,31,19,06,40,8.2,99,99,99,99,999,1016.8,13.4,14.2,999,99,99
2025,12,31,20,06,40,6.7,99,99,99,99,999,1016.4,12.7,14.3,999,99,99
2025,12,31,21,05,30,8.2,99,99,99,99,999,1014.9,12.9,14.3,999,99,99
2025,12,31,22,06,20,8.8,99,99,99,99,999,1013.3,12.8,14.3,999,99,99
2025,12,31,22,55,30,7.7,99,99,99,99,999,1012.9,12.9,14.3,999,99,99
